,id,date,Age,Sex,Jobstt,MaritalStt,Edu,height,weight,place,BMI,HealthIns,RecExam,RecPerExam,ReaExam,Wsttime,Wstmon,DiscDisease,Lessbelqual,NotImp,HthyPriority,ComSubsidy,Habit,FlwHealth,PerTrmt,AcqTrmt,StabHthStt,MedCabinet,Tooluseskills,ExpCare,ExamTools,UseMon,Tangibles,Reliability,Respon,Assurance,Empathy,StChoise,CHPerc,SuitFreq,AffCost,UseIT,AfterIT,SuffInfo,AttractInfo,ImpressInfo,PopularInfo,SuitExer,EvalExer,Age_gr
0,m00001,2016-09-19,19,female,student,unmarried,Grad,155.0,43.0,hanoi,17.89802289,yes,<12mo,<12mo,request,yes,yes,yes,no,yes,yes ,yes,no,yes,never,yes,yes,no,yes,yes,yes,partly ,2.0,2.0,2.0,2.0,1.0,selfstudy,quite,12m,low,yes,yes,4.0,3.0,2.0,4.0,210,disease_concern,18-29
1,m00002,2016-09-19,20,female,student,unmarried,Grad,158.0,42.0,hanoi,16.82422689,yes,unknown,unknown,request,no,no,no,no,no,yes ,no,yes,yes,never,yes,no,no,no,yes,yes,allsoon,2.0,3.0,1.0,2.0,1.0,clinic,bad,g18m,low,no,yes,1.0,1.0,3.0,2.0,unknown,symptoms,18-29
2,m00003,2016-09-19,24,female,unstable,unmarried,Grad,163.0,46.0,hanoi,17.31341037,yes,unknown,>24mo,request,no,no,no,no,no,yes ,no,yes,no,yes,yes,no,no,no,yes,yes,allsoon,1.0,1.0,4.0,2.0,3.0,askrel,bad,6m,low,no,no,2.0,2.0,1.0,5.0,210,symptoms,18-29
3,m00004,2016-09-19,20,female,student,unmarried,Grad,150.0,40.0,hanoi,17.77777778,yes,<12mo,<12mo,request,yes,yes,no,no,yes,yes ,yes,no,no,never,yes,yes,yes,yes,yes,no,partly ,3.0,3.0,2.0,3.0,2.0,selfstudy,quite,12m,low,yes,yes,4.0,2.0,3.0,1.0,unknown,symptoms,18-29
4,m00005,2016-09-19,23,male,stable,unmarried,Grad,165.0,50.0,hanoi,18.36547291,yes,12-24mo,12-24mo,volunteer,no,no,no,no,yes,yes ,no,no,yes,never,yes,yes,no,no,yes,no,partly ,3.0,3.0,3.0,3.0,3.0,selfstudy,quite,18m,med,yes,yes,3.0,3.0,4.0,2.0,840,symptoms,18-29
5,m00006,2016-09-19,19,female,student,unmarried,Grad,150.0,42.0,hanoi,18.66666667,yes,>24mo,12-24mo,volunteer,yes,yes,yes,yes,no,yes ,yes,no,no,never,yes,no,no,yes,yes,no,later,1.0,1.0,1.0,2.0,1.0,askrel,bad,12m,low,yes,yes,5.0,1.0,2.0,3.0,210,disease_concern,18-29
6,m00007,2016-09-19,20,male,student,unmarried,Grad,170.0,53.0,hanoi,18.33910035,yes,<12mo,12-24mo,disease_concern,no,no,yes,yes,yes,yes ,no,no,no,never,yes,yes,no,yes,yes,no,later,3.0,3.0,3.0,2.0,2.0,askrel,quite,12m,low,maybe,yes,4.0,4.0,3.0,4.0,720,disease_concern,18-29
7,m00008,2016-09-19,22,female,student,unmarried,Grad,158.0,50.0,hanoi,20.02884153,yes,12-24mo,12-24mo,symptoms,yes,yes,yes,no,yes,yes ,yes,no,no,never,never,yes,yes,no,no,yes,partly ,3.0,2.0,2.0,3.0,3.0,selfstudy,quite,6m,low,maybe,maybe,3.0,2.0,3.0,2.0,unknown,symptoms,18-29
8,m00009,2016-09-19,21,female,student,unmarried,Grad,153.0,41.0,hanoi,17.51463112,no,<12mo,unknown,symptoms,yes,yes,no,no,yes,yes ,yes,no,no,never,yes,yes,no,no,no,no,allsoon,5.0,4.0,4.0,5.0,5.0,askrel,bad,6m,hi,no,no,2.0,1.0,2.0,3.0,210,disease_concern,18-29
9,m00010,2016-09-19,48,female,other,married,High,150.0,50.0,hanoi,22.22222222,no,<12mo,<12mo,volunteer,no,no,no,no,no,yes ,no,yes,yes,never,yes,yes,no,yes,yes,yes,allsoon,1.0,2.0,1.0,2.0,1.0,clinic,bad,6m,hi,no,no,5.0,4.0,4.0,4.0,unknown,symptoms,40-49
10,m00011,2016-09-19,30,female,other,married,High,151.0,50.0,hanoi,21.92886277,yes,<12mo,unknown,symptoms,yes,yes,no,no,yes,yes ,yes,no,yes,yes,yes,yes,yes,yes,yes,yes,allsoon,3.0,4.0,1.0,4.0,2.0,selfstudy,unknown,12m,hi,yes,yes,4.0,3.0,4.0,4.0,unknown,symptoms,30-39
11,m00012,2016-09-19,33,male,stable,married,Middle,164.0,56.0,hanoi,20.82093992,no,<12mo,unknown,symptoms,yes,no,no,yes,yes,yes ,no,no,no,never,never,yes,no,no,no,no,later,4.0,4.0,3.0,4.0,4.0,clinic,unknown,g18m,low,yes,maybe,4.0,3.0,3.0,4.0,420,disease_concern,30-39
12,m00013,2016-09-19,31,female,stable,married,High,155.0,54.0,hanoi,22.47658689,yes,<12mo,<12mo,volunteer,yes,no,no,no,yes,yes ,yes,no,no,never,yes,no,no,yes,yes,yes,later,4.0,3.0,3.0,4.0,2.0,clinic,unknown,12m,low,no,no,3.0,4.0,3.0,3.0,unknown,symptoms,30-39
13,m00014,2016-09-19,20,female,other,married,Grad,160.0,60.0,hanoi,23.4375,yes,<12mo,<12mo,volunteer,no,no,no,no,yes,yes ,yes,yes,yes,never,never,yes,no,yes,yes,yes,allsoon,4.0,4.0,4.0,5.0,4.0,clinic,unknown,6m,low,yes,yes,4.0,3.0,5.0,4.0,210,disease_concern,18-29
14,m00015,2016-09-19,25,female,student,unmarried,Grad,160.0,49.0,hanoi,19.140625,yes,12-24mo,12-24mo,symptoms,yes,no,yes,yes,no,yes ,yes,yes,no,never,never,yes,yes,yes,yes,yes,allsoon,3.0,3.0,3.0,4.0,3.0,askrel,bad,6m,med,yes,yes,3.0,3.0,3.0,3.0,unknown,symptoms,18-29
15,m00016,2016-09-19,28,male,unstable,married,Middle,170.0,62.0,hanoi,21.4532872,no,<12mo,<12mo,volunteer,no,yes,yes,no,no,yes ,yes,no,yes,never,never,yes,no,yes,yes,yes,allsoon,5.0,3.0,2.0,3.0,4.0,askrel,bad,12m,med,maybe,yes,3.0,4.0,4.0,5.0,420,disease_concern,18-29
16,m00017,2016-09-19,28,male,stable,married,Grad,170.0,61.0,hanoi,21.10726644,yes,<12mo,12-24mo,symptoms,yes,yes,yes,no,yes,yes ,yes,yes,yes,yes,never,yes,yes,yes,yes,yes,allsoon,3.0,3.0,2.0,4.0,2.0,selfstudy,bad,12m,med,no,yes,4.0,3.0,4.0,4.0,490,disease_concern,18-29
17,m00018,2016-09-19,29,female,stable,married,Grad,160.0,52.0,hanoi,20.3125,no,<12mo,unknown,symptoms,yes,yes,yes,no,yes,yes ,yes,no,no,never,never,yes,yes,yes,no,yes,allsoon,5.0,5.0,4.0,5.0,5.0,clinic,unknown,6m,med,maybe,maybe,5.0,5.0,5.0,5.0,unknown,symptoms,18-29
18,m00019,2016-09-19,48,female,housewife,married,Middle,158.0,60.0,hanoi,24.03460984,no,<12mo,unknown,symptoms,no,no,no,no,yes,yes ,no,no,no,never,never,yes,yes,yes,yes,yes,later,4.0,5.0,4.0,4.0,5.0,clinic,unknown,6m,hi,yes,no,4.0,5.0,4.0,5.0,unknown,symptoms,40-49
19,m00020,2016-09-19,29,female,stable,married,Grad,155.0,63.0,hanoi,26.2226847,yes,<12mo,12-24mo,volunteer,no,yes,yes,yes,no,yes ,yes,yes,yes,never,yes,yes,yes,yes,yes,yes,allsoon,2.0,2.0,4.0,3.0,4.0,selfstudy,bad,12m,hi,yes,yes,3.0,3.0,2.0,3.0,240,symptoms,18-29
20,m00021,2016-09-19,42,male,stable,married,Middle,162.0,62.0,hanoi,23.62444749,yes,<12mo,<12mo,volunteer,no,no,no,no,no,yes ,no,yes,yes,never,never,yes,yes,yes,no,yes,allsoon,5.0,5.0,4.0,5.0,4.0,clinic,bad,6m,hi,yes,yes,3.0,2.0,4.0,1.0,420,disease_concern,40-49
21,m00022,2016-09-19,30,female,stable,married,Grad,160.0,60.0,hanoi,23.4375,yes,<12mo,<12mo,symptoms,no,no,no,no,no,yes ,no,yes,yes,never,never,yes,yes,yes,no,yes,allsoon,5.0,5.0,5.0,5.0,5.0,askrel,quite,12m,med,yes,yes,5.0,3.0,4.0,3.0,unknown,symptoms,30-39
22,m00023,2016-09-19,26,male,stable,married,Grad,170.0,66.0,hanoi,22.83737024,yes,<12mo,<12mo,request,no,no,no,no,yes,yes ,yes,yes,no,never,yes,yes,yes,yes,no,no,allsoon,5.0,4.0,5.0,5.0,5.0,clinic,bad,6m,low,yes,no,2.0,1.0,1.0,2.0,420,disease_concern,18-29
23,m00024,2016-09-19,33,female,stable,married,Grad,160.0,54.0,hanoi,21.09375,yes,<12mo,>24mo,volunteer,yes,no,no,no,no,yes ,no,yes,yes,never,never,yes,yes,no,no,yes,allsoon,3.0,3.0,1.0,4.0,2.0,clinic,bad,12m,med,yes,yes,3.0,3.0,3.0,3.0,210,symptoms,30-39
24,m00025,2016-09-19,21,female,unstable,married,Middle,160.0,51.0,hanoi,19.921875,yes,<12mo,<12mo,volunteer,yes,yes,yes,no,yes,yes ,yes,no,yes,never,never,yes,yes,yes,yes,no,allsoon,3.0,4.0,4.0,5.0,4.0,askrel,bad,12m,med,yes,yes,4.0,4.0,3.0,5.0,720,disease_concern,18-29
25,m00026,2016-09-19,29,female,stable,married,Grad,163.0,54.0,hanoi,20.32443826,yes,<12mo,<12mo,request,no,yes,no,no,no,yes ,yes,yes,yes,never,yes,yes,yes,yes,yes,yes,allsoon,4.0,3.0,4.0,3.0,4.0,askrel,quite,12m,hi,yes,yes,3.0,3.0,4.0,2.0,420,symptoms,18-29
26,m00027,2016-09-19,37,female,stable,married,Grad,163.0,50.0,hanoi,18.81892431,yes,<12mo,<12mo,volunteer,no,no,no,no,no,yes ,yes,yes,yes,never,never,yes,yes,yes,yes,no,allsoon,5.0,5.0,4.0,5.0,5.0,clinic,good,6m,low,no,yes,3.0,2.0,2.0,3.0,unknown,symptoms,30-39
27,m00028,2016-09-19,23,female,stable,married,Grad,162.0,48.0,hanoi,18.28989483,yes,<12mo,<12mo,volunteer,no,no,no,no,yes,yes ,no,yes,yes,never,never,yes,yes,yes,yes,yes,allsoon,5.0,5.0,4.0,5.0,5.0,clinic,quite,6m,hi,no,yes,5.0,4.0,5.0,5.0,420,symptoms,18-29
28,m00029,2016-09-19,26,female,stable,married,Middle,156.0,49.0,hanoi,20.13477975,yes,<12mo,<12mo,request,no,no,no,no,yes,yes ,yes,yes,yes,never,never,yes,yes,yes,no,yes,allsoon,4.0,3.0,5.0,5.0,5.0,clinic,unknown,6m,low,no,no,1.0,1.0,1.0,1.0,unknown,symptoms,18-29
29,m00030,2016-09-19,24,female,stable,married,Grad,161.0,48.0,hanoi,18.5178041,no,<12mo,unknown,volunteer,no,no,yes,no,yes,yes ,no,yes,yes,never,yes,yes,yes,yes,yes,yes,allsoon,3.0,4.0,4.0,4.0,5.0,clinic,bad,6m,low,yes,maybe,5.0,3.0,4.0,5.0,unknown,symptoms,18-29
30,m00031,2016-09-19,24,male,stable,unmarried,Grad,172.0,70.0,hanoi,23.66143862,yes,<12mo,12-24mo,request,yes,yes,yes,no,yes,yes ,yes,no,no,never,yes,yes,no,yes,yes,no,allsoon,3.0,2.0,1.0,4.0,2.0,selfstudy,unknown,12m,med,yes,yes,3.0,2.0,3.0,3.0,210,symptoms,18-29
31,m00032,2016-09-19,31,female,stable,married,PostGrad,160.0,58.0,hanoi,22.65625,yes,<12mo,12-24mo,symptoms,yes,yes,yes,no,yes,yes ,yes,no,no,yes,yes,yes,yes,yes,yes,yes,allsoon,4.0,5.0,4.0,5.0,5.0,selfstudy,bad,12m,med,maybe,yes,2.0,2.0,1.0,2.0,420,disease_concern,30-39
32,m00033,2016-09-19,30,male,unstable,married,Grad,160.0,50.0,hanoi,19.53125,yes,unknown,unknown,symptoms,yes,no,no,yes,yes,yes ,yes,no,no,never,never,yes,yes,yes,yes,no,later,4.0,4.0,4.0,4.0,5.0,selfstudy,quite,12m,low,maybe,yes,3.0,2.0,3.0,2.0,210,symptoms,30-39
33,m00034,2016-09-19,30,male,stable,married,Grad,164.0,56.0,hanoi,20.82093992,yes,<12mo,<12mo,volunteer,yes,no,yes,no,yes,yes ,yes,yes,yes,never,never,yes,no,no,yes,yes,allsoon,3.0,4.0,4.0,4.0,4.0,clinic,bad,6m,low,no,no,2.0,1.0,1.0,1.0,420,disease_concern,30-39
34,m00035,2016-09-19,21,female,unstable,unmarried,Grad,155.0,51.0,hanoi,21.22788762,yes,<12mo,unknown,symptoms,yes,yes,no,no,yes,yes ,no,no,no,never,yes,yes,no,yes,yes,yes,later,5.0,4.0,2.0,4.0,4.0,selfstudy,bad,12m,low,yes,yes,3.0,3.0,3.0,3.0,unknown,symptoms,18-29
35,m00036,2016-09-19,21,female,stable,unmarried,Grad,160.0,48.0,hanoi,18.75,yes,<12mo,<12mo,volunteer,no,no,yes,no,no,yes ,yes,yes,yes,never,yes,yes,yes,yes,yes,yes,allsoon,4.0,4.0,4.0,3.0,5.0,clinic,bad,6m,hi,yes,yes,4.0,3.0,4.0,3.0,unknown,symptoms,18-29
36,m00037,2016-09-19,26,female,stable,married,Middle,161.0,60.0,hanoi,23.14725512,yes,<12mo,<12mo,volunteer,no,no,no,no,yes,yes ,yes,yes,no,never,never,yes,yes,yes,yes,no,later,4.0,5.0,4.0,4.0,5.0,clinic,good,6m,med,yes,yes,3.0,3.0,4.0,3.0,unknown,symptoms,18-29
37,m00038,2016-09-20,28,male,stable,married,Grad,165.0,53.0,hanoi,19.46740129,yes,12-24mo,12-24mo,request,yes,no,no,no,yes,yes ,no,yes,yes,never,never,yes,yes,yes,yes,yes,later,3.0,4.0,5.0,4.0,4.0,clinic,bad,6m,med,no,yes,4.0,3.0,3.0,2.0,unknown,disease_concern,18-29
38,m00039,2016-09-20,24,female,stable,married,Grad,160.0,52.0,hanoi,20.3125,yes,<12mo,<12mo,symptoms,yes,no,no,no,yes,yes ,no,no,yes,never,never,yes,no,yes,no,yes,allsoon,4.0,5.0,5.0,4.0,5.0,selfstudy,bad,12m,med,maybe,yes,1.0,1.0,1.0,2.0,310,symptoms,18-29
39,m00040,2016-09-20,25,female,stable,unmarried,Grad,162.0,46.0,hanoi,17.52781588,no,<12mo,<12mo,volunteer,yes,no,yes,no,yes,yes ,yes,yes,yes,yes,never,yes,yes,yes,yes,yes,allsoon,5.0,5.0,5.0,5.0,5.0,clinic,bad,6m,hi,yes,yes,4.0,5.0,3.0,3.0,420,disease_concern,18-29
40,m00041,2016-09-20,18,female,stable,married,Middle,158.0,52.0,quangninh,20.82999519,yes,<12mo,<12mo,symptoms,no,no,no,no,no,yes ,no,yes,yes,yes,yes,no,yes,yes,yes,yes,allsoon,2.0,5.0,2.0,4.0,3.0,askrel,quite,12m,med,yes,yes,4.0,4.0,5.0,4.0,210,symptoms,18-29
41,m00042,2016-09-20,58,female,housewife,married,High,155.0,53.0,hanoi,22.0603538,yes,<12mo,<12mo,symptoms,yes,yes,no,no,no,yes ,yes,no,yes,yes,yes,yes,yes,yes,yes,yes,allsoon,4.0,5.0,5.0,5.0,5.0,askrel,bad,6m,hi,no,no,3.0,3.0,3.0,4.0,420,disease_concern,>=50
42,m00043,2016-09-20,45,male,other,married,High,155.0,45.0,hanam,18.73048907,no,unknown,unknown,symptoms,yes,yes,no,no,yes,yes ,no,no,no,never,yes,yes,yes,no,no,no,later,5.0,5.0,4.0,5.0,5.0,clinic,quite,6m,hi,no,no,3.0,1.0,2.0,2.0,unknown,symptoms,40-49
43,m00044,2016-09-20,37,male,stable,married,Middle,165.0,67.0,hanoi,24.6097337,yes,<12mo,unknown,symptoms,no,no,no,no,yes,yes ,no,no,no,never,never,yes,yes,yes,no,no,allsoon,3.0,4.0,5.0,4.0,4.0,askrel,bad,6m,med,no,yes,4.0,4.0,5.0,5.0,unknown,symptoms,30-39
44,m00045,2016-09-20,25,female,stable,married,Grad,160.0,45.0,hanoi,17.578125,yes,<12mo,<12mo,volunteer,no,no,no,no,yes,no,yes,yes,yes,never,never,yes,yes,yes,yes,no,later,5.0,4.0,4.0,4.0,3.0,askrel,bad,6m,hi,maybe,maybe,4.0,2.0,3.0,3.0,630,symptoms,18-29
45,m00046,2016-09-20,28,male,stable,married,Grad,173.0,68.0,hanoi,22.72043837,yes,unknown,12-24mo,request,yes,no,no,no,no,yes ,yes,yes,yes,never,never,yes,yes,yes,yes,yes,allsoon,4.0,4.0,3.0,5.0,4.0,selfstudy,unknown,6m,med,no,yes,3.0,2.0,2.0,3.0,420,disease_concern,18-29
46,m00047,2016-09-20,24,male,stable,married,Grad,166.0,54.0,hanoi,19.59645812,yes,<12mo,<12mo,symptoms,no,no,no,no,yes,yes ,yes,yes,yes,yes,yes,yes,yes,yes,yes,yes,partly ,3.0,4.0,5.0,3.0,4.0,askrel,quite,6m,med,yes,yes,2.0,2.0,3.0,4.0,420,symptoms,18-29
47,m00048,2016-09-20,31,male,stable,married,Grad,160.0,61.0,hanoi,23.828125,yes,>24mo,>24mo,volunteer,yes,no,no,no,yes,yes ,no,no,yes,never,yes,yes,yes,yes,yes,no,later,3.0,3.0,2.0,3.0,3.0,selfstudy,bad,6m,low,no,yes,4.0,2.0,4.0,3.0,420,disease_concern,30-39
48,m00049,2016-09-20,24,female,unstable,married,Grad,150.0,48.0,hanoi,21.33333333,yes,<12mo,<12mo,volunteer,no,no,no,no,yes,yes ,yes,no,yes,never,never,yes,yes,yes,yes,yes,allsoon,4.0,3.0,3.0,3.0,4.0,askrel,bad,12m,med,maybe,yes,2.0,4.0,2.0,4.0,315,symptoms,18-29
49,m00050,2016-09-20,24,female,stable,married,Middle,153.0,40.0,hanoi,17.087445,yes,<12mo,<12mo,volunteer,no,no,no,no,yes,yes ,no,yes,yes,never,never,yes,yes,yes,no,yes,later,2.0,1.0,3.0,3.0,1.0,clinic,bad,6m,hi,no,yes,1.0,1.0,2.0,1.0,210,disease_concern,18-29
50,m00051,2016-09-20,32,female,stable,married,Middle,155.0,49.0,hanoi,20.39542144,yes,<12mo,>24mo,volunteer,yes,no,yes,no,yes,yes ,no,no,yes,never,yes,yes,yes,yes,yes,yes,later,4.0,3.0,4.0,4.0,4.0,selfstudy,bad,6m,hi,no,yes,2.0,1.0,2.0,4.0,420,disease_concern,30-39
51,m00052,2016-09-20,27,female,unstable,unmarried,Grad,157.0,48.0,hanoi,19.47340663,yes,<12mo,<12mo,volunteer,yes,yes,no,no,yes,yes ,yes,no,yes,never,yes,yes,yes,yes,yes,no,allsoon,3.0,3.0,2.0,4.0,3.0,selfstudy,bad,6m,hi,yes,yes,2.0,1.0,2.0,2.0,105,symptoms,18-29
52,m00053,2016-09-20,24,female,stable,unmarried,Grad,160.0,45.0,hanoi,17.578125,yes,<12mo,<12mo,volunteer,yes,no,no,no,yes,yes ,no,yes,yes,never,never,yes,yes,yes,yes,yes,allsoon,3.0,5.0,4.0,5.0,5.0,selfstudy,unknown,6m,med,no,maybe,1.0,2.0,3.0,1.0,unknown,symptoms,18-29
53,m00054,2016-09-20,30,male,stable,married,Grad,172.0,66.0,hanoi,22.30935641,yes,12-24mo,unknown,symptoms,no,no,no,no,no,yes ,yes,yes,no,yes,yes,yes,yes,no,no,no,allsoon,5.0,5.0,5.0,5.0,5.0,selfstudy,bad,12m,hi,yes,yes,3.0,2.0,5.0,3.0,840,symptoms,30-39
54,m00055,2016-09-20,27,male,stable,married,Grad,173.0,60.0,hanoi,20.04744562,yes,<12mo,<12mo,symptoms,yes,no,no,no,yes,yes ,no,no,yes,never,never,yes,yes,no,yes,no,allsoon,3.0,4.0,4.0,4.0,4.0,clinic,bad,12m,med,no,yes,1.0,1.0,1.0,1.0,unknown,symptoms,18-29
55,m00056,2016-09-20,29,female,stable,married,High,150.0,50.0,haiduong,22.22222222,yes,<12mo,<12mo,symptoms,yes,yes,no,no,yes,no,no,yes,no,yes,never,yes,no,yes,yes,no,later,2.0,3.0,4.0,4.0,2.0,clinic,quite,12m,low,no,no,3.0,1.0,2.0,2.0,unknown,symptoms,18-29
56,m00057,2016-09-20,46,female,housewife,married,Middle,161.0,54.0,hanoi,20.83252961,yes,<12mo,>24mo,symptoms,yes,yes,yes,no,yes,yes ,yes,no,no,never,yes,no,yes,yes,yes,yes,allsoon,5.0,5.0,5.0,5.0,5.0,askrel,bad,6m,hi,no,maybe,5.0,4.0,5.0,5.0,unknown,symptoms,40-49
57,m00058,2016-09-20,36,female,stable,married,Middle,160.0,51.0,bacninh,19.921875,no,<12mo,<12mo,symptoms,no,no,no,no,yes,yes ,no,no,yes,never,never,yes,yes,yes,no,yes,later,4.0,5.0,5.0,5.0,5.0,clinic,bad,12m,hi,no,yes,5.0,5.0,5.0,5.0,unknown,disease_concern,30-39
58,m00059,2016-09-20,27,female,unstable,married,Grad,163.0,45.0,hanoi,16.93703188,no,<12mo,unknown,volunteer,no,no,no,no,yes,no,no,no,no,never,never,yes,yes,yes,no,yes,allsoon,1.0,4.0,3.0,4.0,2.0,askrel,bad,6m,med,yes,yes,5.0,4.0,4.0,3.0,210,symptoms,18-29
59,m00060,2016-09-20,25,male,stable,married,Grad,175.0,70.0,hanoi,22.85714286,yes,12-24mo,12-24mo,volunteer,yes,no,no,no,yes,yes ,no,yes,yes,never,never,yes,yes,yes,yes,yes,later,5.0,5.0,5.0,5.0,5.0,clinic,good,6m,med,yes,yes,5.0,5.0,5.0,5.0,420,disease_concern,18-29
60,m00061,2016-09-20,26,female,stable,unmarried,Grad,158.0,47.0,hanoi,18.82711104,yes,<12mo,12-24mo,symptoms,yes,no,no,yes,no,yes ,no,yes,yes,never,yes,yes,yes,no,yes,no,allsoon,3.0,5.0,3.0,4.0,4.0,askrel,bad,6m,low,no,maybe,3.0,3.0,3.0,2.0,420,disease_concern,18-29
61,m00062,2016-09-20,23,female,stable,unmarried,Grad,160.0,46.0,hanoi,17.96875,no,unknown,unknown,volunteer,no,yes,yes,no,no,yes ,yes,no,yes,yes,never,yes,no,yes,yes,no,allsoon,3.0,5.0,5.0,4.0,4.0,selfstudy,bad,18m,med,yes,yes,4.0,3.0,2.0,1.0,200,symptoms,18-29
62,m00063,2016-09-20,25,female,student,unmarried,Grad,155.0,44.0,hanoi,18.31425598,no,unknown,unknown,volunteer,no,yes,yes,no,yes,yes ,yes,no,yes,yes,never,yes,no,yes,yes,no,allsoon,3.0,5.0,5.0,4.0,4.0,selfstudy,bad,18m,med,yes,yes,4.0,3.0,3.0,3.0,300,symptoms,18-29
63,m00064,2016-09-20,23,female,student,unmarried,Grad,162.0,42.0,hanoi,16.00365798,no,<12mo,unknown,symptoms,no,no,no,no,yes,yes ,yes,yes,yes,never,never,yes,yes,yes,yes,no,partly ,3.0,3.0,3.0,3.0,3.0,askrel,quite,12m,hi,maybe,maybe,3.0,3.0,3.0,3.0,unknown,symptoms,18-29
64,m00065,2016-09-20,23,female,stable,married,Grad,154.0,40.0,hanoi,16.86625063,yes,12-24mo,12-24mo,request,no,no,no,no,yes,yes ,no,no,no,never,never,yes,no,no,yes,no,allsoon,2.0,2.0,3.0,3.0,1.0,clinic,good,18m,low,yes,yes,2.0,1.0,3.0,2.0,105,symptoms,18-29
65,m00066,2016-09-20,22,female,stable,unmarried,Grad,157.0,41.0,hanoi,16.63353483,yes,<12mo,unknown,symptoms,no,no,no,no,yes,yes ,no,no,no,never,never,yes,no,no,yes,yes,allsoon,3.0,4.0,1.0,4.0,3.0,clinic,good,6m,med,yes,maybe,1.0,2.0,2.0,2.0,unknown,symptoms,18-29
66,m00067,2016-09-20,26,male,stable,unmarried,Grad,158.0,42.0,hanoi,16.82422689,yes,<12mo,unknown,symptoms,yes,yes,no,no,no,yes ,yes,no,no,never,yes,yes,yes,yes,yes,yes,allsoon,3.0,2.0,1.0,3.0,4.0,askrel,quite,12m,med,yes,yes,3.0,4.0,5.0,1.0,280,symptoms,18-29
67,m00068,2016-09-20,28,female,stable,unmarried,Grad,158.0,51.0,hanoi,20.42941836,yes,>24mo,<12mo,request,no,yes,no,yes,yes,yes ,yes,no,no,never,never,yes,yes,yes,no,no,allsoon,4.0,4.0,4.0,3.0,3.0,clinic,quite,6m,med,maybe,maybe,1.0,1.0,1.0,1.0,unknown,symptoms,18-29
68,m00069,2016-09-20,26,female,stable,unmarried,Grad,164.0,59.0,hanoi,21.93634741,no,<12mo,<12mo,request,no,no,yes,no,yes,yes ,yes,yes,no,yes,yes,no,yes,no,yes,no,allsoon,3.0,2.0,1.0,4.0,2.0,askrel,quite,12m,low,yes,yes,2.0,4.0,3.0,3.0,420,symptoms,18-29
69,m00070,2016-09-20,26,female,stable,unmarried,Grad,150.0,46.0,hanoi,20.44444444,yes,12-24mo,12-24mo,request,no,no,no,no,yes,yes ,yes,yes,yes,never,yes,yes,no,no,yes,no,allsoon,1.0,2.0,3.0,2.0,3.0,askrel,unknown,12m,hi,maybe,maybe,2.0,3.0,3.0,3.0,unknown,symptoms,18-29
70,m00071,2016-09-20,28,female,unstable,unmarried,Grad,150.0,43.0,hanoi,19.11111111,no,unknown,>24mo,symptoms,no,yes,no,no,yes,no,yes,no,no,yes,yes,no,yes,yes,yes,yes,allsoon,1.0,1.0,1.0,1.0,1.0,selfstudy,bad,6m,low,maybe,maybe,1.0,1.0,1.0,1.0,unknown,symptoms,18-29
71,m00072,2016-09-20,27,female,stable,married,Grad,155.0,43.0,hanoi,17.89802289,yes,<12mo,<12mo,volunteer,no,no,no,no,no,yes ,no,no,yes,never,never,yes,yes,yes,yes,yes,allsoon,2.0,1.0,2.0,1.0,3.0,selfstudy,bad,6m,low,yes,yes,1.0,1.0,1.0,1.0,700,symptoms,18-29
72,m00073,2016-09-20,25,male,stable,married,Grad,165.0,60.0,hanoi,22.03856749,no,<12mo,<12mo,volunteer,yes,no,no,no,no,yes ,no,yes,yes,never,never,yes,yes,yes,yes,no,later,5.0,5.0,5.0,5.0,5.0,clinic,unknown,6m,low,no,yes,5.0,5.0,5.0,5.0,420,disease_concern,18-29
73,m00074,2016-09-20,26,male,stable,married,Grad,165.0,67.0,hanoi,24.6097337,no,>24mo,unknown,symptoms,yes,no,no,no,yes,yes ,no,no,no,never,yes,yes,yes,yes,yes,yes,later,1.0,1.0,1.0,1.0,1.0,selfstudy,bad,6m,med,yes,yes,1.0,3.0,3.0,5.0,210,disease_concern,18-29
74,m00075,2016-09-20,27,female,stable,married,PostGrad,164.0,50.0,hanoi,18.59012493,yes,<12mo,<12mo,volunteer,no,no,no,no,no,yes ,yes,yes,yes,never,never,yes,yes,yes,yes,yes,allsoon,4.0,3.0,4.0,3.0,3.0,clinic,bad,12m,med,yes,maybe,3.0,2.0,2.0,3.0,700,disease_concern,18-29
75,m00076,2016-09-20,28,female,stable,married,Grad,158.0,48.0,hanoi,19.22768787,yes,<12mo,<12mo,volunteer,no,no,no,no,no,yes ,yes,yes,no,never,yes,yes,yes,no,yes,no,allsoon,5.0,3.0,2.0,5.0,5.0,clinic,bad,6m,med,no,yes,3.0,3.0,3.0,3.0,210,symptoms,18-29
76,m00077,2016-09-20,22,female,student,unmarried,Middle,154.0,42.5,hanoi,17.9203913,yes,<12mo,<12mo,symptoms,no,no,no,no,no,yes ,yes,no,yes,yes,yes,yes,yes,yes,yes,yes,allsoon,4.0,4.0,5.0,4.0,4.0,clinic,bad,6m,med,yes,yes,4.0,4.0,4.0,3.0,420,disease_concern,18-29
77,m00078,2016-09-20,25,male,stable,unmarried,Middle,171.0,60.0,nghean,20.51913409,yes,<12mo,unknown,symptoms,yes,yes,no,no,no,yes ,yes,yes,yes,never,yes,yes,yes,no,yes,yes,allsoon,3.0,4.0,3.0,4.0,3.0,selfstudy,quite,6m,med,yes,yes,4.0,4.0,4.0,4.0,840,disease_concern,18-29
78,m00079,2016-09-20,31,female,stable,married,Grad,155.0,55.0,hanoi,22.89281998,yes,<12mo,unknown,volunteer,yes,yes,yes,no,yes,no,no,no,no,yes,never,yes,no,no,yes,no,later,5.0,4.0,3.0,4.0,3.0,clinic,bad,g18m,low,no,maybe,2.0,1.0,2.0,2.0,unknown,symptoms,30-39
79,m00080,2016-09-20,20,female,stable,married,Middle,160.0,45.0,hanoi,17.578125,no,<12mo,<12mo,volunteer,no,no,no,no,yes,yes ,no,no,no,never,yes,yes,yes,yes,yes,yes,later,5.0,5.0,5.0,5.0,5.0,selfstudy,unknown,6m,med,yes,yes,1.0,1.0,1.0,2.0,unknown,symptoms,18-29
80,m00081,2016-09-20,21,female,student,unmarried,Middle,159.0,50.0,hanoi,19.77769867,yes,<12mo,unknown,symptoms,no,no,no,no,yes,yes ,no,no,no,never,never,yes,no,no,yes,no,allsoon,3.0,4.0,3.0,4.0,4.0,selfstudy,unknown,6m,low,maybe,yes,2.0,3.0,3.0,3.0,unknown,symptoms,18-29
81,m00082,2016-09-20,26,female,stable,married,Grad,155.0,43.0,hanoi,17.89802289,yes,<12mo,<12mo,volunteer,no,no,no,no,no,no,yes,yes,yes,never,never,yes,yes,yes,yes,yes,allsoon,2.0,3.0,5.0,3.0,4.0,clinic,bad,6m,hi,no,yes,3.0,3.0,4.0,2.0,210,disease_concern,18-29
82,m00083,2016-09-20,22,female,stable,unmarried,Grad,167.0,46.0,hanoi,16.49395819,yes,unknown,unknown,request,yes,yes,no,yes,yes,yes ,no,yes,no,never,never,yes,yes,yes,no,yes,later,4.0,4.0,5.0,5.0,5.0,askrel,good,6m,med,yes,yes,5.0,4.0,3.0,5.0,420,symptoms,18-29
83,m00084,2016-09-20,22,female,student,unmarried,Grad,158.0,42.0,hanoi,16.82422689,yes,<12mo,12-24mo,symptoms,yes,yes,no,no,no,no,no,yes,no,yes,yes,no,no,yes,yes,no,later,3.0,4.0,2.0,3.0,2.0,selfstudy,quite,12m,low,yes,yes,2.0,2.0,2.0,3.0,420,disease_concern,18-29
84,m00085,2016-09-21,23,female,student,married,Grad,150.0,42.0,bacgiang,18.66666667,no,<12mo,<12mo,symptoms,no,no,no,no,no,yes ,no,no,no,never,never,yes,no,yes,yes,yes,later,3.0,4.0,4.0,5.0,5.0,clinic,bad,12m,low,maybe,yes,3.0,2.0,2.0,2.0,unknown,symptoms,18-29
85,m00086,2016-09-21,30,female,housewife,married,Grad,154.0,55.0,bacgiang,23.19109462,no,<12mo,<12mo,volunteer,yes,no,no,no,no,yes ,yes,no,yes,never,never,yes,yes,yes,yes,yes,allsoon,4.0,4.0,3.0,4.0,4.0,selfstudy,bad,6m,med,maybe,maybe,2.0,1.0,2.0,2.0,unknown,symptoms,30-39
86,m00087,2016-09-21,33,female,stable,married,Grad,160.0,53.0,hanoi,20.703125,yes,<12mo,<12mo,volunteer,no,no,no,no,no,yes ,yes,yes,no,never,never,yes,yes,yes,yes,yes,allsoon,4.0,4.0,5.0,3.0,5.0,selfstudy,bad,6m,low,no,yes,3.0,3.0,5.0,5.0,420,symptoms,30-39
87,m00088,2016-09-21,36,female,stable,married,Grad,147.0,44.5,hanoi,20.59327132,yes,<12mo,<12mo,volunteer,yes,yes,no,no,no,yes ,no,no,yes,yes,yes,yes,yes,yes,yes,yes,allsoon,5.0,5.0,5.0,5.0,5.0,clinic,bad,12m,low,maybe,yes,3.0,1.0,2.0,3.0,unknown,symptoms,30-39
88,m00089,2016-09-21,32,female,stable,married,Grad,161.0,54.0,hanoi,20.83252961,yes,<12mo,<12mo,volunteer,no,no,no,no,no,yes ,no,yes,yes,never,never,yes,yes,yes,yes,yes,allsoon,5.0,5.0,4.0,5.0,5.0,selfstudy,bad,6m,low,yes,yes,5.0,4.0,2.0,2.0,210,symptoms,30-39
89,m00090,2016-09-21,27,female,stable,married,Grad,162.0,48.0,hanoi,18.28989483,yes,<12mo,<12mo,volunteer,no,no,no,no,no,yes ,no,yes,yes,never,yes,yes,yes,yes,yes,yes,allsoon,3.0,4.0,2.0,4.0,4.0,askrel,bad,6m,hi,yes,no,5.0,5.0,1.0,1.0,600,symptoms,18-29
90,m00091,2016-09-21,24,female,stable,married,Grad,156.0,52.0,hanoi,21.36752137,yes,<12mo,<12mo,request,no,no,no,no,no,yes ,yes,yes,yes,never,never,yes,yes,yes,no,yes,allsoon,3.0,4.0,4.0,4.0,3.0,selfstudy,unknown,6m,med,no,yes,4.0,1.0,2.0,3.0,210,symptoms,18-29
91,m00092,2016-09-21,36,male,stable,married,Grad,162.0,54.0,hanoi,20.57613169,yes,unknown,unknown,symptoms,yes,no,no,yes,no,yes ,no,no,no,never,yes,no,yes,yes,yes,no,allsoon,2.0,4.0,4.0,3.0,3.0,askrel,bad,6m,hi,yes,maybe,4.0,5.0,5.0,1.0,700,symptoms,30-39
92,m00093,2016-09-21,38,female,housewife,married,Middle,150.0,45.0,hanoi,20.0,yes,<12mo,unknown,volunteer,yes,yes,yes,no,no,no,yes,no,no,never,never,yes,yes,yes,no,no,allsoon,1.0,3.0,1.0,3.0,1.0,askrel,unknown,g18m,low,no,maybe,1.0,1.0,1.0,1.0,unknown,symptoms,30-39
93,m00094,2016-09-21,32,male,stable,married,Grad,172.0,60.0,hanoi,20.2812331,yes,<12mo,unknown,symptoms,no,no,no,no,yes,no,yes,no,yes,yes,yes,yes,no,yes,yes,yes,allsoon,3.0,2.0,3.0,2.0,3.0,selfstudy,bad,6m,hi,maybe,yes,3.0,2.0,4.0,2.0,700,symptoms,30-39
94,m00095,2016-09-21,64,male,retirer,married,Middle,165.0,57.0,hanoi,20.93663912,yes,<12mo,<12mo,symptoms,no,no,no,no,no,yes ,yes,no,yes,never,yes,yes,no,yes,yes,yes,later,4.0,5.0,4.0,5.0,3.0,clinic,bad,6m,low,no,no,5.0,5.0,5.0,5.0,400,disease_concern,>=50
95,m00096,2016-09-21,25,male,stable,married,Middle,172.0,59.0,hanoi,19.94321255,yes,<12mo,<12mo,symptoms,no,no,no,no,no,yes ,yes,no,yes,never,never,yes,yes,yes,yes,no,later,4.0,5.0,5.0,5.0,5.0,clinic,bad,6m,hi,maybe,no,2.0,2.0,2.0,2.0,420,symptoms,18-29
96,m00097,2016-09-21,28,female,housewife,married,Grad,155.0,55.0,hanoi,22.89281998,yes,<12mo,<12mo,volunteer,no,no,no,no,yes,no,yes,no,yes,never,yes,no,yes,yes,yes,no,later,3.0,5.0,5.0,5.0,4.0,selfstudy,bad,12m,med,no,yes,5.0,2.0,4.0,3.0,210,symptoms,18-29
97,m00098,2016-09-21,23,female,housewife,married,Middle,156.0,52.0,hanoi,21.36752137,no,<12mo,unknown,volunteer,yes,no,no,no,no,no,yes,no,yes,never,never,yes,no,yes,no,yes,allsoon,2.0,3.0,2.0,3.0,3.0,selfstudy,bad,6m,med,no,yes,5.0,3.0,3.0,5.0,210,disease_concern,18-29
98,m00099,2016-09-21,27,female,stable,married,Middle,160.0,46.0,hanoi,17.96875,no,<12mo,>24mo,volunteer,no,no,no,no,no,no,no,no,yes,never,yes,yes,yes,yes,no,yes,allsoon,5.0,5.0,5.0,5.0,5.0,askrel,bad,6m,low,no,no,2.0,2.0,2.0,3.0,210,symptoms,18-29
99,m00100,2016-09-21,30,male,stable,married,Grad,176.0,59.0,hanoi,19.04700413,yes,<12mo,unknown,symptoms,no,no,no,no,no,yes ,no,yes,no,never,yes,yes,yes,yes,no,yes,allsoon,4.0,4.0,2.0,4.0,3.0,selfstudy,bad,12m,hi,maybe,maybe,2.0,2.0,2.0,3.0,300,symptoms,30-39
100,m00101,2016-09-21,21,male,student,unmarried,Grad,176.0,78.0,hanoi,25.18078512,no,<12mo,<12mo,volunteer,no,no,no,no,no,no,no,no,yes,never,never,yes,yes,yes,yes,yes,later,4.0,4.0,3.0,4.0,4.0,selfstudy,bad,6m,low,maybe,maybe,3.0,2.0,3.0,2.0,420,disease_concern,18-29
101,m00102,2016-09-21,25,male,stable,married,Grad,172.0,65.0,hanoi,21.97133586,yes,<12mo,<12mo,volunteer,no,no,no,no,no,yes ,no,yes,yes,never,never,yes,yes,yes,yes,no,allsoon,4.0,5.0,5.0,5.0,5.0,askrel,bad,6m,med,no,maybe,5.0,2.0,4.0,3.0,210,symptoms,18-29
102,m00103,2016-09-21,24,female,stable,unmarried,Grad,157.0,45.0,hanoi,18.25631871,yes,<12mo,12-24mo,symptoms,yes,yes,no,yes,no,yes ,yes,no,yes,never,never,yes,no,yes,yes,no,allsoon,3.0,3.0,4.0,3.0,3.0,clinic,bad,6m,med,yes,yes,2.0,2.0,1.0,2.0,210,symptoms,18-29
103,m00104,2016-09-21,30,male,stable,married,PostGrad,172.0,75.0,hanoi,25.35154137,no,unknown,unknown,volunteer,no,no,no,no,no,yes ,no,no,yes,never,yes,yes,yes,yes,yes,yes,allsoon,4.0,5.0,4.0,5.0,4.0,selfstudy,bad,6m,med,yes,yes,2.0,3.0,3.0,3.0,420,symptoms,30-39
104,m00105,2016-09-21,23,female,stable,married,PostGrad,165.0,67.0,hanoi,24.6097337,no,<12mo,<12mo,volunteer,no,no,no,no,no,yes ,yes,yes,no,never,never,yes,no,no,no,no,allsoon,5.0,4.0,5.0,4.0,5.0,selfstudy,bad,12m,hi,maybe,yes,3.0,2.0,3.0,3.0,420,symptoms,18-29
105,m00106,2016-09-21,26,male,stable,married,High,170.0,60.0,hanoi,20.76124567,no,<12mo,unknown,symptoms,no,no,no,no,yes,no,no,no,no,never,never,yes,no,yes,no,yes,later,5.0,5.0,5.0,5.0,5.0,askrel,good,6m,low,yes,yes,5.0,1.0,2.0,3.0,420,disease_concern,18-29
106,m00107,2016-09-21,27,male,stable,married,Grad,164.0,64.0,hanoi,23.7953599,yes,12-24mo,12-24mo,symptoms,yes,no,no,no,yes,yes ,yes,no,yes,yes,never,yes,yes,yes,yes,yes,later,3.0,3.0,1.0,1.0,1.0,selfstudy,bad,6m,med,yes,yes,1.0,1.0,1.0,2.0,300,symptoms,18-29
107,m00108,2016-09-21,31,male,stable,married,Grad,170.0,80.0,hanoi,27.6816609,yes,<12mo,12-24mo,symptoms,no,no,no,yes,no,yes ,no,no,no,never,never,yes,no,yes,no,no,allsoon,2.0,2.0,1.0,2.0,1.0,clinic,good,12m,hi,yes,yes,2.0,2.0,2.0,1.0,420,disease_concern,30-39
108,m00109,2016-09-21,31,female,stable,married,Grad,151.0,51.0,hanoi,22.36744002,yes,<12mo,unknown,volunteer,no,no,no,no,yes,yes ,yes,no,no,never,never,yes,no,no,no,no,allsoon,3.0,4.0,2.0,4.0,2.0,clinic,unknown,6m,low,maybe,yes,3.0,1.0,1.0,2.0,unknown,disease_concern,30-39
109,m00110,2016-09-21,36,male,unstable,married,High,164.0,58.0,hanoi,21.56454491,yes,<12mo,unknown,symptoms,yes,no,no,no,no,yes ,yes,no,yes,never,yes,yes,yes,yes,yes,yes,allsoon,5.0,3.0,1.0,2.0,3.0,askrel,bad,6m,med,yes,maybe,2.0,2.0,2.0,4.0,420,symptoms,30-39
110,m00111,2016-09-21,27,male,stable,married,Grad,175.0,80.0,hanoi,26.12244898,no,<12mo,unknown,volunteer,yes,no,no,no,no,yes ,no,no,yes,never,yes,yes,yes,yes,yes,yes,allsoon,5.0,5.0,4.0,5.0,5.0,selfstudy,bad,12m,med,maybe,yes,4.0,2.0,2.0,3.0,600,symptoms,18-29
111,m00112,2016-09-21,18,female,student,unmarried,Grad,160.0,51.0,hanoi,19.921875,yes,<12mo,<12mo,symptoms,no,yes,yes,no,no,no,no,no,yes,never,yes,yes,yes,yes,yes,yes,allsoon,2.0,2.0,3.0,3.0,2.0,selfstudy,quite,6m,low,no,yes,3.0,4.0,4.0,4.0,420,symptoms,18-29
112,m00113,2016-09-21,42,female,other,married,High,156.0,47.0,hanoi,19.31295201,no,<12mo,<12mo,symptoms,no,no,no,no,yes,yes ,no,no,no,never,yes,yes,no,yes,yes,no,allsoon,3.0,5.0,3.0,5.0,5.0,clinic,quite,12m,hi,no,yes,5.0,5.0,4.0,4.0,210,symptoms,40-49
113,m00114,2016-09-21,58,female,other,married,Middle,158.0,52.0,hanoi,20.82999519,yes,<12mo,unknown,symptoms,yes,no,no,no,no,yes ,yes,no,yes,yes,yes,yes,no,no,yes,no,allsoon,4.0,5.0,3.0,5.0,4.0,clinic,quite,6m,med,no,yes,5.0,4.0,4.0,4.0,unknown,symptoms,>=50
114,m00115,2016-09-21,36,female,unstable,married,Middle,150.0,65.0,thanhhoa,28.88888889,yes,unknown,unknown,volunteer,no,no,yes,no,no,no,no,no,no,never,yes,no,yes,yes,yes,yes,allsoon,3.0,3.0,1.0,2.0,1.0,selfstudy,bad,6m,low,yes,yes,4.0,3.0,4.0,3.0,300,disease_concern,30-39
115,m00116,2016-09-21,23,male,stable,married,Grad,170.0,60.0,hanoi,20.76124567,yes,unknown,unknown,symptoms,yes,no,no,yes,no,yes ,yes,yes,yes,never,yes,yes,yes,no,yes,no,later,3.0,3.0,3.0,3.5,2.5,selfstudy,quite,12m,hi,yes,yes,3.0,2.0,2.0,2.0,600,disease_concern,18-29
116,m00117,2016-09-21,35,female,stable,married,Grad,154.0,60.0,hanoi,25.29937595,yes,<12mo,unknown,volunteer,no,no,no,no,yes,no,no,no,yes,never,yes,yes,yes,yes,yes,no,allsoon,5.0,4.0,3.0,4.0,4.0,clinic,bad,12m,med,yes,yes,4.0,2.0,4.0,4.0,420,symptoms,30-39
117,m00118,2016-09-21,25,female,stable,married,Grad,164.0,52.0,hanoi,19.33372992,yes,<12mo,<12mo,symptoms,yes,no,no,yes,no,yes ,no,no,no,never,never,yes,no,yes,yes,no,partly ,4.0,4.0,5.0,4.0,4.0,selfstudy,bad,6m,low,yes,no,3.0,1.0,3.0,2.0,210,symptoms,18-29
118,m00119,2016-09-21,27,female,stable,married,Grad,158.0,50.0,hanoi,20.02884153,yes,<12mo,<12mo,volunteer,no,no,no,no,no,yes ,no,yes,no,never,yes,yes,yes,yes,yes,yes,allsoon,5.0,4.0,5.0,4.0,5.0,selfstudy,bad,6m,hi,yes,yes,3.0,2.0,1.0,1.0,420,symptoms,18-29
119,m00120,2016-09-21,28,female,stable,married,Grad,162.0,52.0,hanoi,19.81405274,yes,<12mo,<12mo,symptoms,no,no,no,no,no,no,no,yes,yes,never,yes,yes,yes,yes,yes,yes,later,4.0,3.0,5.0,3.0,5.0,selfstudy,unknown,12m,med,maybe,yes,2.0,1.0,2.0,2.0,210,symptoms,18-29
120,m00121,2016-09-21,19,female,student,other,Grad,158.0,45.0,hanoi,18.02595738,yes,12-24mo,unknown,request,no,no,no,no,yes,yes ,no,no,no,never,never,yes,yes,yes,yes,yes,later,3.0,2.0,1.0,4.0,3.0,askrel,good,g18m,low,yes,maybe,2.0,2.0,2.0,2.0,105,symptoms,18-29
121,m00122,2016-09-21,24,female,stable,married,Grad,163.0,48.0,hanoi,18.06616734,no,<12mo,12-24mo,symptoms,yes,no,no,no,yes,no,yes,no,yes,never,yes,yes,yes,yes,yes,yes,later,4.0,5.0,5.0,4.0,5.0,selfstudy,bad,6m,hi,no,maybe,3.0,1.0,2.0,2.0,210,symptoms,18-29
122,m00123,2016-09-21,18,female,student,unmarried,Middle,163.0,45.0,hanoi,16.93703188,no,<12mo,<12mo,volunteer,yes,yes,no,no,yes,yes ,yes,no,no,never,yes,yes,no,yes,yes,no,allsoon,4.0,5.0,5.0,5.0,5.0,askrel,bad,6m,low,maybe,maybe,3.0,3.0,4.0,5.0,210,symptoms,18-29
123,m00124,2016-09-21,34,female,stable,married,Grad,150.0,45.0,hanoi,20.0,yes,<12mo,<12mo,volunteer,yes,no,no,no,yes,no,yes,no,yes,never,never,yes,yes,yes,yes,yes,allsoon,3.0,4.0,1.0,5.0,2.0,selfstudy,quite,12m,low,no,yes,3.0,2.0,3.0,3.0,210,symptoms,30-39
124,m00125,2016-09-22,43,female,stable,married,Grad,156.0,52.0,hanoi,21.36752137,yes,<12mo,<12mo,symptoms,no,no,no,no,no,no,no,yes,no,never,never,yes,no,yes,no,yes,allsoon,3.0,4.0,2.0,4.0,3.0,clinic,bad,6m,med,no,no,3.0,2.0,3.0,2.0,420,disease_concern,40-49
125,m00126,2016-09-22,22,female,stable,married,Middle,157.0,54.0,hanoi,21.90758246,no,<12mo,unknown,volunteer,yes,no,no,no,no,yes ,no,no,no,yes,never,yes,no,yes,yes,yes,allsoon,3.0,3.0,2.0,3.0,5.0,clinic,bad,6m,med,yes,maybe,2.0,3.0,2.0,3.0,420,symptoms,18-29
126,m00127,2016-09-22,20,female,student,unmarried,Grad,167.0,55.0,hanoi,19.72103697,yes,unknown,unknown,symptoms,no,no,no,no,yes,yes ,no,no,no,never,yes,yes,no,yes,no,yes,allsoon,4.0,5.0,5.0,5.0,5.0,clinic,bad,6m,med,no,no,1.0,1.0,2.0,2.0,210,symptoms,18-29
127,m00128,2016-09-22,26,female,stable,married,Grad,165.0,50.0,hanoi,18.36547291,yes,<12mo,<12mo,volunteer,yes,no,no,no,yes,yes ,no,no,yes,never,yes,yes,yes,yes,yes,yes,later,5.0,5.0,5.0,5.0,5.0,selfstudy,bad,6m,low,no,yes,2.0,1.0,1.0,1.0,420,symptoms,18-29
128,m00129,2016-09-22,34,male,stable,married,Middle,170.0,63.0,hungyen,21.79930796,no,<12mo,<12mo,volunteer,no,no,no,no,no,yes ,no,yes,no,never,yes,yes,yes,yes,yes,no,later,4.0,5.0,2.0,5.0,2.0,selfstudy,bad,6m,low,no,yes,5.0,1.0,1.0,2.0,210,symptoms,30-39
129,m00130,2016-09-22,27,female,stable,married,Grad,160.0,62.0,hanoi,24.21875,yes,<12mo,<12mo,volunteer,no,no,no,no,no,yes ,yes,no,no,never,yes,yes,yes,yes,yes,yes,allsoon,5.0,5.0,5.0,5.0,5.0,selfstudy,bad,6m,hi,no,yes,4.0,2.0,2.0,3.0,840,disease_concern,18-29
130,m00131,2016-09-22,23,male,stable,unmarried,Grad,172.0,60.0,hanoi,20.2812331,yes,<12mo,<12mo,symptoms,no,no,no,no,yes,no,no,no,yes,yes,yes,yes,no,yes,yes,no,allsoon,3.0,5.0,5.0,5.0,4.0,askrel,bad,6m,low,maybe,yes,3.0,3.0,4.0,4.0,600,disease_concern,18-29
131,m00132,2016-09-22,30,male,stable,married,Grad,170.0,50.0,bacninh,17.30103806,no,<12mo,<12mo,volunteer,no,no,yes,no,yes,no,no,no,no,yes,yes,yes,yes,yes,yes,no,later,3.0,4.0,2.0,3.0,2.5,selfstudy,bad,6m,med,no,maybe,3.0,2.0,2.0,3.0,420,symptoms,30-39
132,m00133,2016-09-22,22,male,other,unmarried,High,163.0,55.0,hochiminh,20.70081674,no,<12mo,<12mo,volunteer,no,no,no,no,no,yes ,no,no,no,never,never,yes,yes,no,yes,yes,allsoon,5.0,5.0,5.0,5.0,5.0,selfstudy,unknown,6m,med,no,yes,4.0,1.0,1.0,2.0,420,symptoms,18-29
133,m00134,2016-09-22,46,female,stable,married,Grad,163.0,54.0,hanoi,20.32443826,yes,<12mo,12-24mo,volunteer,no,no,no,no,no,no,no,yes,no,yes,never,yes,yes,yes,yes,no,later,3.0,4.0,4.0,5.0,4.0,selfstudy,unknown,12m,med,no,yes,4.0,2.0,3.0,3.0,420,disease_concern,40-49
134,m00135,2016-09-22,29,male,stable,married,PostGrad,171.0,73.0,hanam,24.96494648,no,unknown,unknown,volunteer,yes,no,no,no,yes,yes ,no,no,no,never,never,yes,no,no,yes,no,partly ,4.0,5.0,5.0,4.0,5.0,selfstudy,quite,6m,low,yes,yes,5.0,1.0,1.0,4.0,420,symptoms,18-29
135,m00136,2016-09-22,24,female,housewife,married,High,163.0,61.0,hungyen,22.95908766,no,<12mo,<12mo,volunteer,no,no,no,no,no,yes ,no,yes,no,never,yes,yes,yes,yes,yes,yes,later,4.0,3.0,3.0,4.0,4.0,askrel,good,6m,low,no,maybe,4.0,4.0,3.0,4.0,420,symptoms,18-29
136,m00137,2016-09-22,23,female,unstable,married,Grad,153.0,49.0,hanoi,20.93212012,no,>24mo,>24mo,request,no,no,no,no,yes,no,yes,no,no,never,never,yes,yes,yes,no,no,allsoon,5.0,4.0,4.0,3.0,4.0,selfstudy,quite,6m,low,no,yes,3.0,3.0,3.0,3.0,210,symptoms,18-29
137,m00138,2016-09-22,22,female,student,unmarried,Grad,165.0,45.0,hanoi,16.52892562,yes,<12mo,<12mo,request,no,no,no,no,no,yes ,no,yes,no,never,yes,yes,no,yes,yes,no,allsoon,4.0,3.0,2.0,4.0,4.0,selfstudy,quite,6m,low,yes,maybe,2.0,3.0,2.0,3.0,210,symptoms,18-29
138,m00139,2016-09-22,29,female,stable,married,Grad,157.0,55.0,thanhhoa,22.31327843,yes,unknown,unknown,volunteer,yes,no,yes,no,yes,yes ,no,no,no,never,never,yes,yes,yes,yes,yes,later,3.0,2.0,1.0,3.0,1.0,selfstudy,good,12m,med,maybe,maybe,4.0,3.0,3.0,5.0,210,symptoms,18-29
139,m00140,2016-09-22,21,female,student,married,Grad,160.0,47.0,hanoi,18.359375,yes,<12mo,<12mo,volunteer,no,no,no,no,yes,no,no,no,no,never,yes,yes,yes,yes,yes,no,allsoon,4.0,5.0,5.0,5.0,4.0,askrel,bad,12m,low,maybe,maybe,4.0,2.0,3.0,3.0,210,symptoms,18-29
140,m00141,2016-09-28,40,female,stable,married,Grad,153.0,56.0,hanoi,23.922423,yes,<12mo,<12mo,request,no,no,no,no,yes,yes ,yes,yes,no,never,never,yes,yes,yes,yes,yes,allsoon,4.0,4.0,5.0,5.0,5.0,selfstudy,bad,12m,hi,no,yes,2.0,2.0,2.0,2.0,210,symptoms,40-49
141,m00142,2016-09-28,24,female,stable,married,Grad,160.0,48.0,hanoi,18.75,no,<12mo,unknown,volunteer,no,no,no,no,yes,no,no,no,no,never,yes,yes,no,yes,yes,no,later,5.0,5.0,5.0,5.0,5.0,selfstudy,quite,12m,med,no,maybe,1.0,1.0,1.0,1.0,300,symptoms,18-29
142,m00143,2016-09-28,28,male,stable,married,Grad,169.0,55.0,hanoi,19.25702882,no,12-24mo,12-24mo,request,no,no,no,no,yes,yes ,yes,yes,no,never,yes,yes,no,yes,yes,yes,later,5.0,5.0,5.0,5.0,5.0,askrel,quite,12m,low,yes,maybe,3.0,3.0,1.0,2.0,300,disease_concern,18-29
143,m00144,2016-09-28,26,female,stable,married,Middle,150.0,55.0,hanoi,24.44444444,no,<12mo,<12mo,volunteer,yes,no,no,no,no,yes ,yes,yes,yes,never,never,yes,yes,yes,yes,yes,allsoon,4.0,4.0,2.0,5.0,5.0,selfstudy,bad,12m,hi,yes,maybe,5.0,5.0,5.0,5.0,280,symptoms,18-29
144,m00145,2016-09-28,40,male,unstable,married,High,177.0,74.0,hanam,23.62028791,yes,<12mo,<12mo,volunteer,no,no,no,no,no,yes ,yes,yes,yes,never,never,yes,yes,yes,yes,yes,allsoon,5.0,5.0,5.0,5.0,5.0,selfstudy,bad,6m,hi,no,no,1.0,1.0,1.0,1.0,840,disease_concern,40-49
145,m00146,2016-09-28,29,female,stable,married,Grad,160.0,53.0,hanoi,20.703125,yes,<12mo,<12mo,volunteer,no,no,no,yes,no,no,no,yes,no,never,never,yes,yes,yes,yes,yes,later,2.0,1.0,3.0,2.0,3.0,clinic,quite,6m,med,no,yes,2.0,2.0,2.0,2.0,210,symptoms,18-29
146,m00147,2016-09-28,27,female,stable,married,Grad,155.0,46.0,hanoi,19.14672216,yes,<12mo,<12mo,volunteer,yes,no,no,yes,no,no,no,yes,no,never,never,yes,yes,yes,yes,no,later,3.0,4.0,4.0,4.0,4.0,selfstudy,unknown,12m,hi,no,no,1.0,1.0,1.0,1.0,420,symptoms,18-29
147,m00148,2016-09-28,34,female,stable,married,Grad,160.0,75.0,hanoi,29.296875,yes,<12mo,unknown,volunteer,yes,no,no,no,yes,no,no,yes,no,yes,never,yes,yes,yes,no,no,allsoon,3.0,3.0,4.0,3.0,3.0,clinic,unknown,6m,med,maybe,no,2.0,2.0,2.0,3.0,420,symptoms,30-39
148,m00149,2016-09-28,28,female,other,married,Middle,164.0,48.0,hanoi,17.84651993,yes,<12mo,unknown,volunteer,yes,no,no,no,yes,yes ,no,no,no,never,never,yes,yes,yes,no,yes,later,3.0,4.0,4.0,4.0,4.0,selfstudy,quite,12m,low,no,maybe,2.0,3.0,4.0,3.0,600,symptoms,18-29
149,m00150,2016-09-28,29,male,stable,married,Middle,170.0,53.0,hanoi,18.33910035,no,<12mo,unknown,request,no,no,no,no,yes,yes ,no,no,no,yes,never,yes,yes,yes,no,no,allsoon,5.0,5.0,5.0,5.0,5.0,clinic,good,6m,med,no,yes,2.0,1.0,1.0,2.0,840,disease_concern,18-29
150,m00151,2016-09-28,29,male,stable,married,Middle,170.0,56.0,hanoi,19.37716263,yes,<12mo,12-24mo,symptoms,no,no,no,yes,yes,yes ,no,no,no,never,never,yes,yes,yes,yes,no,later,3.5,5.0,2.0,4.0,1.0,clinic,quite,6m,low,yes,yes,1.0,1.0,1.0,1.0,300,disease_concern,18-29
151,m00152,2016-09-27,28,female,unstable,married,Grad,159.0,53.0,hanoi,20.96436059,yes,<12mo,unknown,volunteer,no,no,no,no,yes,no,no,no,no,never,yes,yes,yes,yes,yes,yes,allsoon,4.0,4.0,5.0,5.0,5.0,selfstudy,bad,6m,hi,no,no,2.0,2.0,2.0,2.0,140,symptoms,18-29
152,m00153,2016-09-27,25,female,unstable,married,Middle,158.0,50.0,hanoi,20.02884153,yes,<12mo,12-24mo,volunteer,no,no,no,no,yes,yes ,no,no,no,never,yes,yes,yes,yes,yes,yes,later,5.0,5.0,5.0,5.0,5.0,selfstudy,bad,12m,med,no,maybe,5.0,3.0,4.0,4.0,210,symptoms,18-29
153,m00154,2016-09-27,38,male,stable,married,Middle,163.0,60.0,hanoi,22.58270917,no,12-24mo,12-24mo,request,no,no,no,no,yes,no,no,no,no,never,never,yes,yes,yes,yes,yes,later,4.0,4.0,5.0,4.0,5.0,clinic,unknown,6m,med,no,yes,2.0,2.0,2.0,2.0,420,symptoms,30-39
154,m00155,2016-09-27,30,female,stable,married,Grad,150.0,52.0,hanoi,23.11111111,yes,<12mo,<12mo,volunteer,no,no,no,no,yes,no,no,yes,no,never,yes,yes,no,yes,no,no,allsoon,4.0,4.0,5.0,4.0,5.0,selfstudy,quite,6m,med,maybe,yes,3.0,3.0,3.0,4.0,420,symptoms,30-39
155,m00156,2016-09-27,50,female,stable,married,Grad,155.0,48.0,hanoi,19.97918835,yes,<12mo,<12mo,volunteer,no,no,no,no,no,yes ,yes,yes,yes,never,yes,yes,yes,yes,yes,yes,allsoon,3.0,4.0,3.0,4.0,2.0,selfstudy,bad,6m,med,yes,yes,1.0,1.0,1.0,1.0,700,disease_concern,>=50
156,m00157,2016-09-27,32,female,stable,married,Grad,156.0,54.0,hanoi,22.18934911,yes,<12mo,unknown,symptoms,yes,no,no,no,no,yes ,no,no,no,never,never,yes,yes,yes,yes,yes,allsoon,5.0,5.0,5.0,5.0,5.0,selfstudy,quite,6m,med,no,no,1.0,1.0,1.0,1.0,420,symptoms,30-39
157,m00158,2016-09-27,42,male,stable,married,Grad,172.0,68.0,hanoi,22.98539751,yes,<12mo,<12mo,volunteer,no,no,no,no,no,yes ,yes,yes,no,never,never,yes,yes,yes,yes,yes,allsoon,3.0,4.0,4.0,4.0,4.0,selfstudy,bad,12m,hi,yes,yes,1.0,1.0,2.0,2.0,315,symptoms,40-49
158,m00159,2016-09-27,25,female,stable,unmarried,Middle,157.0,46.0,hanoi,18.66201469,no,<12mo,12-24mo,symptoms,no,no,no,no,yes,yes ,yes,no,no,yes,yes,yes,yes,yes,yes,yes,later,3.0,3.0,2.0,3.0,3.0,askrel,bad,6m,hi,yes,yes,4.0,3.0,3.0,3.0,210,disease_concern,18-29
159,m00160,2016-09-27,41,female,stable,married,Grad,157.0,52.5,hanoi,21.2990385,yes,<12mo,<12mo,request,yes,no,no,no,no,yes ,no,yes,no,yes,yes,yes,yes,yes,yes,yes,allsoon,2.0,2.0,2.0,3.0,3.0,selfstudy,bad,6m,hi,maybe,no,2.0,2.0,2.0,2.0,210,symptoms,40-49
160,m00161,2016-09-27,20,female,student,unmarried,Grad,160.0,44.0,hanoi,17.1875,yes,unknown,unknown,symptoms,yes,no,no,no,yes,yes ,yes,no,no,never,never,yes,no,yes,no,yes,allsoon,4.0,5.0,5.0,5.0,5.0,askrel,bad,6m,med,yes,no,2.0,1.0,2.0,2.0,140,symptoms,18-29
161,m00162,2016-09-27,26,female,stable,married,PostGrad,155.0,52.0,hanoi,21.64412071,yes,<12mo,<12mo,volunteer,no,no,no,no,no,yes ,yes,yes,yes,never,yes,yes,yes,yes,yes,yes,allsoon,3.0,4.0,5.0,4.0,5.0,selfstudy,bad,6m,hi,no,yes,5.0,5.0,5.0,5.0,210,symptoms,18-29
162,m00163,2016-09-27,28,female,stable,married,Grad,160.0,47.0,hanoi,18.359375,yes,<12mo,unknown,volunteer,yes,no,no,yes,yes,no,no,no,no,never,never,yes,yes,yes,no,no,later,2.0,2.0,2.0,4.0,2.0,selfstudy,quite,12m,hi,no,no,2.0,1.0,1.0,2.0,420,symptoms,18-29
163,m00164,2016-09-27,26,male,stable,unmarried,Grad,170.0,60.0,vinhphuc,20.76124567,yes,<12mo,<12mo,symptoms,no,no,no,no,yes,no,no,no,no,yes,never,yes,yes,no,yes,no,later,3.0,3.0,3.0,3.0,3.0,selfstudy,quite,6m,med,no,no,3.0,2.0,2.0,3.0,420,disease_concern,18-29
164,m00165,2016-09-27,23,female,other,married,Grad,155.0,47.0,hanoi,19.56295525,no,<12mo,<12mo,volunteer,no,no,no,no,no,yes ,yes,yes,yes,never,never,yes,yes,yes,yes,yes,allsoon,5.0,5.0,5.0,5.0,5.0,askrel,unknown,12m,med,maybe,no,5.0,5.0,5.0,2.0,840,symptoms,18-29
165,m00166,2016-09-27,25,female,stable,unmarried,Grad,158.0,50.0,hanoi,20.02884153,no,<12mo,12-24mo,symptoms,yes,yes,yes,yes,yes,yes ,no,no,no,never,never,yes,no,no,no,no,later,2.0,2.0,2.0,2.0,2.0,selfstudy,bad,6m,hi,no,no,1.0,1.0,1.0,2.0,300,symptoms,18-29
166,m00167,2016-09-27,30,female,housewife,married,Grad,150.0,70.0,hanoi,31.11111111,yes,<12mo,unknown,volunteer,yes,no,no,no,yes,no,no,no,no,never,yes,yes,no,yes,no,no,later,4.0,5.0,5.0,5.0,4.0,selfstudy,unknown,6m,low,no,no,1.0,1.0,1.0,1.0,unknown,symptoms,30-39
167,m00168,2016-09-27,31,male,stable,married,Middle,168.0,55.0,hanoi,19.48696145,yes,<12mo,unknown,symptoms,no,no,no,no,yes,no,yes,no,no,yes,never,yes,no,no,no,no,allsoon,4.0,5.0,5.0,5.0,5.0,selfstudy,bad,6m,med,yes,yes,5.0,4.0,2.0,1.0,210,symptoms,30-39
168,m00169,2016-09-27,24,female,housewife,married,Grad,160.0,48.0,hanoi,18.75,no,<12mo,unknown,volunteer,yes,no,no,no,no,no,no,no,no,never,never,yes,yes,yes,yes,yes,later,5.0,5.0,5.0,5.0,5.0,clinic,bad,6m,hi,no,no,2.0,2.0,2.0,4.0,210,disease_concern,18-29
169,m00170,2016-09-27,36,female,stable,married,Grad,150.0,45.0,hanoi,20.0,yes,<12mo,<12mo,volunteer,yes,no,no,no,no,yes ,no,yes,no,never,never,yes,yes,yes,no,no,later,3.0,3.0,5.0,3.0,4.0,askrel,quite,6m,low,maybe,yes,3.0,4.0,3.0,4.0,210,symptoms,30-39
170,m00171,2016-09-27,41,female,stable,married,Grad,157.0,53.0,hanoi,21.50188649,yes,>24mo,>24mo,volunteer,no,no,no,no,yes,no,no,no,no,never,never,yes,yes,yes,yes,yes,later,3.0,5.0,5.0,5.0,5.0,selfstudy,bad,12m,hi,no,no,1.0,1.0,1.0,1.0,300,symptoms,40-49
171,m00172,2016-09-27,32,male,stable,married,Middle,162.0,55.0,hanoi,20.95717116,no,<12mo,<12mo,volunteer,no,no,no,no,no,yes ,no,yes,yes,never,yes,yes,yes,yes,yes,no,allsoon,5.0,5.0,3.0,5.0,5.0,clinic,good,6m,low,no,yes,4.0,4.0,3.0,3.0,300,disease_concern,30-39
172,m00173,2016-09-27,20,female,housewife,married,High,162.0,57.0,hanoi,21.71925011,no,<12mo,<12mo,symptoms,no,no,no,no,yes,yes ,yes,no,no,yes,yes,yes,yes,yes,yes,yes,allsoon,5.0,5.0,5.0,5.0,5.0,clinic,quite,6m,med,no,yes,5.0,5.0,3.0,5.0,210,symptoms,18-29
173,m00174,2016-09-27,25,female,housewife,married,Middle,155.0,56.0,hanoi,23.30905307,no,<12mo,<12mo,volunteer,yes,yes,yes,yes,no,yes ,no,no,yes,never,yes,yes,yes,yes,yes,no,allsoon,5.0,5.0,3.0,5.0,5.0,selfstudy,quite,6m,hi,no,maybe,2.0,2.0,2.0,2.0,210,symptoms,18-29
174,m00175,2016-09-27,27,male,stable,married,Grad,175.0,71.0,hanoi,23.18367347,yes,<12mo,<12mo,volunteer,no,no,no,no,yes,yes ,no,no,yes,never,never,yes,yes,yes,yes,yes,allsoon,3.0,4.0,3.0,5.0,2.0,selfstudy,bad,6m,med,yes,yes,2.0,2.0,2.0,3.0,300,symptoms,18-29
175,m00176,2016-09-27,29,female,stable,married,Grad,156.0,46.0,hanoi,18.90203813,yes,<12mo,<12mo,volunteer,no,no,no,no,yes,no,no,no,yes,never,never,yes,yes,yes,yes,yes,later,4.0,5.0,4.0,5.0,5.0,selfstudy,quite,6m,low,yes,maybe,3.0,1.0,2.0,2.0,420,symptoms,18-29
176,m00177,2016-09-26,30,male,stable,married,Middle,168.0,60.0,hanoi,21.2585034,no,<12mo,unknown,symptoms,no,no,no,no,yes,yes ,yes,no,no,never,never,yes,no,yes,yes,yes,allsoon,5.0,5.0,5.0,5.0,5.0,selfstudy,quite,12m,low,no,yes,4.0,3.0,4.0,4.0,140,symptoms,30-39
177,m00178,2016-09-26,32,male,stable,married,PostGrad,172.0,63.0,hanoi,21.29529475,no,unknown,unknown,symptoms,yes,no,no,no,yes,yes ,no,no,no,never,never,yes,yes,yes,yes,no,later,4.0,3.0,3.0,4.0,3.0,clinic,unknown,6m,med,no,no,1.0,1.0,1.0,1.0,420,disease_concern,30-39
178,m00179,2016-09-26,19,female,student,unmarried,Grad,157.0,45.0,hanoi,18.25631871,yes,12-24mo,12-24mo,request,yes,no,no,yes,yes,yes ,no,yes,yes,never,yes,yes,yes,no,no,yes,allsoon,3.0,3.0,5.0,4.0,4.0,clinic,quite,12m,med,maybe,maybe,3.0,4.0,3.0,3.0,unknown,symptoms,18-29
179,m00180,2016-09-26,27,female,stable,married,Grad,158.0,50.0,hanoi,20.02884153,yes,<12mo,<12mo,volunteer,yes,yes,yes,no,no,yes ,yes,yes,yes,never,yes,yes,yes,yes,yes,no,allsoon,2.0,2.0,2.0,2.0,2.0,clinic,bad,6m,med,maybe,no,2.0,2.0,2.0,2.0,210,symptoms,18-29
180,m00181,2016-09-30,24,female,stable,married,Grad,152.0,56.0,hanoi,24.23822715,yes,<12mo,<12mo,volunteer,yes,no,no,no,no,yes ,yes,yes,no,never,yes,no,yes,yes,yes,yes,allsoon,4.0,5.0,4.0,5.0,4.0,selfstudy,quite,12m,low,yes,yes,4.0,2.0,3.0,3.0,210,symptoms,18-29
181,m00182,2016-09-30,32,female,stable,married,Middle,152.0,56.0,hanoi,24.23822715,no,<12mo,<12mo,volunteer,no,no,no,no,no,yes ,yes,yes,yes,never,never,yes,yes,yes,yes,yes,partly ,4.0,4.0,4.0,4.0,4.0,selfstudy,bad,12m,med,yes,yes,4.0,4.0,4.0,4.0,300,symptoms,30-39
182,m00183,2016-09-30,23,female,other,married,Middle,158.0,53.0,hanoi,21.23057202,yes,<12mo,<12mo,volunteer,no,no,no,no,yes,no,no,no,no,never,yes,yes,no,yes,no,yes,later,5.0,5.0,5.0,5.0,5.0,clinic,quite,12m,low,no,no,1.0,1.0,1.0,1.0,unknown,symptoms,18-29
183,m00184,2016-09-30,35,female,stable,married,Grad,155.0,43.0,hanoi,17.89802289,yes,<12mo,12-24mo,volunteer,yes,no,yes,no,yes,no,yes,yes,no,never,never,yes,no,yes,yes,yes,allsoon,3.0,4.0,4.0,5.0,5.0,clinic,quite,12m,hi,yes,yes,1.0,1.0,1.0,1.0,420,symptoms,30-39
184,m00185,2016-09-30,34,female,stable,married,Grad,163.0,47.0,hanoi,17.68978885,yes,<12mo,<12mo,volunteer,no,no,yes,no,no,yes ,yes,yes,yes,never,yes,yes,yes,yes,yes,yes,allsoon,5.0,5.0,5.0,5.0,5.0,clinic,bad,6m,hi,no,no,5.0,5.0,5.0,5.0,210,symptoms,30-39
185,m00186,2016-09-26,30,male,stable,married,Middle,164.0,55.0,hanoi,20.44913742,yes,<12mo,<12mo,request,no,no,no,no,no,no,no,yes,no,never,yes,yes,yes,yes,yes,no,later,5.0,5.0,5.0,5.0,5.0,clinic,good,6m,hi,yes,yes,5.0,5.0,5.0,5.0,210,disease_concern,30-39
186,m00187,2016-09-26,31,male,unstable,married,Grad,175.0,80.0,hanoi,26.12244898,no,unknown,unknown,symptoms,no,no,no,no,yes,no,no,no,no,never,yes,yes,yes,yes,yes,no,allsoon,3.0,3.0,3.0,3.0,3.0,askrel,bad,12m,hi,yes,no,1.0,1.0,1.0,1.0,300,disease_concern,30-39
187,m00188,2016-09-26,25,female,stable,unmarried,Grad,150.0,42.0,hanoi,18.66666667,no,<12mo,<12mo,volunteer,no,no,no,no,no,yes ,no,yes,yes,never,never,yes,yes,yes,yes,yes,allsoon,5.0,5.0,5.0,5.0,5.0,selfstudy,bad,6m,hi,yes,yes,3.0,2.0,3.0,3.0,140,symptoms,18-29
188,m00189,2016-09-26,30,male,unstable,married,Grad,160.0,58.0,hanoi,22.65625,no,unknown,unknown,symptoms,no,no,no,no,yes,no,no,no,no,never,yes,yes,yes,yes,yes,yes,allsoon,2.0,3.0,2.0,2.0,3.0,clinic,bad,12m,med,no,yes,5.0,5.0,5.0,5.0,840,disease_concern,30-39
189,m00190,2016-09-26,26,female,housewife,married,Grad,168.0,76.0,hanoi,26.92743764,yes,<12mo,>24mo,volunteer,no,no,no,no,no,yes ,no,yes,yes,never,never,yes,yes,yes,yes,yes,later,3.0,5.0,5.0,5.0,5.0,clinic,unknown,6m,med,yes,no,4.0,4.0,4.0,4.0,unknown,symptoms,18-29
190,m00191,2016-09-26,22,male,unstable,unmarried,Grad,165.0,59.0,hanoi,21.67125803,no,<12mo,<12mo,volunteer,no,no,no,no,no,yes ,yes,no,no,never,never,yes,yes,yes,no,no,later,5.0,5.0,4.0,5.0,5.0,selfstudy,bad,6m,low,maybe,yes,4.0,1.0,3.0,3.0,800,symptoms,18-29
191,m00192,2016-09-26,26,female,stable,married,PostGrad,167.0,60.0,hanoi,21.51385851,yes,<12mo,12-24mo,volunteer,yes,no,no,no,no,yes ,yes,no,yes,never,yes,yes,yes,yes,yes,yes,allsoon,3.0,4.0,1.0,3.0,3.0,selfstudy,quite,6m,med,yes,maybe,1.0,1.0,1.0,2.0,840,symptoms,18-29
192,m00193,2016-09-26,26,female,stable,married,Grad,160.0,50.0,hanoi,19.53125,yes,<12mo,<12mo,symptoms,no,no,no,no,yes,no,no,yes,no,never,yes,no,no,yes,no,yes,partly ,5.0,4.0,5.0,5.0,5.0,selfstudy,quite,6m,low,yes,no,3.0,2.0,3.0,3.0,210,symptoms,18-29
193,m00194,2016-09-26,53,female,unstable,married,Middle,157.0,50.0,hanoi,20.28479857,no,<12mo,<12mo,symptoms,no,no,no,no,no,yes ,no,yes,yes,never,yes,yes,yes,yes,yes,yes,later,4.0,4.0,5.0,5.0,5.0,clinic,quite,6m,med,no,maybe,4.0,4.0,5.0,5.0,unknown,symptoms,>=50
194,m00195,2016-09-26,18,female,student,unmarried,Grad,180.0,50.0,hanoi,15.43209877,yes,<12mo,<12mo,request,yes,yes,yes,no,no,yes ,yes,yes,yes,never,never,yes,yes,yes,yes,yes,allsoon,1.0,1.0,1.0,1.0,1.0,clinic,quite,12m,med,maybe,yes,5.0,5.0,4.0,4.0,105,disease_concern,18-29
195,m00196,2016-09-26,22,male,unstable,unmarried,Grad,168.0,57.0,hanoi,20.19557823,no,<12mo,unknown,symptoms,no,no,no,no,yes,no,no,no,no,never,yes,yes,no,yes,yes,no,allsoon,2.0,2.0,3.0,2.0,3.0,askrel,unknown,6m,hi,no,no,3.0,1.0,1.0,2.0,210,disease_concern,18-29
196,m00197,2016-09-26,30,female,stable,married,PostGrad,162.0,60.0,hanoi,22.86236854,yes,<12mo,<12mo,volunteer,no,no,no,no,no,yes ,yes,yes,yes,never,never,yes,yes,yes,yes,no,allsoon,4.0,3.0,5.0,3.0,4.0,clinic,bad,6m,med,no,no,2.0,1.0,2.0,3.0,210,symptoms,30-39
197,m00198,2016-09-26,27,male,stable,married,Grad,175.0,65.0,hanoi,21.2244898,yes,>24mo,>24mo,request,no,no,no,no,yes,no,no,no,no,never,never,yes,no,yes,yes,no,later,3.0,3.0,5.0,4.0,2.0,selfstudy,bad,g18m,low,yes,no,2.0,2.0,4.0,4.0,840,symptoms,18-29
198,m00199,2016-09-26,28,female,stable,married,Grad,160.0,50.0,hanoi,19.53125,yes,<12mo,unknown,volunteer,no,no,no,no,yes,no,no,no,yes,never,yes,no,yes,yes,yes,yes,later,4.0,5.0,2.0,5.0,3.0,selfstudy,quite,6m,med,no,no,4.0,3.0,4.0,5.0,420,symptoms,18-29
199,m00200,2016-09-26,20,female,unstable,married,Middle,162.0,48.0,hanoi,18.28989483,no,<12mo,>24mo,volunteer,yes,no,no,no,no,yes ,no,no,no,never,never,yes,no,yes,yes,yes,allsoon,3.0,4.0,3.0,4.0,4.0,askrel,bad,6m,med,yes,yes,2.0,2.0,2.0,2.0,210,symptoms,18-29
200,m00201,2016-09-26,32,male,stable,married,Grad,166.0,60.0,hanoi,21.77384236,yes,12-24mo,12-24mo,request,yes,no,no,yes,yes,no,no,yes,yes,yes,yes,yes,yes,yes,yes,yes,allsoon,3.0,3.0,2.0,3.0,2.0,askrel,unknown,6m,low,no,no,1.0,2.0,2.0,2.0,420,symptoms,30-39
201,m00202,2016-09-26,24,female,student,unmarried,Grad,153.0,42.0,hanoi,17.94181725,yes,<12mo,unknown,symptoms,no,no,no,no,yes,no,no,yes,no,never,never,yes,no,yes,no,yes,allsoon,5.0,5.0,5.0,5.0,5.0,selfstudy,quite,6m,med,yes,yes,1.0,1.0,1.0,1.0,420,disease_concern,18-29
202,m00203,2016-09-26,28,female,stable,married,Grad,155.0,46.0,hanoi,19.14672216,no,<12mo,<12mo,symptoms,no,no,no,no,no,yes ,no,yes,no,yes,yes,yes,yes,yes,yes,yes,allsoon,4.0,4.0,2.0,3.0,3.0,selfstudy,quite,6m,med,yes,maybe,2.0,2.0,2.0,2.0,630,symptoms,18-29
203,m00204,2016-09-26,24,female,stable,married,Grad,162.0,55.0,hanoi,20.95717116,yes,<12mo,<12mo,volunteer,no,no,no,no,yes,yes ,yes,no,yes,yes,yes,yes,yes,yes,yes,no,allsoon,4.0,5.0,4.0,4.0,4.0,selfstudy,bad,6m,low,yes,no,4.0,3.0,3.0,2.0,600,disease_concern,18-29
204,m00205,2016-09-26,25,female,stable,unmarried,Grad,157.0,47.0,hanoi,19.06771066,no,<12mo,<12mo,volunteer,yes,no,no,no,no,yes ,no,yes,yes,never,yes,no,yes,yes,no,yes,allsoon,4.0,5.0,4.0,5.0,3.0,selfstudy,quite,6m,hi,yes,maybe,4.0,5.0,5.0,3.0,315,disease_concern,18-29
205,m00206,2016-09-26,24,female,stable,married,Grad,153.0,40.0,hanoi,17.087445,yes,<12mo,unknown,volunteer,no,no,yes,no,no,yes ,no,yes,no,never,never,yes,yes,yes,yes,yes,allsoon,3.0,2.0,2.0,2.0,3.0,askrel,quite,6m,low,maybe,yes,2.0,2.0,2.0,2.0,420,symptoms,18-29
206,m00207,2016-09-26,24,female,stable,unmarried,Grad,152.0,40.0,hanoi,17.31301939,no,<12mo,<12mo,volunteer,no,no,no,no,no,yes ,no,yes,yes,never,yes,no,no,yes,yes,yes,later,4.0,4.0,4.0,4.0,3.0,askrel,quite,6m,med,yes,maybe,4.0,3.0,3.0,3.0,unknown,symptoms,18-29
207,m00208,2016-09-26,24,female,stable,unmarried,Grad,160.0,60.0,hanoi,23.4375,yes,<12mo,12-24mo,volunteer,yes,no,no,no,yes,yes ,no,no,no,never,never,yes,yes,yes,yes,yes,allsoon,3.5,4.0,2.0,5.0,3.5,selfstudy,unknown,6m,hi,yes,yes,2.0,4.0,3.0,3.0,420,disease_concern,18-29
208,m00209,2016-09-26,29,male,stable,married,Middle,170.0,65.0,hanoi,22.49134948,yes,<12mo,unknown,symptoms,yes,no,no,no,no,no,no,no,yes,never,yes,no,yes,yes,yes,yes,allsoon,3.0,4.0,5.0,5.0,1.0,selfstudy,bad,6m,med,no,no,5.0,4.0,4.0,5.0,420,symptoms,18-29
209,m00210,2016-09-26,24,male,stable,married,Grad,172.0,64.0,hanoi,21.63331531,yes,<12mo,<12mo,volunteer,yes,no,no,no,no,yes ,no,no,no,yes,yes,yes,yes,yes,yes,no,allsoon,1.0,2.0,1.0,1.0,1.0,selfstudy,unknown,6m,low,yes,yes,1.0,1.0,3.0,2.0,420,disease_concern,18-29
210,m00211,2016-09-26,18,female,student,unmarried,Grad,150.0,42.0,thanhhoa,18.66666667,yes,unknown,<12mo,request,no,no,no,yes,no,yes ,yes,no,yes,never,yes,yes,no,no,no,yes,partly ,4.0,3.0,4.0,3.0,3.0,selfstudy,quite,6m,low,yes,maybe,3.0,3.0,4.0,3.0,unknown,symptoms,18-29
211,m00212,2016-09-26,27,female,housewife,married,Middle,160.0,47.0,hanoi,18.359375,yes,<12mo,<12mo,volunteer,no,no,no,no,no,yes ,yes,yes,no,never,yes,no,yes,yes,yes,no,allsoon,5.0,5.0,5.0,5.0,5.0,askrel,bad,12m,med,no,no,2.0,1.0,2.0,2.0,210,disease_concern,18-29
212,m00213,2016-09-26,56,male,other,married,Middle,163.0,63.0,hanoi,23.71184463,yes,<12mo,<12mo,volunteer,no,no,no,no,no,yes ,no,yes,yes,yes,never,yes,yes,yes,yes,yes,allsoon,5.0,5.0,5.0,5.0,5.0,selfstudy,quite,6m,hi,no,maybe,3.0,3.0,2.0,2.0,420,disease_concern,>=50
213,m00214,2016-09-26,18,female,student,unmarried,Grad,157.0,41.0,namdinh,16.63353483,yes,<12mo,unknown,request,yes,yes,no,yes,no,no,yes,no,no,never,never,yes,yes,no,yes,no,partly ,2.0,3.0,2.0,3.0,3.0,selfstudy,quite,g18m,low,maybe,maybe,3.0,3.0,3.0,3.0,unknown,symptoms,18-29
214,m00215,2016-09-26,18,female,student,unmarried,Grad,160.0,40.0,namdinh,15.625,yes,<12mo,<12mo,request,yes,yes,no,yes,no,yes ,yes,yes,yes,never,never,yes,no,no,yes,no,allsoon,5.0,3.0,3.0,2.0,5.0,askrel,good,12m,low,maybe,maybe,4.0,2.0,2.0,4.0,unknown,symptoms,18-29
215,m00216,2016-09-26,18,female,student,unmarried,Grad,153.0,45.0,hanoi,19.22337562,no,>24mo,unknown,symptoms,no,no,no,no,no,yes ,no,no,yes,never,never,yes,yes,no,yes,no,later,4.0,4.0,4.0,4.0,4.0,askrel,bad,12m,med,yes,yes,5.0,4.0,4.0,4.0,300,symptoms,18-29
216,m00217,2016-09-26,17,female,student,unmarried,Grad,158.0,48.0,hanoi,19.22768787,no,<12mo,<12mo,volunteer,no,no,no,no,no,yes ,yes,no,yes,never,never,yes,no,yes,yes,no,partly ,4.5,5.0,5.0,5.0,4.5,clinic,good,12m,low,yes,yes,4.0,4.0,4.5,4.5,unknown,disease_concern,<18
217,m00218,2016-09-26,18,female,student,unmarried,Grad,151.0,48.0,hanoi,21.05170826,yes,<12mo,unknown,symptoms,no,yes,no,yes,yes,yes ,no,no,yes,never,never,yes,yes,no,no,yes,allsoon,4.0,4.0,5.0,4.0,4.0,clinic,quite,6m,low,maybe,yes,4.0,3.0,4.0,4.0,unknown,symptoms,18-29
218,m00219,2016-09-26,18,female,student,unmarried,Grad,150.0,45.0,hanoi,20.0,yes,<12mo,unknown,request,yes,no,no,yes,yes,yes ,no,yes,no,yes,yes,no,no,no,yes,no,later,2.0,2.0,3.0,3.0,1.0,askrel,quite,12m,low,maybe,yes,3.0,2.0,1.0,3.0,unknown,disease_concern,18-29
219,m00220,2016-09-24,40,female,stable,married,Grad,147.0,49.0,hanoi,22.67573696,yes,<12mo,<12mo,symptoms,yes,no,no,no,no,yes ,no,yes,yes,yes,yes,yes,yes,yes,yes,yes,allsoon,3.0,2.0,4.0,2.0,3.0,clinic,bad,6m,med,maybe,yes,3.0,1.0,1.0,1.0,210,symptoms,40-49
220,m00221,2016-09-24,31,female,stable,married,Grad,153.0,48.0,bacninh,20.504934,yes,<12mo,<12mo,volunteer,no,no,no,no,yes,no,no,yes,no,never,yes,yes,yes,yes,yes,yes,allsoon,5.0,4.0,5.0,5.0,5.0,clinic,bad,12m,hi,no,no,5.0,5.0,5.0,3.0,210,disease_concern,30-39
221,m00222,2016-09-24,59,female,other,married,High,160.0,39.0,namdinh,15.234375,no,<12mo,<12mo,symptoms,yes,yes,no,no,no,yes ,yes,no,no,yes,yes,yes,yes,no,yes,no,allsoon,5.0,5.0,5.0,5.0,5.0,askrel,unknown,g18m,low,no,no,1.0,1.0,1.0,1.0,unknown,symptoms,>=50
222,m00223,2016-09-24,33,female,stable,married,Grad,163.0,52.0,hanoi,19.57168128,no,<12mo,unknown,symptoms,no,no,no,no,yes,no,no,no,yes,never,never,yes,yes,yes,yes,yes,allsoon,4.0,4.0,5.0,5.0,5.0,askrel,quite,g18m,hi,yes,yes,3.0,2.0,2.0,2.0,unknown,symptoms,30-39
223,m00224,2016-09-24,19,female,stable,married,Middle,155.0,60.0,hanoi,24.97398543,no,<12mo,unknown,symptoms,no,no,no,no,yes,no,no,no,no,yes,never,yes,no,yes,yes,no,later,5.0,5.0,5.0,5.0,5.0,askrel,quite,6m,med,yes,yes,5.0,5.0,5.0,2.0,140,symptoms,18-29
224,m00225,2016-09-24,19,female,other,married,High,149.0,41.0,hanoi,18.46763659,no,<12mo,unknown,volunteer,yes,no,no,no,yes,no,no,no,no,never,never,yes,no,yes,yes,yes,allsoon,5.0,5.0,5.0,5.0,5.0,askrel,unknown,6m,low,no,no,1.0,1.0,1.0,1.0,unknown,symptoms,18-29
225,m00226,2016-09-24,33,female,stable,married,Grad,152.0,52.0,hanoi,22.50692521,yes,<12mo,<12mo,volunteer,yes,yes,yes,yes,yes,no,no,yes,no,never,never,yes,yes,yes,yes,no,later,3.0,3.0,3.0,3.0,3.0,selfstudy,bad,6m,med,no,no,3.0,2.0,3.0,3.0,210,symptoms,30-39
226,m00227,2016-09-24,32,female,stable,married,High,155.0,50.0,hanoi,20.81165453,no,<12mo,<12mo,volunteer,no,no,no,no,no,yes ,no,yes,no,never,yes,yes,yes,yes,yes,yes,allsoon,3.0,5.0,3.0,5.0,5.0,askrel,quite,6m,hi,yes,yes,5.0,3.0,5.0,4.0,140,symptoms,30-39
227,m00228,2016-09-24,23,male,student,unmarried,Grad,183.0,76.0,hanoi,22.69401893,yes,<12mo,<12mo,volunteer,no,no,no,no,no,yes ,no,yes,no,never,yes,yes,yes,yes,yes,yes,later,4.0,4.0,4.0,4.0,4.0,askrel,bad,6m,low,yes,maybe,4.0,4.0,2.0,3.0,720,disease_concern,18-29
228,m00229,2016-09-24,28,male,stable,married,Grad,170.0,63.0,hungyen,21.79930796,yes,<12mo,<12mo,request,no,no,no,no,no,yes ,no,yes,no,never,never,yes,yes,yes,no,no,later,5.0,5.0,5.0,5.0,5.0,askrel,unknown,6m,hi,yes,maybe,2.0,2.0,2.0,2.0,420,disease_concern,18-29
229,m00230,2016-09-24,24,female,stable,married,Grad,155.0,55.0,hanoi,22.89281998,yes,<12mo,12-24mo,volunteer,yes,no,no,no,no,yes ,no,yes,yes,never,yes,no,yes,yes,yes,yes,later,5.0,5.0,5.0,5.0,5.0,askrel,quite,6m,hi,no,maybe,2.0,2.0,2.0,2.0,210,symptoms,18-29
230,m00231,2016-09-24,19,female,student,unmarried,Grad,156.0,61.0,hanoi,25.06574622,no,<12mo,<12mo,request,yes,yes,yes,yes,yes,no,no,yes,no,never,yes,yes,no,yes,yes,yes,later,3.0,3.0,3.0,2.0,1.0,clinic,bad,g18m,low,yes,yes,3.0,2.0,3.0,4.0,unknown,symptoms,18-29
231,m00232,2016-09-24,22,male,student,unmarried,Middle,170.0,75.0,hanoi,25.95155709,yes,>24mo,>24mo,volunteer,yes,yes,yes,yes,yes,yes ,no,no,yes,never,yes,yes,no,no,yes,yes,later,1.0,1.0,1.0,1.0,1.0,selfstudy,unknown,g18m,low,yes,no,2.0,2.0,2.0,2.0,unknown,symptoms,18-29
232,m00233,2016-09-24,18,female,student,unmarried,Grad,163.0,51.0,thanhhoa,19.1953028,no,<12mo,unknown,symptoms,yes,no,no,no,yes,yes ,no,yes,no,yes,yes,no,no,no,yes,no,allsoon,3.0,3.0,2.0,4.0,2.0,askrel,quite,12m,med,maybe,maybe,2.0,2.0,3.0,4.0,unknown,symptoms,18-29
233,m00234,2016-09-24,19,female,student,unmarried,Grad,167.0,55.0,hanoi,19.72103697,yes,<12mo,unknown,disease_concern,no,no,no,no,no,yes ,yes,yes,yes,yes,never,yes,yes,yes,yes,no,partly ,4.5,4.5,5.0,5.0,4.0,askrel,bad,12m,med,maybe,maybe,4.0,3.0,3.0,3.0,420,disease_concern,18-29
234,m00235,2016-09-24,18,female,student,unmarried,Grad,154.0,44.0,hanoi,18.5528757,yes,<12mo,<12mo,request,yes,yes,no,no,yes,yes ,yes,no,no,never,yes,no,yes,yes,yes,no,partly ,3.0,4.0,4.0,5.0,5.0,clinic,unknown,6m,low,maybe,maybe,4.0,4.0,3.0,4.0,unknown,symptoms,18-29
235,m00236,2016-09-24,18,female,student,unmarried,Grad,158.0,47.0,hanoi,18.82711104,yes,unknown,<12mo,request,no,yes,no,yes,no,yes ,no,no,no,never,never,yes,no,no,yes,no,partly ,4.0,5.0,4.0,3.0,3.0,askrel,quite,12m,low,no,maybe,4.0,3.0,3.0,4.0,unknown,symptoms,18-29
236,m00237,2016-09-24,26,male,stable,married,Grad,170.0,65.0,hanoi,22.49134948,yes,<12mo,<12mo,request,no,no,no,no,no,no,no,yes,no,never,never,yes,no,no,yes,yes,later,4.0,4.0,5.0,5.0,5.0,selfstudy,unknown,6m,hi,no,yes,2.0,2.0,2.0,2.0,840,symptoms,18-29
237,m00238,2016-09-24,34,male,stable,married,Grad,170.0,65.0,hanoi,22.49134948,yes,<12mo,<12mo,request,yes,no,no,no,yes,no,no,yes,no,yes,yes,yes,yes,yes,yes,yes,later,4.0,4.0,5.0,4.0,3.0,selfstudy,unknown,12m,hi,no,no,3.0,2.0,2.0,3.0,360,symptoms,30-39
238,m00239,2016-09-24,36,male,stable,married,Grad,166.0,62.0,hanoi,22.4996371,yes,<12mo,<12mo,request,yes,no,no,no,no,no,no,no,no,yes,yes,no,yes,yes,yes,no,allsoon,2.0,3.0,1.0,4.0,4.0,selfstudy,unknown,6m,low,no,maybe,1.0,2.0,2.0,3.0,1050,disease_concern,30-39
239,m00240,2016-09-24,26,male,stable,married,Grad,183.0,61.0,hanoi,18.21493625,yes,<12mo,<12mo,symptoms,yes,no,no,no,no,yes ,no,no,no,never,never,yes,yes,yes,yes,yes,allsoon,2.0,2.0,1.0,3.0,3.0,clinic,quite,6m,low,yes,yes,1.0,1.0,2.0,2.0,315,symptoms,18-29
240,m00241,2016-09-24,41,male,stable,married,Middle,172.0,76.0,hanoi,25.68956193,yes,12-24mo,12-24mo,volunteer,no,no,no,no,no,yes ,no,yes,no,never,yes,yes,yes,yes,yes,no,allsoon,4.0,5.0,4.0,5.0,4.0,clinic,bad,12m,hi,no,no,3.0,2.0,2.0,3.0,420,disease_concern,40-49
241,m00242,2016-09-24,53,female,stable,married,Grad,153.0,52.0,hanoi,22.2136785,yes,<12mo,<12mo,volunteer,yes,no,no,no,no,yes ,no,yes,yes,never,never,yes,yes,yes,yes,yes,allsoon,4.0,2.0,4.0,4.0,3.0,selfstudy,unknown,6m,hi,yes,maybe,3.0,5.0,5.0,4.0,630,symptoms,>=50
242,m00243,2016-09-24,24,female,stable,married,Grad,160.0,70.0,hanoi,27.34375,yes,<12mo,<12mo,volunteer,yes,no,no,no,yes,yes ,no,no,no,never,yes,yes,yes,yes,yes,no,allsoon,3.0,5.0,5.0,5.0,4.0,selfstudy,bad,6m,med,yes,yes,4.0,4.0,4.0,4.0,210,symptoms,18-29
243,m00244,2016-09-24,44,male,stable,married,Grad,164.0,68.0,hanoi,25.2825699,yes,<12mo,<12mo,request,no,no,no,no,yes,yes ,no,yes,no,never,never,yes,yes,yes,yes,yes,allsoon,4.0,3.0,4.0,5.0,5.0,askrel,unknown,12m,hi,no,no,2.0,2.0,2.0,2.0,210,symptoms,40-49
244,m00245,2016-09-24,23,female,stable,married,Grad,155.0,48.0,hanoi,19.97918835,yes,<12mo,unknown,symptoms,no,no,no,no,yes,no,no,no,yes,never,never,yes,yes,yes,no,yes,allsoon,5.0,5.0,5.0,5.0,5.0,clinic,bad,6m,med,no,no,1.0,1.0,2.0,2.0,210,symptoms,18-29
245,m00246,2016-09-24,34,male,stable,married,Middle,170.0,72.0,hanoi,24.91349481,yes,<12mo,<12mo,request,no,no,no,no,no,yes ,yes,yes,yes,never,never,yes,yes,yes,yes,no,allsoon,4.0,4.0,5.0,5.0,5.0,selfstudy,unknown,6m,hi,no,no,3.0,3.0,3.0,3.0,700,disease_concern,30-39
246,m00247,2016-09-24,22,female,stable,unmarried,Grad,155.0,44.0,hanoi,18.31425598,yes,<12mo,unknown,symptoms,yes,no,no,no,yes,yes ,no,yes,yes,never,never,yes,yes,yes,yes,no,allsoon,4.0,4.0,3.0,4.0,1.0,clinic,bad,12m,med,yes,maybe,3.0,1.0,3.0,2.0,150,symptoms,18-29
247,m00248,2016-09-24,22,male,student,unmarried,Grad,170.0,55.0,hanoi,19.03114187,yes,unknown,unknown,symptoms,yes,yes,no,no,no,yes ,yes,no,yes,never,never,yes,no,no,no,no,partly ,4.0,4.0,4.0,4.0,2.0,clinic,quite,18m,low,maybe,maybe,4.0,4.0,4.0,2.0,420,symptoms,18-29
248,m00249,2016-09-24,21,male,student,unmarried,Grad,170.0,54.0,hanoi,18.68512111,yes,<12mo,unknown,disease_concern,no,yes,yes,no,yes,yes ,yes,no,no,yes,yes,yes,yes,yes,yes,no,allsoon,3.0,2.0,4.0,4.0,4.0,clinic,bad,6m,low,yes,yes,2.0,3.0,2.0,2.0,145,symptoms,18-29
249,m00250,2016-09-24,21,female,student,unmarried,Grad,167.0,47.0,hanoi,16.8525225,yes,<12mo,>24mo,symptoms,yes,yes,no,yes,yes,yes ,yes,no,yes,never,never,yes,no,yes,yes,no,partly ,3.0,3.0,3.0,2.0,4.0,clinic,bad,6m,low,yes,maybe,2.0,2.0,2.0,2.0,unknown,symptoms,18-29
250,m00251,2016-09-24,25,female,stable,married,Grad,158.0,51.0,hanoi,20.42941836,yes,<12mo,<12mo,request,yes,yes,no,no,yes,yes ,yes,yes,no,never,never,yes,yes,yes,yes,yes,partly ,4.0,4.0,3.0,4.0,3.0,askrel,bad,12m,low,yes,yes,5.0,4.0,3.0,3.0,200,symptoms,18-29
251,m00252,2016-09-24,21,female,student,unmarried,Grad,162.0,48.0,hanoi,18.28989483,yes,12-24mo,>24mo,symptoms,yes,no,no,no,yes,yes ,no,no,yes,yes,never,yes,yes,yes,yes,no,allsoon,4.0,4.0,3.0,4.0,3.0,askrel,quite,6m,med,yes,maybe,2.0,2.0,2.0,2.0,unknown,symptoms,18-29
252,m00253,2016-09-24,22,female,student,unmarried,Grad,168.0,55.0,hanoi,19.48696145,yes,<12mo,unknown,request,yes,yes,no,no,yes,yes ,yes,yes,no,never,never,yes,yes,yes,no,yes,later,2.0,5.0,1.0,4.0,3.0,askrel,good,g18m,low,maybe,maybe,4.0,1.0,3.0,2.0,unknown,symptoms,18-29
253,m00254,2016-09-24,21,female,student,unmarried,Grad,155.0,48.0,hanoi,19.97918835,yes,>24mo,>24mo,volunteer,yes,no,no,no,yes,yes ,no,no,no,never,yes,no,yes,no,yes,yes,allsoon,4.0,4.0,2.0,4.0,2.0,clinic,quite,g18m,low,yes,maybe,4.0,3.0,4.0,2.0,200,symptoms,18-29
254,m00255,2016-09-24,19,female,student,unmarried,Grad,153.0,43.0,hanoi,18.36900337,yes,<12mo,<12mo,request,yes,yes,yes,yes,yes,yes ,yes,no,no,never,never,yes,yes,yes,yes,yes,later,2.0,2.0,3.0,3.0,2.0,clinic,bad,g18m,low,yes,yes,4.0,5.0,4.0,3.0,300,disease_concern,18-29
255,m00256,2016-09-24,19,female,student,unmarried,Grad,160.0,45.0,hanoi,17.578125,yes,<12mo,<12mo,request,yes,no,no,no,no,yes ,no,yes,no,never,never,yes,yes,yes,yes,no,allsoon,4.0,3.0,2.0,5.0,1.0,clinic,quite,12m,low,yes,maybe,4.0,3.0,4.0,4.0,140,symptoms,18-29
256,m00257,2016-09-24,19,female,student,unmarried,Grad,153.0,40.0,hanoi,17.087445,yes,<12mo,<12mo,request,yes,no,no,no,no,no,no,yes,no,never,never,yes,no,no,yes,no,allsoon,4.0,3.0,2.0,5.0,1.0,clinic,quite,g18m,low,maybe,maybe,1.0,2.0,3.0,4.0,unknown,symptoms,18-29
257,m00258,2016-09-24,19,male,student,unmarried,Grad,154.0,49.0,hanoi,20.66115702,yes,<12mo,<12mo,request,yes,yes,yes,no,yes,yes ,no,yes,no,never,yes,yes,yes,no,yes,yes,allsoon,3.0,3.0,2.0,4.0,4.0,clinic,unknown,g18m,low,yes,yes,3.0,2.0,3.0,4.0,unknown,symptoms,18-29
258,m00259,2016-09-24,19,male,student,unmarried,Grad,170.0,50.0,hanoi,17.30103806,yes,unknown,unknown,request,no,no,no,no,yes,yes ,no,no,yes,never,yes,yes,yes,yes,yes,no,allsoon,4.0,3.0,5.0,3.0,1.0,clinic,quite,g18m,hi,maybe,maybe,5.0,3.0,3.0,1.0,200,disease_concern,18-29
259,m00260,2016-09-24,20,male,student,unmarried,Grad,164.0,50.0,hanoi,18.59012493,yes,<12mo,>24mo,request,no,no,no,no,no,yes ,no,no,no,never,never,yes,yes,yes,yes,no,allsoon,3.0,3.0,2.0,3.0,4.0,selfstudy,good,6m,med,maybe,maybe,3.0,4.0,3.0,3.0,unknown,symptoms,18-29
260,m00261,2016-09-23,29,male,unstable,married,PostGrad,162.0,59.0,hanoi,22.48132907,yes,<12mo,unknown,symptoms,no,no,no,no,yes,no,no,no,no,yes,yes,yes,no,yes,yes,yes,later,5.0,5.0,5.0,5.0,5.0,selfstudy,unknown,6m,med,no,no,1.0,1.0,2.0,2.0,420,disease_concern,18-29
261,m00262,2016-09-23,21,male,student,unmarried,Grad,170.0,50.0,hatinh,17.30103806,yes,<12mo,<12mo,volunteer,no,no,no,no,no,no,no,yes,no,never,yes,yes,no,yes,no,no,later,4.0,3.0,4.0,2.0,3.0,selfstudy,quite,6m,low,no,maybe,4.0,2.0,3.0,2.0,840,symptoms,18-29
262,m00263,2016-09-23,27,female,stable,married,Grad,165.0,68.0,hanoi,24.97704316,yes,<12mo,<12mo,request,no,no,no,no,no,no,no,yes,no,never,never,yes,yes,yes,no,no,later,3.0,1.0,2.0,3.0,2.0,selfstudy,bad,12m,med,yes,maybe,3.0,2.0,2.0,1.0,140,disease_concern,18-29
263,m00264,2016-09-23,30,female,stable,married,PostGrad,160.0,57.0,hoabinh,22.265625,yes,<12mo,<12mo,volunteer,no,no,no,no,no,yes ,no,yes,yes,never,never,yes,yes,yes,yes,yes,allsoon,4.0,5.0,4.0,5.0,4.0,selfstudy,bad,12m,med,no,yes,2.0,3.0,2.0,2.0,210,symptoms,30-39
264,m00265,2016-09-23,30,female,stable,married,Grad,153.0,44.0,hanoi,18.7961895,no,>24mo,unknown,volunteer,no,no,no,no,yes,no,no,no,no,never,yes,yes,yes,yes,yes,no,allsoon,4.0,2.0,5.0,3.0,5.0,askrel,bad,6m,hi,no,maybe,3.0,2.0,3.0,3.0,210,symptoms,30-39
265,m00266,2016-09-23,26,male,stable,unmarried,Grad,175.0,60.0,hanoi,19.59183673,no,unknown,unknown,request,yes,yes,yes,yes,yes,yes ,yes,yes,no,never,yes,yes,no,no,yes,no,partly ,2.0,4.0,3.0,3.0,1.0,selfstudy,unknown,g18m,low,maybe,maybe,5.0,3.0,3.0,2.0,200,symptoms,18-29
266,m00267,2016-09-23,25,male,stable,unmarried,Grad,165.0,62.0,haiduong,22.77318641,yes,<12mo,<12mo,request,yes,no,no,no,yes,no,no,yes,no,never,never,yes,no,no,yes,no,allsoon,4.0,4.0,4.0,3.0,5.0,selfstudy,unknown,12m,low,no,maybe,3.0,4.0,2.0,3.0,1050,symptoms,18-29
267,m00268,2016-09-23,31,male,stable,married,Middle,166.0,55.0,hanoi,19.95935549,yes,unknown,unknown,symptoms,no,no,no,no,yes,no,no,no,no,never,never,yes,yes,yes,yes,yes,later,4.0,4.0,4.0,5.0,4.0,selfstudy,bad,g18m,low,no,yes,3.0,2.0,2.0,4.0,300,disease_concern,30-39
268,m00269,2016-09-23,32,male,stable,married,Grad,163.0,60.0,hanoi,22.58270917,yes,<12mo,<12mo,volunteer,no,no,no,no,no,yes ,no,yes,no,never,never,yes,yes,yes,no,yes,allsoon,3.0,3.0,5.0,3.0,3.0,selfstudy,unknown,6m,low,yes,yes,4.0,4.0,2.0,3.0,315,disease_concern,30-39
269,m00270,2016-09-23,27,female,stable,married,Grad,160.0,55.0,hanoi,21.484375,yes,<12mo,12-24mo,volunteer,yes,yes,yes,no,yes,yes ,yes,no,no,never,never,yes,yes,yes,yes,no,allsoon,3.0,2.0,1.0,3.0,2.0,selfstudy,bad,6m,med,no,maybe,5.0,4.0,5.0,4.0,210,symptoms,18-29
270,m00271,2016-09-23,25,female,stable,unmarried,Grad,148.0,40.0,hanoi,18.26150475,yes,>24mo,unknown,symptoms,no,no,no,no,yes,no,yes,no,no,never,yes,yes,yes,yes,yes,yes,allsoon,5.0,5.0,5.0,5.0,5.0,askrel,bad,12m,med,no,maybe,3.0,3.0,2.0,3.0,420,disease_concern,18-29
271,m00272,2016-09-23,28,female,unstable,unmarried,Grad,152.0,44.0,hanoi,19.04432133,no,<12mo,<12mo,volunteer,no,no,no,no,yes,yes ,yes,no,no,never,never,yes,yes,yes,yes,yes,later,3.0,3.0,3.0,4.0,3.0,selfstudy,unknown,6m,low,yes,no,4.0,4.0,4.0,3.0,210,symptoms,18-29
272,m00273,2016-09-23,19,female,student,unmarried,Grad,157.0,49.0,hanoi,19.8791026,yes,<12mo,12-24mo,symptoms,no,no,no,no,yes,no,no,yes,no,yes,yes,no,yes,yes,no,no,allsoon,4.0,4.0,4.0,3.0,3.0,selfstudy,bad,6m,med,no,yes,2.0,2.0,2.0,2.0,420,symptoms,18-29
273,m00274,2016-09-23,46,male,other,married,Middle,167.0,72.0,hungyen,25.81663021,yes,<12mo,<12mo,symptoms,no,no,no,no,no,yes ,no,yes,yes,never,yes,yes,yes,yes,yes,yes,allsoon,5.0,5.0,4.0,5.0,5.0,clinic,bad,6m,med,no,no,4.0,4.0,3.0,4.0,600,disease_concern,40-49
274,m00275,2016-09-23,21,female,student,married,Grad,158.0,46.0,hanoi,18.42653421,yes,<12mo,<12mo,volunteer,no,no,no,no,yes,no,no,yes,no,yes,yes,yes,yes,yes,yes,yes,allsoon,4.0,3.0,5.0,3.0,4.0,selfstudy,bad,6m,low,yes,maybe,3.0,2.0,2.0,4.0,140,symptoms,18-29
275,m00276,2016-09-23,23,male,stable,unmarried,PostGrad,179.5,76.2,hanoi,23.64972339,no,<12mo,<12mo,request,no,no,no,yes,yes,yes ,yes,no,yes,never,yes,yes,yes,yes,yes,yes,later,5.0,5.0,5.0,5.0,5.0,clinic,quite,12m,med,yes,maybe,4.0,4.0,5.0,4.0,1080,disease_concern,18-29
276,m00277,2016-09-23,24,male,stable,unmarried,Middle,171.0,60.0,hanoi,20.51913409,yes,<12mo,unknown,symptoms,yes,no,no,no,yes,yes ,no,no,no,never,yes,yes,yes,yes,no,yes,allsoon,4.0,4.0,3.0,4.0,4.0,selfstudy,quite,6m,med,no,maybe,2.0,2.0,2.0,2.0,210,symptoms,18-29
277,m00278,2016-09-23,27,female,stable,married,Grad,150.0,60.0,hanoi,26.66666667,yes,<12mo,<12mo,volunteer,yes,no,no,no,yes,no,no,no,yes,never,never,yes,yes,yes,yes,yes,later,5.0,4.0,4.0,5.0,5.0,selfstudy,quite,6m,hi,no,no,3.0,4.0,3.0,2.0,210,symptoms,18-29
278,m00279,2016-09-23,35,male,stable,married,Middle,167.0,65.0,hanoi,23.30668005,yes,unknown,unknown,volunteer,yes,no,no,yes,no,no,no,no,yes,never,yes,yes,yes,yes,yes,yes,allsoon,3.0,2.0,2.0,2.0,2.0,clinic,bad,6m,low,maybe,maybe,2.0,1.0,1.0,1.0,70,symptoms,30-39
279,m00280,2016-09-23,61,female,housewife,married,High,156.0,57.0,phutho,23.42209073,yes,<12mo,unknown,symptoms,yes,no,no,yes,no,yes ,no,no,yes,never,never,yes,yes,yes,yes,no,later,3.0,2.0,2.0,2.0,4.0,clinic,good,6m,hi,no,no,4.0,3.0,3.0,3.0,unknown,symptoms,>=50
280,m00281,2016-09-23,26,male,stable,married,Grad,172.0,65.0,hanoi,21.97133586,yes,<12mo,<12mo,request,no,no,no,no,no,yes ,no,yes,no,never,never,yes,yes,yes,no,no,later,5.0,5.0,5.0,4.0,4.0,selfstudy,unknown,6m,med,no,yes,3.0,1.0,2.0,2.0,unknown,symptoms,18-29
281,m00282,2016-09-23,37,female,stable,married,Grad,152.0,53.0,hanoi,22.93975069,yes,<12mo,<12mo,volunteer,no,no,no,no,no,yes ,no,yes,no,never,never,yes,yes,yes,yes,no,later,4.0,4.0,4.0,5.0,5.0,clinic,quite,6m,med,yes,yes,2.0,1.0,1.0,2.0,300,symptoms,30-39
282,m00283,2016-09-23,34,female,stable,married,Grad,156.0,47.0,hanoi,19.31295201,yes,<12mo,<12mo,symptoms,no,no,no,no,yes,no,no,yes,no,yes,yes,yes,yes,yes,yes,yes,later,4.0,4.0,4.0,3.5,3.0,clinic,bad,12m,med,no,no,1.0,2.0,2.0,1.0,210,symptoms,30-39
283,m00284,2016-09-23,26,female,stable,married,Grad,155.0,52.0,hanoi,21.64412071,yes,<12mo,<12mo,volunteer,no,no,no,no,no,yes ,no,yes,no,never,never,yes,yes,yes,yes,yes,later,4.0,5.0,5.0,5.0,5.0,clinic,bad,6m,med,no,yes,5.0,5.0,5.0,5.0,420,disease_concern,18-29
284,m00285,2016-09-23,20,male,student,unmarried,Grad,187.0,78.0,hanoi,22.30547056,yes,<12mo,12-24mo,symptoms,no,no,no,no,yes,no,no,no,yes,never,never,yes,yes,yes,yes,yes,later,3.0,3.0,3.0,5.0,4.0,clinic,bad,6m,low,maybe,yes,4.0,3.0,3.0,4.0,420,disease_concern,18-29
285,m00286,2016-09-23,24,female,stable,married,Grad,157.0,55.0,hanoi,22.31327843,yes,<12mo,<12mo,volunteer,yes,no,no,no,no,yes ,yes,yes,no,never,never,yes,yes,yes,yes,yes,allsoon,4.0,4.0,5.0,3.0,5.0,clinic,bad,6m,med,no,yes,3.0,2.0,2.0,4.0,840,symptoms,18-29
286,m00287,2016-09-23,22,female,stable,married,Grad,163.0,50.0,hanoi,18.81892431,no,<12mo,<12mo,symptoms,yes,no,no,no,no,yes ,no,yes,no,never,never,yes,yes,no,no,yes,partly ,3.0,5.0,5.0,5.0,5.0,selfstudy,bad,6m,med,no,yes,3.0,3.0,3.0,4.0,300,disease_concern,18-29
287,m00288,2016-09-23,18,female,student,unmarried,Grad,158.0,47.0,hanoi,18.82711104,yes,<12mo,<12mo,request,yes,yes,no,no,yes,yes ,yes,yes,no,never,never,yes,no,yes,no,no,allsoon,3.0,2.0,1.0,2.0,3.0,selfstudy,bad,12m,low,yes,maybe,2.0,2.0,2.0,2.0,210,symptoms,18-29
288,m00289,2016-09-23,24,female,stable,married,Grad,164.0,52.0,hanoi,19.33372992,no,<12mo,<12mo,volunteer,no,no,no,no,no,yes ,no,no,no,never,never,yes,no,no,yes,yes,allsoon,4.0,4.0,3.0,4.0,5.0,selfstudy,bad,6m,low,no,no,4.0,4.0,4.0,4.0,210,symptoms,18-29
289,m00290,2016-09-23,26,male,stable,unmarried,Grad,170.0,76.0,hanoi,26.29757785,yes,<12mo,<12mo,request,no,no,no,no,yes,no,no,yes,no,never,never,yes,yes,yes,yes,no,allsoon,4.0,4.0,4.0,4.0,4.0,selfstudy,quite,6m,low,yes,maybe,2.0,3.0,3.0,3.0,210,symptoms,18-29
290,m00291,2016-09-23,26,male,unstable,married,Grad,164.0,60.0,hanoi,22.30814991,no,<12mo,<12mo,symptoms,yes,yes,no,no,no,no,yes,no,yes,never,yes,yes,yes,yes,yes,yes,partly ,2.5,3.5,4.0,4.0,3.0,selfstudy,bad,6m,med,no,no,2.5,3.0,2.0,2.5,420,symptoms,18-29
291,m00292,2016-09-23,28,male,other,married,Middle,164.0,54.0,hanoi,20.07733492,yes,<12mo,unknown,symptoms,yes,no,no,no,no,yes ,no,no,no,never,never,yes,yes,yes,no,no,later,5.0,5.0,4.0,5.0,5.0,clinic,quite,6m,low,yes,maybe,1.0,1.0,1.0,1.0,840,symptoms,18-29
292,m00293,2016-09-23,26,male,stable,unmarried,Grad,175.0,70.0,hanoi,22.85714286,yes,<12mo,<12mo,request,yes,no,no,no,yes,no,no,yes,no,never,yes,yes,no,yes,yes,no,allsoon,3.0,3.0,4.0,3.0,2.0,selfstudy,bad,12m,med,yes,no,2.0,2.0,2.0,2.0,210,symptoms,18-29
293,m00294,2016-09-23,24,female,unstable,unmarried,Middle,150.0,57.0,hanoi,25.33333333,no,12-24mo,12-24mo,volunteer,no,no,no,no,no,yes ,no,no,no,never,yes,yes,yes,yes,yes,yes,allsoon,4.0,3.0,3.0,4.0,3.0,selfstudy,quite,6m,hi,maybe,maybe,4.0,2.0,1.0,3.0,600,symptoms,18-29
294,m00295,2016-09-23,22,female,student,unmarried,Grad,164.0,50.0,hanoi,18.59012493,yes,unknown,unknown,symptoms,yes,yes,no,yes,yes,yes ,yes,no,no,yes,yes,no,yes,no,yes,yes,allsoon,3.0,4.0,2.0,4.0,3.0,askrel,quite,6m,low,yes,maybe,4.0,2.0,2.0,3.0,300,symptoms,18-29
295,m00296,2016-09-22,21,female,student,unmarried,Grad,158.0,43.0,hanoi,17.22480372,yes,unknown,unknown,request,yes,no,no,yes,no,yes ,no,yes,no,never,yes,yes,yes,yes,no,no,partly ,2.0,2.0,3.0,2.0,3.0,clinic,good,12m,low,maybe,maybe,4.0,3.0,4.0,3.0,210,symptoms,18-29
296,m00297,2016-09-22,21,female,student,unmarried,Grad,150.0,38.0,hanoi,16.88888889,yes,<12mo,12-24mo,symptoms,no,yes,no,yes,yes,yes ,no,yes,no,never,yes,yes,no,yes,no,yes,allsoon,4.0,2.0,2.0,3.0,4.0,selfstudy,quite,12m,med,maybe,maybe,5.0,4.0,2.0,1.0,240,disease_concern,18-29
297,m00298,2016-09-22,21,female,student,unmarried,Grad,157.0,46.0,hanoi,18.66201469,yes,>24mo,>24mo,request,yes,no,no,no,no,yes ,yes,no,no,never,never,yes,yes,yes,no,no,later,3.0,3.0,3.0,3.0,3.0,askrel,bad,g18m,med,yes,no,2.0,3.0,2.0,2.0,300,symptoms,18-29
298,m00299,2016-09-22,22,female,student,unmarried,Grad,160.0,60.0,hanoi,23.4375,yes,unknown,unknown,symptoms,no,no,no,yes,no,yes ,no,no,no,never,never,yes,yes,no,no,no,allsoon,2.0,3.0,4.0,5.0,2.0,clinic,good,6m,med,yes,yes,3.0,5.0,2.0,1.0,420,disease_concern,18-29
299,m00300,2016-09-22,22,female,student,unmarried,Grad,162.0,48.0,hanoi,18.28989483,yes,<12mo,unknown,symptoms,yes,yes,no,yes,yes,yes ,yes,no,no,yes,yes,no,yes,no,yes,yes,allsoon,3.0,4.0,2.0,4.0,3.0,askrel,quite,6m,low,yes,maybe,4.0,2.0,2.0,3.0,300,symptoms,18-29
300,m00301,2016-09-22,23,female,student,unmarried,Grad,157.0,43.0,hanoi,17.44492677,yes,unknown,unknown,symptoms,yes,yes,no,yes,yes,yes ,yes,no,no,yes,yes,no,yes,no,yes,yes,allsoon,3.0,4.0,2.0,4.0,3.0,askrel,quite,6m,low,yes,maybe,4.0,2.0,2.0,3.0,300,symptoms,18-29
301,m00302,2016-09-22,22,female,student,unmarried,Grad,154.0,44.0,hanoi,18.5528757,yes,unknown,unknown,symptoms,yes,yes,no,no,no,yes ,yes,yes,no,never,yes,yes,yes,no,yes,no,allsoon,3.0,4.0,2.0,4.0,3.0,askrel,quite,6m,low,yes,maybe,4.0,2.0,2.0,3.0,300,symptoms,18-29
302,m00303,2016-09-22,23,female,student,unmarried,Grad,153.0,45.7,hanoi,19.52240591,yes,<12mo,<12mo,request,yes,no,no,no,no,yes ,no,no,no,never,yes,no,yes,no,yes,no,allsoon,3.0,3.0,4.0,4.0,3.0,askrel,quite,6m,med,maybe,maybe,3.0,4.0,3.0,3.0,420,symptoms,18-29
303,m00304,2016-09-22,23,female,student,unmarried,Grad,158.0,40.0,hanoi,16.02307323,yes,<12mo,unknown,symptoms,yes,no,no,yes,yes,yes ,yes,no,no,yes,yes,yes,yes,yes,yes,no,allsoon,3.0,3.0,2.0,3.0,1.0,selfstudy,bad,6m,low,maybe,maybe,1.0,3.0,3.0,3.0,350,symptoms,18-29
304,m00305,2016-09-22,22,female,student,married,Grad,154.0,44.0,hanoi,18.5528757,yes,<12mo,<12mo,symptoms,yes,no,no,yes,yes,yes ,yes,no,no,yes,yes,yes,yes,yes,yes,no,allsoon,3.0,3.0,3.0,3.0,4.0,askrel,bad,6m,low,maybe,maybe,2.0,3.0,3.0,3.0,160,symptoms,18-29
305,m00306,2016-09-22,40,male,stable,married,Grad,164.0,87.0,hanoi,32.34681737,yes,<12mo,>24mo,symptoms,yes,no,no,no,yes,no,no,no,yes,yes,yes,yes,yes,yes,yes,yes,later,4.0,4.0,3.0,3.0,3.0,selfstudy,bad,12m,med,yes,no,3.0,2.0,3.0,2.0,350,disease_concern,40-49
306,m00307,2016-09-22,24,male,student,married,Grad,170.0,64.0,hanoi,22.14532872,no,12-24mo,12-24mo,request,no,no,no,no,no,yes ,no,yes,no,never,never,yes,yes,yes,yes,no,later,3.0,5.0,4.0,5.0,2.0,selfstudy,bad,6m,med,no,maybe,1.0,1.0,1.0,1.0,420,disease_concern,18-29
307,m00308,2016-09-22,26,female,stable,unmarried,Grad,153.0,46.0,hanoi,19.65056175,yes,<12mo,<12mo,request,no,no,no,no,yes,no,no,no,yes,never,yes,yes,no,yes,yes,yes,later,5.0,5.0,5.0,5.0,5.0,askrel,quite,12m,low,no,yes,2.0,2.0,2.0,2.0,200,disease_concern,18-29
308,m00309,2016-09-22,25,male,stable,married,Grad,170.0,62.0,hanoi,21.4532872,no,<12mo,<12mo,request,no,no,no,no,no,no,no,yes,no,never,never,yes,yes,yes,no,yes,later,4.0,4.0,3.0,4.0,4.0,clinic,quite,6m,med,no,yes,4.0,3.0,2.0,3.0,420,symptoms,18-29
309,m00310,2016-09-22,23,female,student,unmarried,Grad,160.0,51.0,hanoi,19.921875,yes,<12mo,unknown,symptoms,yes,yes,no,yes,yes,yes ,yes,no,yes,yes,yes,no,yes,yes,yes,yes,allsoon,2.0,3.0,4.0,5.0,2.0,clinic,quite,12m,low,maybe,yes,3.0,3.0,3.0,4.0,420,disease_concern,18-29
310,m00311,2016-09-22,31,female,stable,married,Grad,163.0,48.0,hanoi,18.06616734,yes,<12mo,>24mo,symptoms,no,no,no,no,yes,no,no,no,yes,never,yes,yes,yes,yes,no,yes,allsoon,3.0,3.0,1.0,3.0,2.0,selfstudy,bad,6m,hi,maybe,yes,3.0,2.0,2.0,2.0,420,symptoms,30-39
311,m00312,2016-09-22,25,female,stable,married,Grad,160.0,56.0,hanoi,21.875,yes,<12mo,<12mo,volunteer,no,no,no,no,no,no,no,yes,no,never,never,yes,yes,yes,no,yes,later,3.0,3.0,4.0,4.0,3.0,selfstudy,unknown,6m,low,yes,maybe,2.0,1.0,2.0,2.0,315,symptoms,18-29
312,m00313,2016-09-22,26,male,stable,married,Grad,170.0,57.0,hanoi,19.72318339,yes,<12mo,<12mo,request,no,no,no,no,no,no,no,yes,no,never,never,yes,yes,yes,yes,no,allsoon,4.5,3.5,4.0,3.0,4.0,askrel,unknown,12m,low,maybe,maybe,4.0,5.0,4.0,4.0,300,disease_concern,18-29
313,m00314,2016-09-22,24,female,stable,married,Grad,155.0,54.0,hanoi,22.47658689,no,<12mo,12-24mo,volunteer,yes,no,no,no,no,yes ,no,no,no,never,never,yes,yes,yes,no,yes,later,4.0,5.0,5.0,4.0,4.5,selfstudy,quite,6m,hi,yes,yes,5.0,4.5,5.0,5.0,420,disease_concern,18-29
314,m00315,2016-09-22,29,female,stable,married,Grad,160.0,56.0,hanoi,21.875,yes,<12mo,>24mo,volunteer,no,no,no,no,no,yes ,no,yes,yes,never,yes,yes,yes,yes,yes,yes,allsoon,5.0,5.0,5.0,5.0,5.0,selfstudy,bad,6m,hi,yes,yes,1.0,1.0,2.0,2.0,210,symptoms,18-29
315,m00316,2016-09-22,26,female,housewife,married,Grad,150.0,40.0,hanoi,17.77777778,no,<12mo,unknown,symptoms,no,no,no,no,yes,no,no,no,no,never,never,yes,yes,yes,no,no,later,3.0,2.0,2.0,2.0,3.0,askrel,quite,g18m,hi,maybe,maybe,2.0,3.0,2.0,3.0,unknown,symptoms,18-29
316,m00317,2016-09-22,26,female,stable,unmarried,PostGrad,150.0,49.0,hanoi,21.77777778,yes,<12mo,<12mo,request,yes,yes,yes,no,no,no,no,yes,no,never,yes,no,yes,no,no,no,partly ,4.0,3.0,2.0,3.0,3.0,selfstudy,quite,6m,med,yes,yes,2.0,3.0,2.0,1.0,unknown,symptoms,18-29
317,m00318,2016-09-22,28,male,stable,married,Grad,178.0,75.0,hanoi,23.67125363,yes,<12mo,<12mo,request,no,no,no,no,yes,no,no,yes,no,yes,never,yes,yes,yes,yes,yes,allsoon,4.0,5.0,4.0,5.0,4.0,askrel,bad,6m,med,no,yes,3.0,3.0,2.0,3.0,420,disease_concern,18-29
318,m00319,2016-09-22,31,female,housewife,married,Middle,160.0,58.0,hanoi,22.65625,no,<12mo,>24mo,volunteer,no,no,no,no,yes,no,no,no,yes,never,never,yes,yes,yes,yes,yes,later,5.0,5.0,5.0,5.0,4.0,askrel,bad,12m,hi,no,yes,1.0,1.0,2.0,3.0,420,disease_concern,30-39
319,m00320,2016-09-22,22,male,stable,married,Middle,170.0,53.0,hanoi,18.33910035,yes,unknown,unknown,symptoms,yes,no,no,no,yes,no,no,no,no,never,never,yes,yes,yes,no,yes,later,5.0,5.0,5.0,5.0,5.0,clinic,unknown,6m,med,yes,yes,4.0,2.0,3.0,3.5,300,symptoms,18-29
320,m00321,2016-09-28,23,male,student,unmarried,Grad,175.0,55.0,hanoi,17.95918367,yes,<12mo,unknown,symptoms,no,yes,no,no,no,yes ,no,no,no,yes,never,no,no,no,no,no,allsoon,4.0,4.0,2.0,5.0,3.0,selfstudy,good,12m,low,maybe,no,1.0,1.0,1.0,1.0,840,symptoms,18-29
321,m00322,2016-09-28,20,female,student,unmarried,Grad,161.0,57.0,hanoi,21.98989237,yes,<12mo,12-24mo,symptoms,yes,yes,yes,yes,no,yes ,no,no,no,yes,yes,no,yes,no,yes,no,partly ,3.0,3.0,2.0,4.0,3.0,selfstudy,quite,g18m,low,maybe,maybe,2.0,2.0,3.0,2.0,350,symptoms,18-29
322,m00323,2016-09-28,23,female,student,unmarried,Grad,159.0,47.0,hanoi,18.59103675,yes,<12mo,<12mo,request,yes,yes,yes,yes,yes,yes ,yes,no,no,never,never,yes,yes,no,no,no,allsoon,4.0,4.0,5.0,4.0,5.0,clinic,quite,12m,low,no,maybe,2.0,3.0,2.0,3.0,420,symptoms,18-29
323,m00324,2016-09-28,25,female,other,married,Grad,170.0,56.0,hanoi,19.37716263,yes,>24mo,unknown,symptoms,no,no,no,yes,yes,yes ,no,no,no,never,never,yes,no,no,yes,yes,later,1.0,2.0,2.0,2.0,2.0,clinic,good,12m,low,maybe,maybe,2.0,2.0,3.0,3.0,420,symptoms,18-29
324,m00325,2016-09-28,20,female,student,unmarried,Grad,160.0,45.0,hanoi,17.578125,yes,<12mo,>24mo,symptoms,yes,yes,no,yes,yes,yes ,yes,yes,yes,yes,yes,no,yes,yes,yes,yes,allsoon,1.0,2.0,1.0,1.0,1.0,askrel,bad,6m,low,yes,maybe,2.0,1.0,1.0,1.0,630,symptoms,18-29
325,m00326,2016-09-28,21,male,student,unmarried,Grad,170.0,75.0,hanoi,25.95155709,yes,<12mo,<12mo,volunteer,no,no,no,no,no,yes ,yes,yes,yes,never,never,yes,yes,no,no,yes,allsoon,4.0,4.0,4.0,4.0,4.0,clinic,good,12m,hi,yes,yes,1.0,1.0,1.0,1.0,420,symptoms,18-29
326,m00327,2016-09-28,20,female,student,unmarried,Grad,158.0,42.0,hanoi,16.82422689,yes,unknown,unknown,symptoms,yes,no,no,no,yes,yes ,yes,no,no,never,yes,yes,no,no,yes,yes,allsoon,3.0,2.0,1.0,4.0,2.0,selfstudy,good,12m,low,maybe,maybe,2.0,4.0,3.0,5.0,840,symptoms,18-29
327,m00328,2016-09-28,20,female,student,unmarried,Grad,165.0,53.0,hanoi,19.46740129,yes,<12mo,>24mo,symptoms,yes,yes,yes,yes,yes,no,no,yes,no,yes,yes,yes,yes,yes,yes,yes,partly ,2.0,1.0,1.0,4.0,2.0,askrel,quite,12m,med,maybe,maybe,3.0,2.0,3.0,4.0,415,symptoms,18-29
328,m00329,2016-09-28,22,female,student,unmarried,Grad,165.0,45.0,hanoi,16.52892562,yes,>24mo,>24mo,request,yes,yes,yes,yes,yes,no,no,yes,no,never,never,yes,no,yes,yes,no,allsoon,4.0,1.0,1.0,2.0,2.0,askrel,good,g18m,low,maybe,yes,3.0,2.0,2.0,3.0,300,symptoms,18-29
329,m00330,2016-09-28,22,female,unstable,unmarried,Grad,163.0,45.0,hanoi,16.93703188,yes,>24mo,>24mo,request,no,yes,yes,no,yes,no,no,no,no,never,never,yes,no,yes,no,no,later,3.0,3.0,1.0,3.0,2.0,askrel,bad,12m,med,yes,maybe,3.0,1.0,2.0,2.0,unknown,symptoms,18-29
330,m00331,2016-09-28,24,female,student,unmarried,Grad,152.0,45.0,hanoi,19.47714681,yes,12-24mo,unknown,symptoms,yes,yes,no,no,yes,yes ,no,yes,no,never,yes,yes,yes,yes,yes,no,allsoon,3.0,3.0,2.0,4.0,3.0,askrel,bad,g18m,med,maybe,maybe,3.0,2.0,2.0,2.0,unknown,symptoms,18-29
331,m00332,2016-09-28,23,female,student,unmarried,Grad,160.0,54.0,hanoi,21.09375,yes,<12mo,<12mo,volunteer,yes,yes,yes,yes,yes,yes ,yes,yes,yes,never,yes,yes,yes,yes,yes,yes,allsoon,4.0,4.0,3.0,4.0,3.0,askrel,quite,g18m,med,maybe,maybe,3.0,2.0,2.0,2.0,240,symptoms,18-29
332,m00333,2016-09-28,19,female,student,unmarried,Grad,154.0,41.0,hanoi,17.2879069,yes,12-24mo,12-24mo,symptoms,no,no,yes,no,no,yes ,no,yes,yes,never,never,yes,yes,no,no,no,allsoon,2.0,3.0,4.0,2.0,2.0,askrel,unknown,18m,med,yes,yes,2.0,2.0,4.0,4.0,unknown,symptoms,18-29
333,m00334,2016-09-28,20,female,student,unmarried,Grad,152.0,39.0,nghean,16.88019391,yes,<12mo,<12mo,symptoms,yes,yes,yes,no,yes,yes ,no,no,no,never,never,yes,yes,no,no,no,partly ,3.0,4.0,3.0,4.0,4.0,askrel,quite,18m,med,maybe,maybe,2.0,2.0,2.0,2.0,unknown,symptoms,18-29
334,m00335,2016-09-28,22,female,student,unmarried,Grad,160.0,52.0,thanhhoa,20.3125,yes,unknown,unknown,symptoms,no,yes,yes,no,yes,yes ,yes,no,yes,never,never,yes,yes,yes,yes,yes,allsoon,2.0,4.0,1.0,3.0,5.0,clinic,quite,12m,med,maybe,maybe,2.0,3.0,1.0,4.0,unknown,symptoms,18-29
335,m00336,2016-09-28,22,female,student,unmarried,Grad,155.0,45.0,hanoi,18.73048907,yes,unknown,>24mo,symptoms,yes,yes,yes,no,yes,yes ,no,no,yes,never,yes,yes,yes,yes,no,yes,partly ,3.0,5.0,3.0,5.0,5.0,askrel,bad,12m,med,maybe,maybe,4.0,3.0,4.0,4.0,unknown,symptoms,18-29
336,m00337,2016-09-28,21,male,student,unmarried,Grad,172.0,58.0,bacgiang,19.605192,yes,>24mo,>24mo,volunteer,yes,yes,yes,yes,yes,yes ,no,no,no,never,never,yes,no,no,yes,no,allsoon,3.0,3.0,4.0,4.0,2.0,askrel,quite,12m,low,maybe,maybe,2.0,3.0,4.0,1.0,420,symptoms,18-29
337,m00338,2016-09-28,22,female,student,unmarried,Grad,152.0,41.0,nghean,17.74584488,yes,<12mo,unknown,symptoms,no,no,no,no,yes,yes ,no,no,no,never,never,yes,no,no,yes,no,allsoon,3.0,5.0,5.0,3.0,5.0,askrel,quite,g18m,med,yes,yes,2.0,2.0,3.0,3.0,unknown,symptoms,18-29
338,m00339,2016-09-28,29,male,stable,married,Grad,174.0,58.0,hanoi,19.15708812,yes,<12mo,unknown,symptoms,yes,no,no,no,yes,yes ,no,no,no,yes,never,yes,no,yes,yes,yes,allsoon,3.0,4.0,4.0,4.0,3.0,selfstudy,quite,6m,low,no,yes,4.0,3.0,2.0,2.0,420,disease_concern,18-29
339,m00340,2016-09-28,26,female,housewife,married,Grad,158.0,50.0,hanoi,20.02884153,yes,<12mo,<12mo,volunteer,no,no,no,no,no,yes ,no,yes,no,never,yes,no,yes,yes,yes,no,later,4.0,4.0,5.0,4.0,5.0,clinic,unknown,6m,hi,no,no,1.0,1.0,1.0,1.0,210,symptoms,18-29
340,m00341,2016-09-29,25,female,stable,married,Grad,157.0,43.0,hanoi,17.44492677,yes,<12mo,<12mo,volunteer,yes,no,yes,no,yes,yes ,no,yes,no,never,yes,yes,no,yes,no,no,later,4.0,3.0,5.0,3.0,4.0,askrel,unknown,6m,med,yes,no,3.0,2.0,3.0,3.0,300,symptoms,18-29
341,m00342,2016-09-28,25,female,unstable,unmarried,Grad,154.0,46.0,hanoi,19.39618823,no,<12mo,unknown,volunteer,no,no,no,no,yes,no,no,no,no,never,never,yes,no,yes,yes,yes,later,5.0,5.0,5.0,5.0,5.0,selfstudy,good,g18m,low,no,no,4.0,4.0,4.0,4.0,210,symptoms,18-29
342,m00343,2016-09-28,34,female,stable,married,Grad,162.0,53.0,hanoi,20.19509221,yes,<12mo,<12mo,request,no,no,no,no,yes,yes ,no,yes,no,never,never,yes,yes,yes,yes,no,later,3.0,5.0,5.0,5.0,5.0,selfstudy,bad,6m,hi,no,yes,4.0,4.0,4.0,4.0,420,symptoms,30-39
343,m00344,2016-09-28,31,female,housewife,married,Grad,158.0,55.0,hanoi,22.03172568,yes,<12mo,<12mo,volunteer,yes,yes,no,no,yes,yes ,yes,no,no,never,yes,yes,yes,yes,yes,no,later,5.0,5.0,5.0,5.0,5.0,selfstudy,bad,6m,med,no,maybe,2.0,2.0,2.0,3.0,210,symptoms,30-39
344,m00345,2016-09-28,26,male,stable,married,Grad,170.0,65.0,hanoi,22.49134948,yes,>24mo,>24mo,request,yes,no,no,no,yes,no,no,no,no,never,never,yes,yes,yes,no,yes,later,4.0,4.0,3.0,5.0,5.0,selfstudy,quite,6m,med,yes,no,1.0,1.0,1.0,1.0,420,symptoms,18-29
345,m00346,2016-09-28,20,female,student,unmarried,Grad,166.0,55.0,hanoi,19.95935549,yes,>24mo,>24mo,request,no,no,no,no,yes,yes ,yes,yes,yes,never,never,yes,no,yes,yes,yes,allsoon,4.0,4.0,3.0,4.0,4.0,askrel,quite,12m,med,yes,yes,3.0,3.0,3.0,4.0,300,symptoms,18-29
346,m00347,2016-09-28,20,female,student,unmarried,Grad,155.0,45.0,hanoi,18.73048907,yes,12-24mo,12-24mo,symptoms,no,yes,no,no,yes,no,yes,no,no,never,yes,yes,no,no,yes,no,later,3.0,3.0,1.0,3.0,2.0,askrel,quite,12m,low,maybe,maybe,2.0,2.0,2.0,2.0,unknown,symptoms,18-29
347,m00348,2016-09-28,21,female,student,unmarried,Grad,162.0,48.0,hanoi,18.28989483,yes,unknown,unknown,request,yes,yes,no,yes,yes,yes ,yes,yes,yes,yes,never,no,yes,yes,yes,yes,allsoon,5.0,5.0,5.0,5.0,4.0,selfstudy,bad,g18m,low,yes,yes,5.0,5.0,5.0,5.0,unknown,symptoms,18-29
348,m00349,2016-09-28,20,male,student,unmarried,Grad,160.0,57.0,hanoi,22.265625,yes,unknown,unknown,request,no,no,no,no,yes,yes ,no,no,no,never,never,yes,no,yes,yes,no,later,2.0,4.0,3.0,3.0,3.0,selfstudy,good,g18m,low,maybe,maybe,2.0,3.0,2.0,4.0,500,disease_concern,18-29
349,m00350,2016-09-28,20,female,student,unmarried,Grad,148.0,42.0,hanoi,19.17457999,yes,unknown,unknown,request,yes,yes,yes,yes,yes,yes ,yes,no,no,never,yes,yes,no,no,no,no,partly ,3.0,4.0,2.0,5.0,1.0,selfstudy,unknown,12m,low,maybe,maybe,3.0,2.0,4.0,1.0,210,symptoms,18-29
350,m00351,2016-09-30,27,female,stable,married,Grad,150.0,45.0,hanoi,20.0,yes,<12mo,<12mo,volunteer,yes,yes,no,no,yes,yes ,yes,no,yes,never,never,yes,yes,yes,yes,yes,allsoon,5.0,5.0,5.0,5.0,5.0,selfstudy,bad,6m,low,no,maybe,1.0,1.0,1.0,2.0,210,symptoms,18-29
351,m00352,2016-09-30,33,male,stable,married,Grad,170.0,64.0,hanoi,22.14532872,yes,<12mo,<12mo,request,no,no,no,no,no,yes ,no,yes,yes,never,never,yes,yes,yes,yes,no,later,4.0,3.0,5.0,3.0,5.0,selfstudy,unknown,6m,hi,no,no,2.0,2.0,2.0,3.0,630,symptoms,30-39
352,m00353,2016-09-30,20,female,student,unmarried,Grad,155.0,43.0,hanoi,17.89802289,yes,<12mo,<12mo,volunteer,no,no,no,no,yes,yes ,no,no,no,never,never,yes,yes,yes,yes,yes,allsoon,3.0,5.0,2.0,4.0,1.0,askrel,bad,6m,low,yes,yes,1.0,1.0,2.0,2.0,300,symptoms,18-29
353,m00354,2016-09-29,40,female,housewife,married,Middle,152.0,46.0,hanoi,19.9099723,yes,<12mo,<12mo,volunteer,no,no,no,no,no,yes ,yes,yes,yes,never,never,yes,yes,yes,yes,no,later,5.0,5.0,5.0,5.0,5.0,clinic,quite,6m,med,yes,yes,3.0,3.0,3.0,3.0,unknown,symptoms,40-49
354,m00355,2016-09-30,30,female,stable,married,Grad,159.0,60.0,hanoi,23.7332384,yes,<12mo,<12mo,volunteer,no,no,no,no,no,yes ,yes,yes,yes,never,never,yes,yes,yes,no,yes,partly ,4.0,5.0,5.0,5.0,5.0,askrel,quite,6m,med,no,yes,1.0,1.0,2.0,2.0,420,symptoms,30-39
355,m00356,2016-09-30,20,female,student,unmarried,Grad,153.0,40.0,hungyen,17.087445,yes,<12mo,12-24mo,symptoms,yes,no,yes,no,no,no,no,no,yes,never,yes,yes,no,yes,yes,yes,partly ,3.0,2.0,2.0,3.0,2.0,askrel,bad,6m,med,maybe,no,4.0,4.0,4.0,2.0,300,symptoms,18-29
356,m00357,2016-09-30,33,male,stable,married,Middle,168.0,53.0,hanoi,18.77834467,no,<12mo,unknown,disease_concern,no,no,no,no,no,yes ,yes,no,no,yes,never,yes,no,yes,yes,yes,later,5.0,5.0,5.0,5.0,5.0,askrel,quite,6m,low,yes,yes,2.0,2.0,2.0,3.0,210,symptoms,30-39
357,m00358,2016-09-30,35,male,stable,married,Grad,163.0,57.0,hanoi,21.45357371,yes,<12mo,unknown,symptoms,no,no,no,no,no,yes ,no,yes,yes,yes,never,yes,yes,yes,yes,yes,allsoon,4.0,2.0,4.0,2.0,5.0,selfstudy,bad,6m,hi,yes,maybe,2.0,1.0,1.0,2.0,300,disease_concern,30-39
358,m00359,2016-09-30,27,female,housewife,married,Grad,160.0,43.0,hanoi,16.796875,no,<12mo,>24mo,volunteer,yes,no,no,no,yes,no,no,no,no,never,never,yes,yes,yes,yes,no,later,2.0,2.0,2.0,1.0,1.0,askrel,unknown,6m,low,no,no,1.0,1.0,1.0,1.0,unknown,symptoms,18-29
359,m00360,2016-09-30,30,male,unstable,married,Middle,168.0,50.0,hanoi,17.7154195,no,<12mo,<12mo,volunteer,yes,no,no,no,yes,yes ,yes,no,no,never,yes,yes,no,yes,yes,yes,allsoon,5.0,5.0,2.0,5.0,2.0,askrel,quite,12m,med,no,yes,2.0,1.0,2.0,2.0,210,symptoms,30-39
360,m00361,2016-09-30,26,female,housewife,married,Grad,165.0,41.0,hanoi,15.05968779,no,<12mo,<12mo,volunteer,no,no,no,no,no,yes ,yes,no,no,never,yes,yes,yes,yes,yes,yes,allsoon,5.0,5.0,5.0,5.0,5.0,selfstudy,bad,6m,med,no,no,3.0,2.0,2.0,3.0,210,symptoms,18-29
361,m00362,2016-09-30,33,female,stable,married,Grad,160.0,54.0,hanoi,21.09375,yes,<12mo,<12mo,volunteer,no,no,no,no,no,yes ,yes,yes,yes,yes,never,yes,no,yes,yes,no,allsoon,4.0,5.0,3.0,5.0,5.0,clinic,quite,6m,low,no,yes,1.0,1.0,1.0,1.0,unknown,symptoms,30-39
362,m00363,2016-09-30,25,female,stable,married,Grad,157.0,47.0,hanoi,19.06771066,yes,<12mo,<12mo,volunteer,no,no,no,no,no,yes ,yes,no,yes,never,yes,no,yes,yes,no,no,allsoon,4.0,5.0,4.0,5.0,3.0,selfstudy,bad,6m,low,yes,yes,1.0,1.0,1.0,1.0,210,symptoms,18-29
363,m00364,2016-09-30,26,female,stable,married,Grad,163.0,48.5,hanoi,18.25435658,yes,<12mo,unknown,volunteer,no,no,no,no,yes,no,no,no,no,never,never,yes,yes,yes,yes,no,later,5.0,5.0,5.0,5.0,5.0,selfstudy,good,12m,med,maybe,no,1.0,1.0,1.0,2.0,210,symptoms,18-29
364,m00365,2016-09-30,22,female,student,unmarried,Grad,154.0,42.0,hanoi,17.70956316,yes,>24mo,>24mo,symptoms,yes,yes,no,no,no,yes ,no,no,no,never,never,yes,no,yes,no,no,allsoon,2.0,3.0,2.0,2.0,4.0,askrel,bad,g18m,low,maybe,maybe,2.0,4.0,3.0,2.0,310,symptoms,18-29
365,m00366,2016-09-30,23,male,stable,unmarried,Middle,165.0,48.0,hanoi,17.63085399,yes,<12mo,<12mo,symptoms,no,yes,no,no,no,yes ,yes,no,no,yes,yes,yes,no,no,yes,no,allsoon,3.0,3.0,3.0,3.0,4.0,selfstudy,quite,6m,low,maybe,maybe,3.0,2.0,3.0,2.0,300,symptoms,18-29
366,m00367,2016-09-30,22,female,stable,unmarried,Grad,157.0,48.0,bacninh,19.47340663,yes,<12mo,unknown,symptoms,yes,yes,no,yes,yes,yes ,yes,no,no,never,never,yes,no,yes,yes,no,allsoon,3.0,1.0,2.0,2.0,2.0,clinic,quite,12m,med,maybe,maybe,4.0,2.0,2.0,3.0,150,symptoms,18-29
367,m00368,2016-09-30,22,male,student,unmarried,Grad,165.0,58.0,hanoi,21.30394858,yes,>24mo,>24mo,request,no,no,no,no,yes,yes ,no,no,no,never,yes,yes,no,yes,yes,no,allsoon,3.0,4.0,1.0,4.0,1.0,selfstudy,bad,12m,med,yes,maybe,3.0,2.0,3.0,4.0,210,symptoms,18-29
368,m00369,2016-09-30,32,female,stable,married,Grad,163.0,64.0,hanoi,24.08822312,yes,<12mo,<12mo,volunteer,yes,yes,yes,yes,yes,yes ,yes,no,yes,never,never,yes,no,yes,no,yes,later,3.0,4.0,5.0,4.0,5.0,askrel,quite,12m,med,no,no,2.0,2.0,2.0,4.0,300,symptoms,30-39
369,m00370,2016-09-30,27,female,housewife,married,High,155.0,40.0,hanoi,16.64932362,no,<12mo,unknown,volunteer,no,no,no,no,yes,no,no,no,no,never,never,yes,yes,yes,yes,yes,later,5.0,5.0,5.0,5.0,5.0,askrel,good,6m,low,no,yes,1.0,1.0,1.0,1.0,210,disease_concern,18-29
370,m00371,2016-09-30,32,female,stable,married,High,152.0,43.0,hanoi,18.61149584,yes,<12mo,<12mo,volunteer,no,no,no,no,no,yes ,no,yes,yes,never,never,yes,yes,yes,yes,yes,later,4.0,4.0,5.0,5.0,5.0,clinic,bad,6m,low,yes,yes,4.0,4.0,4.0,3.0,210,symptoms,30-39
371,m00372,2016-09-30,28,male,stable,unmarried,PostGrad,172.0,58.0,hanoi,19.605192,yes,<12mo,<12mo,symptoms,no,no,no,no,yes,no,no,no,no,never,yes,yes,yes,yes,yes,yes,later,2.5,5.0,3.0,5.0,5.0,selfstudy,unknown,g18m,low,yes,no,1.0,1.0,1.0,1.5,630,symptoms,18-29
372,m00373,2016-09-30,32,female,stable,married,Grad,158.0,44.0,hanoi,17.62538055,yes,<12mo,>24mo,symptoms,yes,no,yes,no,yes,yes ,no,no,yes,never,yes,yes,yes,yes,yes,yes,later,4.0,5.0,2.0,3.0,3.0,selfstudy,bad,6m,med,yes,no,1.0,1.0,2.0,2.0,210,symptoms,30-39
373,m00374,2016-09-30,23,female,student,unmarried,Grad,153.0,40.0,hanoi,17.087445,no,<12mo,unknown,symptoms,no,no,yes,no,no,yes ,yes,no,yes,never,yes,no,no,yes,yes,yes,later,3.0,3.0,2.0,3.0,3.0,selfstudy,quite,6m,med,yes,maybe,1.0,4.0,3.0,3.0,210,symptoms,18-29
374,m00375,2016-09-30,27,female,stable,unmarried,Grad,155.0,46.0,hanoi,19.14672216,no,<12mo,<12mo,symptoms,no,no,no,no,no,yes ,yes,no,yes,never,never,yes,no,yes,yes,no,allsoon,5.0,5.0,5.0,5.0,5.0,askrel,bad,6m,hi,yes,yes,4.0,4.0,3.0,3.0,420,symptoms,18-29
375,m00376,2016-09-30,26,male,stable,married,Grad,175.0,64.0,hanoi,20.89795918,no,<12mo,<12mo,symptoms,no,no,no,no,yes,yes ,no,yes,yes,yes,yes,yes,no,yes,yes,yes,allsoon,5.0,5.0,5.0,5.0,5.0,selfstudy,quite,6m,low,yes,yes,2.0,2.0,2.0,3.0,210,symptoms,18-29
376,m00377,2016-09-30,31,female,stable,married,Grad,163.0,48.0,hanoi,18.06616734,yes,<12mo,<12mo,volunteer,no,no,no,no,no,yes ,yes,yes,yes,never,yes,yes,no,yes,yes,no,allsoon,5.0,5.0,5.0,5.0,5.0,clinic,good,6m,med,yes,yes,5.0,4.0,4.0,2.0,140,symptoms,30-39
377,m00378,2016-09-30,29,male,stable,unmarried,Grad,158.0,51.0,hanoi,20.42941836,yes,<12mo,<12mo,request,no,no,no,no,yes,no,no,yes,no,yes,never,yes,no,yes,yes,no,later,5.0,5.0,5.0,5.0,5.0,selfstudy,good,12m,med,yes,yes,1.0,1.0,1.0,1.0,300,symptoms,18-29
378,m00379,2016-09-30,23,female,stable,married,Grad,155.0,60.0,hanoi,24.97398543,yes,<12mo,<12mo,volunteer,yes,no,no,no,no,yes ,no,yes,no,never,yes,yes,yes,yes,yes,yes,later,5.0,5.0,5.0,5.0,5.0,selfstudy,quite,6m,med,no,yes,4.0,3.0,3.0,4.0,210,symptoms,18-29
379,m00380,2016-09-30,30,female,unstable,married,Middle,165.0,57.0,hanoi,20.93663912,no,<12mo,<12mo,volunteer,no,no,no,no,no,yes ,yes,yes,yes,never,yes,no,yes,yes,yes,yes,allsoon,5.0,5.0,5.0,5.0,5.0,askrel,bad,6m,low,maybe,yes,1.0,1.0,1.0,1.0,420,symptoms,30-39
380,m00381,2016-09-29,28,female,stable,married,Grad,162.0,55.0,hanoi,20.95717116,yes,<12mo,<12mo,volunteer,yes,no,yes,no,yes,no,no,yes,no,never,yes,yes,yes,yes,yes,yes,allsoon,3.0,4.0,3.0,4.0,3.0,clinic,quite,6m,hi,yes,no,2.0,1.0,2.0,2.0,300,symptoms,18-29
381,m00382,2016-09-29,28,female,stable,married,PostGrad,157.0,57.0,hanoi,23.12467037,yes,<12mo,12-24mo,volunteer,yes,no,no,no,no,yes ,yes,no,yes,never,yes,yes,yes,yes,yes,yes,allsoon,4.0,4.0,2.0,4.0,4.0,clinic,bad,6m,med,no,yes,4.0,4.0,4.0,4.0,840,disease_concern,18-29
382,m00383,2016-09-29,28,female,unstable,married,Grad,158.0,44.0,hanoi,17.62538055,no,<12mo,12-24mo,volunteer,yes,yes,yes,no,yes,no,yes,yes,no,never,yes,yes,yes,yes,yes,yes,later,3.0,2.0,5.0,3.0,4.0,selfstudy,bad,12m,med,no,no,3.0,4.0,3.0,3.0,210,symptoms,18-29
383,m00384,2016-09-29,20,female,other,unmarried,High,156.0,50.0,thainguyen,20.54569362,yes,<12mo,<12mo,symptoms,no,no,no,no,no,yes ,yes,yes,yes,never,never,yes,yes,yes,no,no,allsoon,3.0,3.0,2.0,3.0,5.0,askrel,quite,6m,med,yes,yes,2.0,2.0,1.0,2.0,840,symptoms,18-29
384,m00385,2016-09-29,26,male,unstable,unmarried,Middle,165.0,53.0,hanoi,19.46740129,no,12-24mo,12-24mo,symptoms,no,no,no,no,yes,yes ,no,no,no,yes,never,yes,yes,yes,yes,yes,later,3.0,3.0,2.0,4.0,2.0,clinic,quite,6m,med,no,yes,3.0,3.0,3.0,4.0,100,symptoms,18-29
385,m00386,2016-09-29,31,female,stable,unmarried,Grad,150.0,46.0,hanoi,20.44444444,yes,<12mo,<12mo,volunteer,no,no,no,yes,yes,yes ,yes,yes,yes,never,yes,no,yes,yes,no,yes,allsoon,4.0,4.0,4.0,3.0,4.0,selfstudy,bad,12m,med,no,yes,3.0,3.0,3.0,4.0,420,symptoms,30-39
386,m00387,2016-09-29,34,female,housewife,married,Middle,157.0,52.0,hanoi,21.09619051,yes,<12mo,12-24mo,volunteer,no,no,no,no,yes,yes ,yes,yes,no,never,never,yes,no,yes,yes,no,allsoon,5.0,5.0,5.0,5.0,5.0,clinic,bad,6m,hi,yes,yes,2.0,2.0,3.0,3.0,630,disease_concern,30-39
387,m00388,2016-09-29,37,female,stable,married,Grad,157.0,52.0,hanoi,21.09619051,yes,<12mo,<12mo,volunteer,no,no,no,no,no,yes ,yes,yes,yes,never,yes,yes,yes,yes,yes,yes,allsoon,5.0,5.0,5.0,5.0,5.0,clinic,bad,6m,hi,no,yes,3.0,5.0,3.0,3.0,300,symptoms,30-39
388,m00389,2016-09-29,54,female,retirer,married,Grad,150.0,55.0,hanoi,24.44444444,yes,<12mo,<12mo,symptoms,no,no,no,no,no,yes ,no,yes,yes,yes,never,yes,no,yes,yes,yes,later,2.5,4.0,2.0,4.0,2.0,selfstudy,bad,12m,low,no,no,5.0,3.0,2.0,2.0,315,disease_concern,>=50
389,m00390,2016-09-29,21,female,stable,unmarried,Grad,152.0,46.0,hanoi,19.9099723,yes,<12mo,<12mo,volunteer,no,no,no,no,no,yes ,yes,yes,yes,never,yes,yes,yes,yes,yes,yes,allsoon,4.0,5.0,2.0,4.0,3.5,selfstudy,bad,6m,med,no,yes,2.0,1.0,2.0,2.5,420,disease_concern,18-29
390,m00391,2016-09-29,21,male,student,unmarried,Grad,175.0,58.0,hanoi,18.93877551,yes,<12mo,<12mo,volunteer,no,no,yes,no,yes,yes ,yes,yes,no,never,never,yes,yes,yes,yes,yes,allsoon,4.0,4.0,3.0,4.0,5.0,askrel,bad,6m,med,no,yes,4.0,4.0,3.0,3.0,630,disease_concern,18-29
391,m00392,2016-09-29,30,male,stable,married,Grad,177.0,75.0,hanoi,23.93948099,no,12-24mo,12-24mo,symptoms,no,no,no,no,yes,yes ,no,yes,yes,never,never,yes,yes,yes,yes,yes,later,3.0,3.0,4.0,3.0,3.0,selfstudy,bad,12m,med,no,yes,3.0,3.0,2.0,2.0,420,symptoms,30-39
392,m00393,2016-09-29,27,male,unstable,unmarried,Grad,174.0,55.0,hanoi,18.16620425,no,12-24mo,unknown,symptoms,no,no,no,no,yes,yes ,yes,no,no,never,yes,yes,yes,yes,yes,no,later,4.0,5.0,4.0,1.0,5.0,askrel,quite,6m,med,no,no,1.0,1.0,2.0,1.0,840,symptoms,18-29
393,m00394,2016-09-29,23,female,unstable,unmarried,Grad,150.0,44.0,hanoi,19.55555556,yes,<12mo,unknown,symptoms,yes,no,yes,no,no,yes ,yes,no,yes,yes,yes,yes,yes,yes,yes,yes,allsoon,4.0,3.0,3.0,5.0,5.0,clinic,bad,6m,med,yes,no,4.0,5.0,5.0,5.0,300,symptoms,18-29
394,m00395,2016-09-29,43,female,stable,married,Grad,151.0,52.0,hanoi,22.80601728,yes,<12mo,<12mo,volunteer,no,no,no,no,no,yes ,yes,yes,yes,never,yes,yes,yes,yes,yes,yes,allsoon,3.0,3.0,2.0,3.0,3.0,selfstudy,bad,6m,hi,yes,maybe,2.0,2.0,2.0,2.0,630,disease_concern,40-49
395,m00396,2016-09-29,31,male,stable,married,Grad,176.0,64.0,hanoi,20.66115702,no,<12mo,<12mo,request,yes,no,no,no,yes,yes ,no,yes,yes,never,yes,yes,yes,yes,yes,yes,later,4.5,5.0,4.5,5.0,5.0,selfstudy,bad,6m,med,no,maybe,2.0,2.0,5.0,2.0,1680,disease_concern,30-39
396,m00397,2016-09-29,25,female,stable,unmarried,Middle,157.0,45.0,hanoi,18.25631871,no,<12mo,<12mo,volunteer,yes,yes,yes,yes,yes,no,no,yes,no,never,never,yes,yes,yes,yes,no,later,5.0,5.0,5.0,5.0,5.0,askrel,quite,6m,med,no,maybe,2.0,2.0,2.0,2.0,420,symptoms,18-29
397,m00398,2016-09-29,27,male,stable,married,Grad,168.0,60.0,hanoi,21.2585034,yes,unknown,unknown,symptoms,no,no,no,no,yes,yes ,yes,no,no,never,yes,yes,yes,yes,no,no,allsoon,5.0,5.0,5.0,5.0,5.0,askrel,unknown,6m,low,yes,yes,1.0,1.0,1.0,1.0,420,symptoms,18-29
398,m00399,2016-09-29,29,male,stable,married,Grad,170.0,60.0,hanoi,20.76124567,yes,<12mo,<12mo,request,no,no,no,no,yes,no,no,yes,no,never,yes,yes,no,yes,yes,yes,later,5.0,5.0,3.0,5.0,5.0,selfstudy,quite,6m,med,no,maybe,3.0,2.0,4.0,1.0,420,disease_concern,18-29
399,m00400,2016-09-29,29,male,stable,unmarried,Middle,173.0,71.0,nghean,23.72281065,yes,<12mo,12-24mo,symptoms,yes,no,no,no,no,yes ,no,no,yes,yes,never,no,no,yes,yes,yes,later,3.0,3.0,3.0,2.0,2.0,selfstudy,bad,12m,med,no,no,1.0,1.0,1.0,1.0,840,symptoms,18-29
400,m00401,2016-09-29,22,female,student,unmarried,Grad,167.0,49.0,hanoi,17.56965112,yes,<12mo,<12mo,volunteer,yes,no,yes,no,no,yes ,yes,yes,no,never,never,yes,no,yes,yes,yes,later,4.0,5.0,3.0,5.0,4.0,selfstudy,bad,6m,low,no,maybe,2.0,2.0,2.0,2.0,210,symptoms,18-29
401,m00402,2016-09-29,24,male,stable,married,PostGrad,172.0,76.0,hanoi,25.68956193,yes,<12mo,<12mo,request,no,no,no,no,yes,no,no,yes,no,never,never,yes,yes,yes,yes,yes,allsoon,5.0,5.0,5.0,5.0,5.0,selfstudy,quite,6m,hi,yes,yes,3.0,3.0,3.0,3.0,560,disease_concern,18-29
402,m00403,2016-09-29,28,female,stable,married,Middle,160.0,49.0,thainguyen,19.140625,yes,<12mo,<12mo,volunteer,yes,no,yes,no,yes,no,no,yes,no,yes,never,yes,no,yes,no,no,allsoon,2.0,2.0,4.0,2.0,2.0,selfstudy,bad,6m,hi,yes,no,1.0,2.0,1.0,2.0,420,disease_concern,18-29
403,m00404,2016-09-29,24,male,stable,married,Grad,170.0,64.0,hanoi,22.14532872,yes,<12mo,<12mo,request,yes,yes,no,no,no,yes ,yes,yes,yes,never,never,yes,yes,yes,no,yes,allsoon,5.0,5.0,5.0,5.0,5.0,selfstudy,bad,6m,med,yes,yes,1.0,1.0,1.0,2.0,420,symptoms,18-29
404,m00405,2016-09-29,24,female,stable,married,Grad,150.0,50.0,hanoi,22.22222222,yes,unknown,unknown,symptoms,no,no,yes,no,no,no,yes,no,no,never,never,yes,yes,yes,yes,yes,later,2.0,2.0,2.0,2.0,2.0,selfstudy,quite,6m,med,yes,maybe,2.0,2.0,2.0,3.0,210,symptoms,18-29
405,m00406,2016-09-29,28,female,housewife,married,Middle,160.0,52.0,hanoi,20.3125,yes,<12mo,<12mo,symptoms,yes,no,no,no,yes,yes ,yes,yes,yes,never,yes,yes,yes,yes,yes,yes,allsoon,4.0,5.0,5.0,5.0,5.0,selfstudy,unknown,6m,hi,yes,maybe,3.0,2.0,3.0,3.0,210,symptoms,18-29
406,m00407,2016-09-29,21,female,other,unmarried,Middle,150.0,45.0,hanoi,20.0,no,<12mo,<12mo,volunteer,no,no,no,no,no,yes ,no,yes,yes,never,yes,yes,yes,yes,yes,yes,allsoon,3.0,2.0,5.0,1.0,4.0,selfstudy,bad,6m,low,no,yes,5.0,5.0,5.0,5.0,210,symptoms,18-29
407,m00408,2016-09-29,24,female,stable,married,Middle,155.0,58.0,hanoi,24.14151925,yes,<12mo,<12mo,volunteer,no,no,no,no,yes,yes ,yes,no,no,never,yes,no,no,yes,yes,no,later,5.0,5.0,5.0,5.0,5.0,selfstudy,bad,6m,low,no,no,2.0,2.0,2.0,2.0,140,symptoms,18-29
408,m00409,2016-09-29,20,female,stable,married,Middle,150.0,45.0,hanoi,20.0,no,<12mo,<12mo,volunteer,yes,no,yes,no,yes,yes ,no,no,no,never,never,yes,yes,yes,yes,no,later,3.0,3.0,2.0,4.0,3.0,selfstudy,quite,g18m,med,yes,maybe,1.0,1.0,1.0,1.0,unknown,symptoms,18-29
409,m00410,2016-09-29,27,female,stable,married,Middle,158.0,55.0,hanoi,22.03172568,yes,<12mo,<12mo,volunteer,no,no,no,no,no,yes ,yes,yes,yes,never,never,yes,yes,yes,no,no,allsoon,3.0,3.0,4.0,3.0,4.0,clinic,quite,6m,med,no,no,3.0,4.0,4.0,3.0,210,symptoms,18-29
410,m00411,2016-09-29,26,female,stable,married,Grad,152.0,40.0,hanoi,17.31301939,yes,<12mo,<12mo,volunteer,yes,no,no,no,yes,yes ,yes,no,no,never,never,yes,yes,yes,yes,no,allsoon,3.0,3.0,1.0,3.0,1.0,selfstudy,bad,6m,med,no,yes,2.0,1.0,2.0,3.0,210,symptoms,18-29
411,m00412,2016-09-29,32,male,stable,married,PostGrad,170.0,52.0,hanoi,17.99307958,yes,<12mo,<12mo,request,no,no,no,no,no,yes ,yes,yes,no,never,never,yes,yes,yes,yes,no,allsoon,4.0,4.0,5.0,4.0,5.0,selfstudy,good,6m,med,no,no,3.0,4.0,3.0,3.0,300,symptoms,30-39
412,m00413,2016-09-29,38,male,stable,married,Grad,172.0,60.0,hanoi,20.2812331,yes,unknown,unknown,symptoms,no,no,no,no,yes,yes ,no,no,no,never,never,yes,no,yes,yes,no,later,5.0,5.0,5.0,5.0,5.0,clinic,unknown,6m,med,no,no,1.0,1.0,1.0,1.0,210,symptoms,30-39
413,m00414,2016-09-29,34,male,stable,married,Middle,165.0,49.0,hanoi,17.99816345,no,<12mo,<12mo,request,no,no,no,no,no,yes ,yes,yes,no,never,never,yes,yes,yes,no,no,allsoon,3.0,2.0,2.0,2.0,1.0,selfstudy,quite,6m,med,no,yes,1.0,1.0,1.0,1.0,630,symptoms,30-39
414,m00415,2016-09-30,31,female,stable,married,Middle,150.0,50.0,hungyen,22.22222222,yes,<12mo,unknown,symptoms,yes,no,no,no,yes,no,yes,no,no,never,yes,yes,no,yes,yes,yes,allsoon,5.0,3.0,2.0,3.0,2.0,askrel,quite,6m,med,yes,no,4.0,2.0,3.0,2.0,300,symptoms,30-39
415,m00416,2016-09-30,28,female,stable,unmarried,Grad,156.0,46.0,thaibinh,18.90203813,yes,<12mo,<12mo,request,no,no,no,no,yes,yes ,yes,yes,no,never,never,yes,yes,no,yes,no,allsoon,3.0,3.0,3.0,3.0,4.0,askrel,quite,6m,med,yes,yes,2.0,2.0,2.0,2.0,210,disease_concern,18-29
416,m00417,2016-09-30,28,female,stable,married,Grad,157.0,50.0,hanoi,20.28479857,yes,<12mo,<12mo,volunteer,no,no,no,no,yes,no,yes,yes,yes,never,yes,yes,no,yes,yes,yes,allsoon,3.0,3.0,5.0,3.0,5.0,selfstudy,quite,6m,med,maybe,no,3.0,4.0,3.0,3.0,200,symptoms,18-29
417,m00418,2016-09-30,30,female,stable,married,Grad,154.0,45.0,thaibinh,18.97453196,yes,<12mo,<12mo,request,no,no,no,no,yes,no,no,yes,no,never,yes,yes,no,yes,yes,yes,later,4.5,4.0,5.0,5.0,5.0,selfstudy,quite,6m,hi,yes,maybe,3.0,4.0,4.0,4.0,210,symptoms,30-39
418,m00419,2016-09-30,44,male,stable,married,Middle,168.0,75.0,hanoi,26.57312925,yes,<12mo,<12mo,disease_concern,yes,no,no,no,no,yes ,no,yes,yes,yes,never,yes,yes,yes,yes,yes,allsoon,2.0,3.0,4.0,5.0,3.0,askrel,bad,6m,hi,no,no,1.0,1.0,1.0,1.0,420,disease_concern,40-49
419,m00420,2016-09-30,38,male,stable,married,Grad,175.0,70.0,hanoi,22.85714286,yes,<12mo,<12mo,request,no,no,no,no,no,yes ,yes,yes,no,never,yes,yes,yes,yes,yes,yes,later,3.0,2.0,5.0,2.0,5.0,clinic,quite,6m,low,no,yes,3.0,2.0,2.0,2.0,840,disease_concern,30-39
420,m00421,2016-09-30,29,male,stable,married,Grad,170.0,54.0,hanoi,18.68512111,yes,<12mo,<12mo,symptoms,no,no,no,no,yes,no,yes,yes,no,never,yes,no,yes,yes,yes,no,allsoon,3.0,3.0,4.0,2.0,4.0,selfstudy,unknown,6m,med,yes,no,1.0,2.0,2.0,2.0,840,symptoms,18-29
421,m00422,2016-10-01,24,male,stable,unmarried,Grad,171.0,74.0,hanoi,25.30693205,yes,<12mo,12-24mo,volunteer,yes,no,no,yes,yes,yes ,yes,yes,yes,never,never,yes,no,yes,yes,no,allsoon,4.0,3.0,3.0,3.0,4.0,selfstudy,bad,6m,med,maybe,yes,1.0,1.0,1.0,1.0,720,disease_concern,18-29
422,m00423,2016-10-01,23,male,stable,unmarried,Grad,165.0,56.0,hanoi,20.56932966,yes,unknown,unknown,volunteer,yes,no,no,no,no,yes ,no,no,no,never,never,yes,yes,no,no,no,allsoon,3.0,3.0,3.0,3.0,3.0,clinic,good,6m,low,yes,yes,3.0,3.0,3.0,3.0,unknown,symptoms,18-29
423,m00424,2016-10-01,25,female,stable,unmarried,Grad,155.0,45.0,hanoi,18.73048907,yes,>24mo,<12mo,volunteer,yes,no,no,no,no,yes ,no,no,no,never,never,yes,yes,no,no,no,allsoon,5.0,5.0,5.0,5.0,5.0,clinic,good,6m,low,yes,yes,5.0,4.0,3.0,2.0,360,symptoms,18-29
424,m00425,2016-10-01,26,female,stable,unmarried,Grad,150.0,43.0,hanoi,19.11111111,yes,<12mo,<12mo,volunteer,no,no,no,no,no,yes ,no,yes,yes,yes,yes,yes,no,yes,yes,yes,allsoon,5.0,4.0,3.0,5.0,5.0,selfstudy,quite,6m,med,maybe,maybe,5.0,5.0,5.0,5.0,unknown,disease_concern,18-29
425,m00426,2016-10-01,24,male,stable,unmarried,Grad,167.0,60.0,nghean,21.51385851,yes,<12mo,<12mo,volunteer,yes,yes,no,no,yes,yes ,yes,yes,yes,never,never,yes,yes,yes,yes,yes,allsoon,3.0,3.0,2.0,3.0,3.0,clinic,bad,6m,med,yes,maybe,3.0,3.0,3.0,3.0,840,disease_concern,18-29
426,m00427,2016-10-01,24,male,stable,unmarried,Grad,173.0,59.0,thanhhoa,19.71332153,no,>24mo,>24mo,request,no,no,no,yes,no,no,no,no,yes,never,never,yes,yes,no,no,no,allsoon,2.0,4.0,3.0,2.0,5.0,clinic,quite,g18m,hi,maybe,maybe,2.0,1.0,3.0,2.0,840,disease_concern,18-29
427,m00428,2016-10-01,29,male,stable,married,Grad,175.0,70.0,hanoi,22.85714286,yes,<12mo,<12mo,request,no,no,yes,no,no,yes ,no,no,no,never,never,yes,yes,no,no,no,allsoon,4.0,4.0,3.0,5.0,1.0,clinic,good,12m,low,yes,yes,5.0,4.0,5.0,4.0,unknown,disease_concern,18-29
428,m00429,2016-10-01,24,male,stable,unmarried,Grad,172.0,58.0,hanoi,19.605192,yes,<12mo,12-24mo,volunteer,no,no,no,no,no,yes ,no,yes,yes,never,never,yes,yes,yes,yes,no,allsoon,3.0,3.0,3.0,3.0,3.0,selfstudy,good,6m,med,maybe,maybe,3.0,3.0,3.0,3.0,unknown,disease_concern,18-29
429,m00430,2016-10-01,25,male,stable,unmarried,Grad,168.0,52.0,hanoi,18.42403628,yes,<12mo,12-24mo,volunteer,no,no,no,no,no,yes ,no,yes,yes,never,never,yes,yes,yes,yes,no,allsoon,3.0,3.0,3.0,3.0,3.0,selfstudy,good,6m,med,no,maybe,3.0,3.0,3.0,3.0,unknown,disease_concern,18-29
430,m00431,2016-10-01,29,male,stable,married,Grad,167.0,68.0,hanoi,24.38237298,yes,<12mo,<12mo,symptoms,no,no,no,no,no,yes ,no,no,no,never,yes,yes,yes,yes,yes,yes,allsoon,4.0,4.0,2.0,4.0,3.0,clinic,bad,12m,low,yes,maybe,4.0,4.0,3.0,4.0,420,symptoms,18-29
431,m00432,2016-10-01,23,female,student,unmarried,Grad,155.0,45.0,hanoi,18.73048907,yes,unknown,unknown,volunteer,no,no,no,no,no,yes ,no,no,yes,never,yes,yes,yes,yes,no,yes,allsoon,4.0,4.0,3.0,5.0,5.0,clinic,bad,6m,low,maybe,maybe,4.0,4.0,5.0,3.0,unknown,symptoms,18-29
432,m00433,2016-10-01,21,female,student,unmarried,Grad,160.0,45.0,hanoi,17.578125,yes,unknown,unknown,volunteer,yes,yes,yes,no,no,yes ,no,no,yes,never,never,yes,yes,yes,yes,yes,partly ,5.0,4.0,4.0,5.0,4.0,askrel,unknown,6m,low,maybe,maybe,5.0,4.0,4.0,5.0,unknown,symptoms,18-29
433,m00434,2016-10-01,18,female,student,unmarried,Grad,158.0,40.5,hanoi,16.22336164,no,unknown,unknown,symptoms,yes,yes,yes,yes,yes,no,no,no,no,never,never,yes,no,no,yes,no,allsoon,5.0,5.0,5.0,5.0,5.0,askrel,quite,g18m,low,maybe,maybe,1.0,1.0,1.0,1.0,300,symptoms,18-29
434,m00435,2016-10-01,25,male,student,unmarried,Grad,168.0,53.0,hanoi,18.77834467,yes,unknown,unknown,symptoms,no,yes,no,no,no,yes ,no,no,no,never,never,yes,no,no,yes,no,allsoon,2.0,3.0,4.0,4.0,4.0,askrel,bad,g18m,low,maybe,maybe,3.0,2.0,3.0,4.0,unknown,symptoms,18-29
435,m00436,2016-10-01,22,male,student,unmarried,Grad,175.0,70.0,haiduong,22.85714286,yes,<12mo,12-24mo,request,yes,no,no,yes,no,yes ,no,no,yes,never,never,yes,yes,yes,no,no,allsoon,3.0,4.0,2.0,4.0,3.0,askrel,good,6m,low,yes,maybe,5.0,3.0,3.0,4.0,350,disease_concern,18-29
436,m00437,2016-10-01,23,male,student,unmarried,Grad,168.5,59.0,hanoi,20.78031857,yes,<12mo,<12mo,symptoms,yes,yes,no,no,no,yes ,no,no,yes,never,yes,yes,yes,yes,yes,yes,allsoon,3.0,5.0,3.0,4.0,2.0,askrel,quite,6m,med,yes,yes,3.0,4.0,3.0,4.0,420,symptoms,18-29
437,m00438,2016-10-01,23,female,unstable,unmarried,Grad,154.0,43.0,hanoi,18.13121943,yes,<12mo,unknown,symptoms,no,no,no,yes,no,yes ,no,no,no,never,never,yes,yes,no,no,no,allsoon,4.0,2.0,4.0,3.0,4.0,askrel,unknown,12m,low,yes,maybe,3.0,2.0,3.0,2.0,90,symptoms,18-29
438,m00439,2016-10-01,22,female,student,unmarried,Grad,163.0,53.0,hanoi,19.94805977,yes,<12mo,unknown,symptoms,yes,yes,yes,no,no,yes ,no,no,no,never,never,yes,yes,no,no,no,allsoon,4.0,4.0,1.0,5.0,4.0,selfstudy,quite,12m,low,yes,maybe,2.0,4.0,5.0,3.0,95,symptoms,18-29
439,m00440,2016-10-01,20,female,student,unmarried,Grad,160.0,45.0,hanoi,17.578125,yes,<12mo,12-24mo,symptoms,yes,yes,no,no,no,yes ,yes,yes,yes,never,yes,yes,yes,yes,yes,yes,allsoon,3.0,3.0,3.0,3.0,3.0,selfstudy,good,12m,med,maybe,maybe,2.0,2.0,2.0,2.0,840,symptoms,18-29
440,m00441,2016-10-01,21,female,student,unmarried,Grad,153.0,43.0,hanoi,18.36900337,yes,<12mo,unknown,symptoms,no,yes,yes,yes,yes,yes ,yes,yes,yes,never,yes,yes,no,no,no,no,later,1.0,1.0,1.0,1.0,1.0,selfstudy,unknown,6m,low,yes,yes,2.0,2.0,2.0,2.0,420,disease_concern,18-29
441,m00442,2016-10-01,22,female,student,unmarried,Grad,151.0,45.0,hanoi,19.73597649,yes,unknown,unknown,request,no,yes,no,no,yes,yes ,yes,yes,no,never,yes,yes,no,no,yes,yes,allsoon,2.0,3.0,2.0,3.0,2.0,askrel,good,g18m,med,no,maybe,4.0,3.0,4.0,3.0,unknown,symptoms,18-29
442,m00443,2016-10-01,43,female,stable,married,Grad,162.0,50.0,namdinh,19.05197378,yes,<12mo,<12mo,disease_concern,no,yes,yes,no,yes,yes ,no,no,no,never,never,yes,yes,yes,no,yes,partly ,3.0,2.0,5.0,4.0,4.0,clinic,quite,6m,med,maybe,maybe,3.0,3.0,2.0,4.0,unknown,symptoms,40-49
443,m00444,2016-10-01,22,female,student,married,Grad,160.0,52.0,hanoi,20.3125,yes,12-24mo,12-24mo,symptoms,yes,no,yes,yes,yes,yes ,no,no,yes,never,never,yes,yes,no,no,yes,allsoon,4.0,3.0,3.0,4.0,2.0,selfstudy,good,12m,low,yes,yes,2.0,2.0,3.0,2.0,unknown,disease_concern,18-29
444,m00445,2016-10-01,23,male,stable,unmarried,Grad,167.0,68.0,hanoi,24.38237298,yes,>24mo,>24mo,disease_concern,yes,yes,yes,no,no,yes ,no,no,no,never,yes,yes,yes,yes,yes,no,later,4.0,3.0,3.0,4.0,2.0,clinic,good,12m,med,maybe,maybe,1.0,2.0,2.0,3.0,420,disease_concern,18-29
445,m00446,2016-10-01,30,male,stable,married,Grad,163.0,60.0,hanoi,22.58270917,yes,unknown,unknown,symptoms,yes,yes,no,no,yes,no,no,no,no,never,never,yes,yes,yes,no,yes,later,3.0,2.0,2.0,4.0,3.0,clinic,good,18m,med,maybe,no,2.0,1.0,2.0,3.0,560,disease_concern,30-39
446,m00447,2016-10-01,28,female,stable,married,Grad,163.0,49.0,hanoi,18.44254582,yes,<12mo,<12mo,volunteer,no,no,no,no,no,yes ,no,yes,yes,never,never,yes,yes,yes,no,yes,allsoon,5.0,4.0,4.0,3.0,5.0,clinic,good,6m,med,yes,yes,3.0,2.0,3.0,2.0,unknown,disease_concern,18-29
447,m00448,2016-10-01,27,male,unstable,married,Grad,165.0,65.0,hanoi,23.87511478,yes,<12mo,12-24mo,symptoms,yes,no,no,no,yes,no,no,no,no,never,never,yes,yes,yes,yes,yes,later,3.0,5.0,5.0,5.0,4.0,selfstudy,bad,6m,med,yes,yes,3.0,2.0,2.0,3.0,210,symptoms,18-29
448,m00449,2016-10-01,26,female,stable,married,Grad,163.0,67.0,hanoi,25.21735858,yes,<12mo,<12mo,volunteer,no,no,no,no,yes,yes ,yes,no,no,yes,yes,yes,yes,yes,yes,yes,allsoon,5.0,5.0,5.0,5.0,5.0,clinic,unknown,12m,low,yes,maybe,1.0,1.0,2.5,2.5,420,disease_concern,18-29
449,m00450,2016-10-01,22,female,housewife,married,Middle,155.0,44.0,hanoi,18.31425598,no,<12mo,<12mo,symptoms,yes,yes,yes,no,no,yes ,no,no,no,never,yes,no,no,yes,yes,yes,allsoon,2.0,1.0,1.0,1.0,1.0,selfstudy,bad,6m,low,no,no,1.0,1.0,1.0,1.0,840,symptoms,18-29
450,m00451,2016-10-01,29,male,stable,married,Grad,178.0,78.0,hanoi,24.61810377,yes,>24mo,>24mo,request,no,no,no,no,yes,yes ,yes,no,no,never,yes,yes,no,yes,yes,yes,allsoon,5.0,5.0,5.0,5.0,5.0,selfstudy,bad,6m,hi,yes,maybe,3.0,2.0,2.0,3.0,300,disease_concern,18-29
451,m00452,2016-10-01,33,male,stable,married,Grad,167.0,70.0,hanoi,25.0995016,yes,<12mo,>24mo,symptoms,yes,no,no,no,yes,yes ,no,no,yes,never,yes,yes,yes,yes,no,yes,allsoon,5.0,5.0,5.0,5.0,5.0,clinic,bad,12m,hi,maybe,yes,2.0,2.0,2.0,2.0,420,symptoms,30-39
452,m00453,2016-10-01,55,female,housewife,married,Middle,158.0,64.0,thanhhoa,25.63691716,yes,unknown,unknown,symptoms,no,no,yes,no,yes,no,yes,no,yes,never,yes,yes,yes,yes,yes,yes,allsoon,5.0,5.0,5.0,5.0,5.0,selfstudy,quite,6m,med,no,yes,4.0,4.0,4.0,4.0,140,disease_concern,>=50
453,m00454,2016-09-30,25,female,stable,married,Grad,165.0,60.0,hanoi,22.03856749,yes,<12mo,<12mo,volunteer,no,no,no,no,no,yes ,yes,yes,yes,never,never,yes,yes,yes,yes,yes,allsoon,5.0,5.0,5.0,5.0,5.0,selfstudy,bad,6m,med,no,no,1.0,1.0,1.0,1.0,420,symptoms,18-29
454,m00455,2016-09-30,34,female,stable,married,Grad,155.0,49.0,hanoi,20.39542144,yes,<12mo,>24mo,volunteer,yes,no,no,yes,yes,yes ,yes,yes,yes,never,never,yes,yes,yes,yes,yes,allsoon,5.0,5.0,5.0,5.0,4.0,selfstudy,bad,12m,med,maybe,yes,4.0,1.0,3.0,2.0,300,symptoms,30-39
455,m00456,2016-09-30,37,female,other,married,Grad,158.0,55.0,hanoi,22.03172568,yes,<12mo,<12mo,volunteer,no,no,no,no,no,yes ,yes,yes,yes,never,never,yes,yes,yes,yes,yes,allsoon,5.0,5.0,5.0,5.0,5.0,selfstudy,bad,6m,med,yes,yes,4.0,3.0,3.0,2.0,420,disease_concern,30-39
456,m00457,2016-09-30,29,female,stable,married,Grad,155.0,50.0,hanoi,20.81165453,yes,<12mo,<12mo,request,no,no,no,no,no,yes ,yes,yes,no,never,never,yes,no,no,yes,no,later,5.0,5.0,5.0,5.0,5.0,clinic,bad,6m,low,no,maybe,3.0,2.0,4.0,2.0,420,symptoms,18-29
457,m00458,2016-09-30,26,female,stable,married,Grad,157.0,49.0,hanoi,19.8791026,yes,<12mo,>24mo,symptoms,no,no,no,no,yes,no,no,no,no,never,never,yes,yes,yes,no,no,later,4.0,4.0,5.0,4.0,5.0,selfstudy,quite,12m,med,maybe,maybe,3.0,4.0,4.0,4.0,420,symptoms,18-29
458,m00459,2016-09-30,28,female,stable,married,PostGrad,161.0,54.0,hanoi,20.83252961,yes,<12mo,<12mo,request,no,no,no,no,no,yes ,yes,yes,yes,yes,never,yes,no,no,no,yes,allsoon,4.0,5.0,4.0,5.0,5.0,selfstudy,bad,6m,med,yes,yes,2.0,2.0,2.0,2.0,400,disease_concern,18-29
459,m00460,2016-09-30,21,female,student,unmarried,Grad,158.0,48.0,hanoi,19.22768787,yes,unknown,<12mo,request,no,no,no,no,yes,no,no,no,no,never,yes,yes,yes,yes,no,no,allsoon,5.0,5.0,5.0,5.0,5.0,selfstudy,good,6m,med,maybe,maybe,1.0,1.0,1.0,1.0,unknown,symptoms,18-29
460,m00461,2016-09-30,23,female,stable,unmarried,Grad,155.0,48.0,hanoi,19.97918835,yes,>24mo,>24mo,symptoms,yes,yes,yes,yes,yes,yes ,no,no,no,yes,yes,no,yes,yes,yes,no,allsoon,3.0,2.0,1.0,4.0,1.0,selfstudy,bad,6m,med,no,no,2.0,2.0,3.0,1.0,420,symptoms,18-29
461,m00462,2016-09-30,23,male,unstable,unmarried,Middle,169.0,58.0,hanoi,20.30741221,no,>24mo,>24mo,symptoms,yes,yes,no,yes,yes,no,no,no,no,never,never,yes,no,no,no,no,later,2.0,2.0,2.0,2.0,2.0,selfstudy,bad,12m,low,maybe,maybe,1.0,1.0,1.0,1.0,unknown,symptoms,18-29
462,m00463,2016-09-30,59,male,other,married,Middle,164.0,60.0,hanoi,22.30814991,no,12-24mo,>24mo,symptoms,yes,yes,no,yes,no,yes ,no,no,yes,yes,yes,no,yes,yes,yes,yes,allsoon,3.0,3.0,2.0,4.0,2.0,askrel,bad,6m,med,no,no,4.0,4.0,4.0,3.0,420,symptoms,>=50
463,m00464,2016-09-30,22,female,stable,unmarried,Grad,158.0,52.0,hanoi,20.82999519,yes,<12mo,unknown,symptoms,no,no,no,no,no,yes ,yes,yes,yes,yes,yes,yes,yes,yes,yes,yes,allsoon,5.0,5.0,5.0,5.0,5.0,askrel,bad,12m,med,no,no,2.0,2.0,2.0,2.0,180,disease_concern,18-29
464,m00465,2016-09-30,27,female,stable,married,Grad,160.0,50.0,hanoi,19.53125,no,<12mo,>24mo,volunteer,yes,yes,yes,yes,yes,yes ,no,no,yes,never,never,yes,yes,yes,yes,yes,allsoon,5.0,5.0,5.0,5.0,5.0,selfstudy,bad,6m,med,maybe,maybe,1.0,1.0,1.0,1.0,420,symptoms,18-29
465,m00466,2016-09-30,61,female,retirer,married,High,152.0,45.0,hatinh,19.47714681,yes,<12mo,<12mo,symptoms,no,no,no,no,no,yes ,yes,yes,yes,yes,yes,no,yes,yes,yes,yes,allsoon,4.0,4.0,4.0,4.0,5.0,askrel,bad,6m,med,no,no,4.0,4.0,4.0,4.0,210,symptoms,>=50
466,m00467,2016-09-30,25,male,stable,unmarried,PostGrad,174.0,65.0,anhquoc,21.46915048,yes,<12mo,<12mo,volunteer,no,no,no,no,no,yes ,yes,yes,yes,never,never,yes,yes,yes,yes,yes,allsoon,5.0,5.0,5.0,5.0,5.0,selfstudy,bad,12m,med,no,maybe,3.0,4.0,4.0,2.0,450,disease_concern,18-29
467,m00468,2016-09-30,27,male,stable,married,Grad,174.0,85.0,hanoi,28.07504294,yes,12-24mo,12-24mo,request,no,no,no,no,no,yes ,yes,yes,yes,never,never,yes,yes,yes,yes,yes,allsoon,4.0,4.0,3.0,5.0,4.0,askrel,good,12m,low,yes,maybe,3.0,4.0,3.0,3.0,300,symptoms,18-29
468,m00469,2016-09-30,34,female,stable,unmarried,Middle,159.0,51.0,hanoi,20.17325264,yes,<12mo,<12mo,request,yes,yes,no,no,no,no,no,no,no,never,yes,no,yes,yes,yes,no,allsoon,3.0,2.0,1.0,2.0,1.0,clinic,bad,6m,med,no,no,4.0,4.0,4.0,4.0,420,symptoms,30-39
469,m00470,2016-09-30,24,female,other,married,Middle,156.0,49.0,hanoi,20.13477975,no,<12mo,>24mo,symptoms,yes,no,no,no,yes,yes ,no,no,no,never,never,yes,yes,yes,yes,yes,allsoon,5.0,4.0,4.0,4.0,4.0,clinic,bad,12m,med,yes,yes,3.0,3.0,4.0,2.0,420,disease_concern,18-29
470,m00471,2016-09-30,27,female,stable,unmarried,Grad,160.0,43.0,hanoi,16.796875,no,<12mo,>24mo,volunteer,yes,no,no,no,no,yes ,no,no,yes,never,never,yes,yes,yes,yes,no,allsoon,5.0,5.0,5.0,5.0,5.0,selfstudy,bad,6m,med,maybe,yes,2.0,2.0,4.0,2.0,420,symptoms,18-29
471,m00472,2016-09-30,31,male,stable,married,Middle,160.0,64.0,hanoi,25.0,yes,>24mo,>24mo,volunteer,no,no,no,no,yes,no,no,no,no,never,yes,no,yes,yes,yes,yes,allsoon,4.0,2.0,2.0,2.0,3.0,selfstudy,bad,6m,low,yes,yes,1.0,1.0,1.0,1.0,420,disease_concern,30-39
472,m00473,2016-09-30,23,female,stable,married,Grad,162.0,50.0,hanoi,19.05197378,yes,<12mo,<12mo,volunteer,no,no,no,no,no,yes ,yes,yes,yes,never,never,yes,yes,yes,yes,yes,allsoon,5.0,5.0,5.0,5.0,5.0,selfstudy,bad,6m,med,maybe,maybe,4.0,4.0,3.0,2.0,420,symptoms,18-29
473,m00474,2016-09-30,28,female,stable,married,Grad,155.0,52.0,hanoi,21.64412071,yes,<12mo,<12mo,request,no,no,no,no,no,yes ,yes,yes,yes,never,never,yes,yes,yes,yes,yes,allsoon,5.0,3.0,4.0,4.0,3.0,askrel,bad,6m,med,maybe,yes,1.0,1.0,1.0,1.0,420,symptoms,18-29
474,m00475,2016-09-30,27,female,stable,married,Grad,160.0,56.0,hanoi,21.875,yes,<12mo,>24mo,symptoms,yes,no,no,no,yes,no,no,no,no,never,never,yes,yes,yes,yes,yes,later,5.0,5.0,5.0,5.0,5.0,selfstudy,bad,12m,med,no,maybe,2.0,2.0,3.0,2.0,200,symptoms,18-29
475,m00476,2016-09-30,22,male,student,unmarried,Grad,170.0,52.0,hanoi,17.99307958,no,<12mo,>24mo,symptoms,yes,no,no,yes,yes,no,no,no,no,never,never,yes,no,no,yes,no,later,5.0,5.0,5.0,5.0,5.0,selfstudy,bad,6m,med,maybe,yes,1.0,1.0,1.0,1.0,420,disease_concern,18-29
476,m00477,2016-09-30,28,female,stable,unmarried,Grad,160.0,45.0,hanoi,17.578125,yes,<12mo,>24mo,symptoms,no,no,no,no,yes,yes ,no,no,yes,never,never,yes,yes,yes,yes,yes,allsoon,5.0,5.0,5.0,5.0,5.0,clinic,bad,6m,med,no,no,1.0,1.0,1.0,1.0,630,symptoms,18-29
477,m00478,2016-09-30,39,female,stable,married,Middle,145.0,43.0,hanoi,20.45184304,no,unknown,unknown,volunteer,no,no,no,no,no,yes ,yes,yes,yes,never,yes,yes,yes,yes,yes,no,allsoon,5.0,5.0,5.0,5.0,5.0,selfstudy,bad,6m,med,no,no,2.0,2.0,3.0,2.0,420,symptoms,30-39
478,m00479,2016-09-30,22,female,student,unmarried,Grad,162.0,46.0,hanoi,17.52781588,yes,<12mo,>24mo,request,no,no,no,no,no,yes ,no,no,no,never,yes,yes,yes,yes,yes,yes,allsoon,5.0,5.0,5.0,5.0,5.0,selfstudy,bad,12m,med,maybe,maybe,2.0,2.0,2.0,2.0,420,symptoms,18-29
479,m00480,2016-09-30,21,female,student,married,Grad,160.0,65.0,hanoi,25.390625,yes,>24mo,<12mo,volunteer,no,no,no,no,no,yes ,yes,yes,yes,never,never,yes,yes,yes,yes,yes,allsoon,5.0,5.0,5.0,5.0,5.0,selfstudy,bad,6m,med,yes,maybe,3.0,3.0,3.0,3.0,420,symptoms,18-29
480,m00481,2016-09-30,27,female,stable,married,Grad,160.0,60.0,hanoi,23.4375,yes,<12mo,<12mo,volunteer,yes,no,no,yes,no,yes ,no,no,yes,never,never,yes,yes,yes,yes,yes,later,3.0,3.0,1.0,3.0,2.0,selfstudy,bad,6m,med,maybe,yes,2.0,3.0,4.0,2.0,420,disease_concern,18-29
481,m00482,2016-09-30,21,female,student,unmarried,Grad,161.0,44.0,hanoi,16.97465376,yes,<12mo,>24mo,symptoms,no,no,no,no,yes,yes ,no,no,no,never,never,yes,yes,yes,yes,yes,later,5.0,5.0,5.0,5.0,5.0,selfstudy,quite,6m,med,maybe,yes,1.0,1.0,1.0,1.0,420,disease_concern,18-29
482,m00483,2016-09-30,25,female,stable,married,Grad,166.0,54.0,hanoi,19.59645812,no,<12mo,<12mo,volunteer,no,no,no,no,no,yes ,yes,yes,yes,never,never,yes,yes,yes,yes,yes,allsoon,4.0,5.0,5.0,5.0,3.0,selfstudy,bad,6m,med,no,no,3.0,2.0,3.0,2.0,unknown,disease_concern,18-29
483,m00484,2016-09-30,39,male,stable,married,High,165.0,64.0,hanoi,23.50780533,yes,12-24mo,<12mo,volunteer,yes,no,no,no,no,yes ,yes,yes,yes,never,yes,no,yes,yes,yes,yes,allsoon,5.0,5.0,5.0,5.0,5.0,clinic,bad,6m,med,no,no,3.0,4.0,4.0,2.0,210,symptoms,30-39
484,m00485,2016-09-30,35,female,other,married,Grad,152.0,50.0,hanoi,21.64127424,yes,<12mo,12-24mo,volunteer,no,no,no,no,yes,yes ,no,no,no,never,never,yes,yes,yes,yes,yes,later,5.0,5.0,5.0,5.0,5.0,selfstudy,unknown,6m,med,no,no,2.0,2.0,4.0,2.0,420,disease_concern,30-39
485,m00486,2016-09-30,25,female,stable,married,PostGrad,159.0,45.0,hanoi,17.7999288,yes,<12mo,12-24mo,volunteer,yes,no,no,no,yes,yes ,yes,yes,yes,never,never,yes,yes,yes,yes,yes,allsoon,4.0,4.0,2.0,4.0,4.0,selfstudy,bad,6m,med,maybe,maybe,2.0,2.0,2.0,2.0,360,symptoms,18-29
486,m00487,2016-09-30,28,female,stable,married,PostGrad,161.0,49.0,hanoi,18.90359168,yes,<12mo,>24mo,volunteer,yes,no,no,no,yes,yes ,no,no,no,never,yes,yes,yes,yes,no,no,later,4.0,3.0,4.0,3.0,4.0,selfstudy,bad,12m,med,maybe,maybe,3.0,3.0,3.0,3.0,unknown,symptoms,18-29
487,m00488,2016-09-30,28,female,stable,married,Middle,152.0,50.0,hanoi,21.64127424,yes,<12mo,<12mo,volunteer,no,no,no,no,no,yes ,yes,yes,yes,never,never,yes,yes,yes,yes,no,allsoon,5.0,5.0,5.0,5.0,5.0,selfstudy,bad,6m,med,yes,yes,3.0,3.0,3.0,3.0,420,symptoms,18-29
488,m00489,2016-09-30,36,female,stable,married,Grad,167.0,61.0,hanoi,21.87242282,no,<12mo,<12mo,request,no,no,no,no,no,yes ,yes,yes,yes,never,never,yes,yes,yes,yes,no,later,3.0,3.0,3.0,3.0,3.0,selfstudy,bad,12m,med,no,no,5.0,5.0,5.0,5.0,420,symptoms,30-39
489,m00490,2016-09-30,28,female,stable,married,Middle,160.0,48.0,hanoi,18.75,yes,<12mo,<12mo,request,no,no,no,no,no,yes ,yes,yes,yes,never,never,yes,yes,yes,yes,yes,allsoon,4.0,4.0,4.0,4.0,4.0,clinic,bad,6m,med,yes,yes,2.0,1.0,2.0,1.0,300,disease_concern,18-29
490,m00491,2016-10-01,52,female,stable,married,Grad,155.0,52.0,hanoi,21.64412071,yes,<12mo,<12mo,volunteer,yes,no,no,yes,no,no,no,no,no,never,yes,no,yes,yes,yes,yes,allsoon,5.0,5.0,5.0,5.0,5.0,clinic,bad,6m,low,no,no,3.0,3.0,3.0,3.0,420,symptoms,>=50
491,m00492,2016-10-01,28,female,stable,married,Grad,155.0,47.0,hanoi,19.56295525,yes,<12mo,<12mo,request,no,no,no,no,yes,yes ,yes,yes,yes,never,yes,yes,yes,yes,no,yes,allsoon,4.0,4.0,4.0,4.0,4.0,askrel,bad,6m,med,maybe,maybe,2.0,2.0,2.0,2.0,210,symptoms,18-29
492,m00493,2016-10-01,30,female,stable,married,Grad,160.0,57.0,hanoi,22.265625,yes,<12mo,<12mo,request,no,no,no,no,no,yes ,yes,yes,yes,never,yes,yes,yes,yes,yes,no,allsoon,3.0,3.0,3.0,3.0,3.0,askrel,bad,12m,med,no,maybe,2.0,2.0,2.0,2.0,210,symptoms,30-39
493,m00494,2016-10-01,34,female,stable,married,Grad,153.0,58.0,hanoi,24.77679525,yes,<12mo,<12mo,request,no,no,no,no,no,yes ,yes,yes,yes,never,yes,yes,yes,yes,yes,yes,allsoon,3.5,3.5,3.5,3.5,3.5,clinic,bad,6m,med,no,no,2.0,2.0,2.0,2.0,400,symptoms,30-39
494,m00495,2016-10-01,33,female,other,married,Grad,156.0,49.0,hanoi,20.13477975,yes,<12mo,<12mo,symptoms,yes,no,no,no,no,yes ,no,no,yes,never,never,yes,yes,yes,yes,yes,allsoon,4.0,4.0,2.0,4.0,4.0,askrel,bad,6m,med,yes,maybe,3.0,2.0,3.0,2.0,210,symptoms,30-39
495,m00496,2016-10-01,35,female,stable,married,Grad,156.0,59.0,hanoi,24.24391847,yes,<12mo,<12mo,request,no,no,no,no,no,yes ,yes,yes,yes,never,yes,no,yes,yes,yes,yes,allsoon,5.0,5.0,5.0,5.0,5.0,askrel,quite,6m,hi,yes,yes,2.0,2.0,3.0,2.0,420,disease_concern,30-39
496,m00497,2016-10-01,39,female,housewife,married,High,165.0,58.0,hanoi,21.30394858,no,<12mo,<12mo,volunteer,yes,no,no,no,no,yes ,no,no,yes,never,never,yes,yes,yes,yes,yes,allsoon,4.0,2.0,3.0,3.0,3.0,clinic,bad,12m,med,no,no,2.0,2.0,2.0,2.0,400,symptoms,30-39
497,m00498,2016-10-01,35,female,stable,married,Grad,153.0,56.0,hanoi,23.922423,yes,<12mo,<12mo,volunteer,no,no,no,no,no,yes ,yes,yes,yes,never,yes,yes,yes,yes,yes,no,allsoon,5.0,5.0,5.0,5.0,5.0,clinic,bad,6m,med,no,no,4.0,4.0,4.0,4.0,140,symptoms,30-39
498,m00499,2016-10-01,29,female,stable,married,Grad,156.0,46.0,haiduong,18.90203813,yes,<12mo,<12mo,symptoms,yes,no,no,no,no,yes ,yes,yes,yes,never,never,yes,yes,yes,yes,yes,later,4.0,4.0,2.0,4.0,4.0,askrel,bad,6m,med,no,no,3.0,2.0,2.0,3.0,420,symptoms,18-29
499,m00500,2016-10-01,33,female,other,married,Grad,155.0,48.0,hanoi,19.97918835,yes,<12mo,<12mo,volunteer,no,no,no,no,no,yes ,no,no,yes,never,never,yes,yes,yes,yes,yes,allsoon,4.0,4.0,5.0,4.0,4.0,clinic,quite,6m,low,maybe,maybe,3.0,3.0,3.0,2.0,200,disease_concern,30-39
500,m00501,2016-10-01,27,male,stable,unmarried,Grad,177.0,70.0,hanoi,22.34351559,yes,<12mo,<12mo,request,no,no,no,no,no,yes ,yes,yes,yes,never,never,yes,yes,yes,yes,yes,allsoon,5.0,5.0,5.0,5.0,5.0,selfstudy,bad,12m,med,no,no,1.0,1.0,1.0,1.0,600,disease_concern,18-29
501,m00502,2016-10-01,30,female,stable,married,Grad,156.0,58.5,hanoi,24.03846154,yes,<12mo,<12mo,volunteer,yes,no,no,no,no,yes ,yes,yes,yes,never,never,yes,yes,yes,yes,yes,allsoon,5.0,5.0,5.0,5.0,5.0,clinic,bad,6m,med,yes,yes,5.0,5.0,5.0,5.0,300,symptoms,30-39
502,m00503,2016-10-01,30,female,stable,married,Grad,150.0,50.0,hanoi,22.22222222,no,<12mo,<12mo,request,no,no,no,no,no,yes ,yes,yes,yes,never,never,yes,yes,yes,yes,no,later,5.0,5.0,5.0,5.0,5.0,selfstudy,bad,6m,med,no,no,2.0,1.0,2.0,2.0,420,symptoms,30-39
503,m00504,2016-10-01,24,female,stable,married,Grad,160.0,62.0,hanoi,24.21875,yes,<12mo,<12mo,volunteer,no,no,no,no,no,yes ,yes,yes,yes,never,yes,yes,yes,yes,yes,yes,allsoon,5.0,5.0,5.0,5.0,5.0,clinic,bad,6m,low,no,no,1.0,1.0,1.0,1.0,unknown,disease_concern,18-29
504,m00505,2016-10-01,26,female,stable,married,Grad,156.0,63.0,hanoi,25.88757396,yes,<12mo,<12mo,volunteer,yes,no,no,no,no,yes ,yes,yes,yes,never,never,yes,yes,yes,yes,yes,allsoon,5.0,5.0,5.0,5.0,5.0,selfstudy,quite,6m,med,no,maybe,2.0,2.0,2.0,2.0,420,symptoms,18-29
505,m00506,2016-10-01,44,male,other,married,Middle,174.0,72.0,hanoi,23.78121284,no,<12mo,<12mo,volunteer,no,no,no,no,no,yes ,no,yes,yes,never,never,yes,yes,yes,yes,yes,allsoon,4.0,4.0,3.0,4.0,3.0,askrel,bad,6m,hi,no,no,2.0,2.0,2.0,2.0,210,disease_concern,40-49
506,m00507,2016-10-01,56,female,retirer,married,High,150.0,55.0,haiduong,24.44444444,no,<12mo,<12mo,volunteer,no,no,no,no,no,yes ,yes,yes,yes,never,never,yes,yes,yes,yes,yes,allsoon,5.0,5.0,4.0,5.0,5.0,clinic,bad,6m,med,no,no,1.0,1.0,1.0,1.0,unknown,symptoms,>=50
507,m00508,2016-10-01,44,female,other,married,High,150.0,45.0,hanoi,20.0,yes,<12mo,>24mo,symptoms,yes,no,no,no,no,yes ,yes,yes,yes,never,never,yes,yes,yes,yes,yes,allsoon,5.0,5.0,5.0,5.0,5.0,selfstudy,bad,6m,med,maybe,maybe,4.0,4.0,4.0,4.0,unknown,symptoms,40-49
508,m00509,2016-10-01,30,female,stable,married,Grad,155.0,44.0,hanoi,18.31425598,yes,<12mo,<12mo,request,yes,no,yes,no,no,yes ,yes,yes,yes,never,never,yes,yes,yes,yes,yes,allsoon,5.0,5.0,5.0,4.0,4.0,selfstudy,bad,12m,med,maybe,maybe,3.0,3.0,3.0,3.0,420,symptoms,30-39
509,m00510,2016-10-01,30,female,stable,married,PostGrad,160.0,46.0,hanoi,17.96875,yes,<12mo,<12mo,request,yes,no,no,no,no,yes ,yes,yes,yes,never,never,yes,yes,yes,no,yes,allsoon,4.0,4.0,4.0,4.0,4.0,selfstudy,bad,6m,med,yes,yes,3.0,3.0,3.0,3.0,280,symptoms,30-39
510,m00511,2016-10-01,26,male,stable,married,Grad,177.0,66.0,hanoi,21.06674327,yes,<12mo,>24mo,symptoms,yes,no,no,no,no,yes ,no,no,no,never,never,yes,yes,yes,yes,no,later,3.0,3.0,3.0,3.0,3.0,selfstudy,bad,6m,med,no,no,4.0,4.0,4.0,3.0,300,disease_concern,18-29
511,m00512,2016-10-01,29,male,stable,married,Grad,175.0,75.0,hanoi,24.48979592,yes,>24mo,<12mo,request,no,no,no,no,no,yes ,yes,yes,yes,never,never,yes,yes,yes,no,yes,allsoon,4.0,4.0,4.0,4.0,2.0,clinic,bad,6m,hi,no,no,2.0,2.0,2.0,2.0,1000,symptoms,18-29
512,m00513,2016-10-01,25,female,stable,married,Grad,156.0,50.0,hanoi,20.54569362,yes,<12mo,<12mo,symptoms,yes,no,no,yes,yes,yes ,no,no,no,never,never,yes,yes,yes,yes,yes,allsoon,4.0,4.0,3.0,4.0,3.0,clinic,bad,6m,med,yes,yes,1.0,1.0,2.0,1.0,300,symptoms,18-29
513,m00514,2016-10-01,27,male,stable,married,Grad,167.0,61.0,hanoi,21.87242282,yes,<12mo,<12mo,request,no,no,no,no,no,yes ,yes,yes,yes,never,never,yes,yes,yes,yes,no,allsoon,4.0,4.0,4.0,4.0,4.0,askrel,bad,6m,low,no,no,1.0,1.0,1.0,1.0,420,symptoms,18-29
514,m00515,2016-10-01,32,female,stable,married,Middle,160.0,56.0,hanoi,21.875,yes,<12mo,<12mo,request,no,no,no,no,no,yes ,yes,yes,yes,never,yes,yes,yes,yes,yes,yes,allsoon,5.0,5.0,5.0,5.0,5.0,clinic,bad,6m,med,no,no,1.0,1.0,1.0,1.0,210,symptoms,30-39
515,m00516,2016-10-01,26,male,stable,married,Middle,170.0,57.0,hanoi,19.72318339,no,unknown,unknown,symptoms,yes,no,no,no,no,no,no,no,no,never,never,yes,yes,yes,yes,yes,allsoon,5.0,5.0,5.0,5.0,5.0,selfstudy,quite,12m,hi,yes,yes,1.0,1.0,1.0,1.0,210,symptoms,18-29
516,m00517,2016-10-01,20,female,student,unmarried,Grad,159.0,50.0,hanoi,19.77769867,yes,unknown,unknown,symptoms,no,no,no,no,no,no,no,no,no,never,never,yes,no,no,yes,yes,later,5.0,5.0,5.0,5.0,5.0,askrel,unknown,g18m,med,no,no,1.0,1.0,1.0,1.0,210,symptoms,18-29
517,m00518,2016-10-01,56,female,retirer,married,Middle,156.0,54.0,hanoi,22.18934911,yes,<12mo,<12mo,volunteer,yes,no,no,yes,no,yes ,yes,yes,yes,never,never,yes,yes,yes,yes,yes,allsoon,3.0,4.0,4.0,4.0,4.0,selfstudy,bad,12m,med,no,no,3.0,3.0,3.0,3.0,420,disease_concern,>=50
518,m00519,2016-09-29,33,female,stable,married,PostGrad,160.0,49.0,hanoi,19.140625,yes,<12mo,<12mo,request,no,no,no,no,no,yes ,yes,yes,yes,never,never,yes,yes,yes,yes,yes,allsoon,5.0,5.0,5.0,5.0,5.0,selfstudy,bad,12m,hi,no,no,4.0,3.0,3.0,2.0,420,disease_concern,30-39
519,m00520,2016-09-29,26,female,stable,married,Grad,160.0,60.0,hanoi,23.4375,yes,<12mo,>24mo,request,no,no,no,no,no,yes ,yes,yes,yes,never,never,yes,yes,yes,yes,yes,allsoon,3.0,5.0,5.0,5.0,5.0,selfstudy,good,12m,med,no,no,2.0,3.0,3.0,3.0,unknown,symptoms,18-29
520,m00521,2016-09-29,26,female,stable,unmarried,Grad,160.0,48.0,hanoi,18.75,yes,>24mo,>24mo,symptoms,yes,yes,yes,yes,yes,yes ,no,no,yes,never,never,yes,yes,yes,yes,yes,later,4.0,4.0,4.0,4.0,3.0,selfstudy,quite,12m,med,maybe,yes,3.0,4.0,4.0,3.0,420,symptoms,18-29
521,m00522,2016-09-29,24,female,other,married,Grad,162.0,50.0,hanoi,19.05197378,no,<12mo,<12mo,volunteer,no,no,no,no,no,yes ,yes,yes,yes,never,never,yes,yes,yes,no,yes,allsoon,4.0,5.0,5.0,5.0,5.0,selfstudy,unknown,6m,low,maybe,maybe,5.0,5.0,5.0,5.0,unknown,symptoms,18-29
522,m00523,2016-09-29,36,male,other,married,Grad,160.0,50.0,hanoi,19.53125,no,<12mo,<12mo,symptoms,no,no,no,no,no,yes ,yes,yes,yes,never,yes,yes,yes,yes,yes,yes,allsoon,3.0,3.0,5.0,3.0,3.0,selfstudy,bad,6m,low,no,no,3.0,3.0,3.0,4.0,280,disease_concern,30-39
523,m00524,2016-09-29,28,female,other,married,Grad,153.0,50.0,hanoi,21.35930625,yes,<12mo,>24mo,symptoms,yes,no,no,no,no,yes ,yes,yes,yes,never,never,yes,yes,yes,no,yes,later,5.0,5.0,5.0,5.0,5.0,selfstudy,quite,12m,med,yes,yes,4.0,4.0,4.0,4.0,210,symptoms,18-29
524,m00525,2016-09-29,34,female,stable,married,PostGrad,156.0,53.0,hanoi,21.77843524,yes,<12mo,<12mo,request,yes,no,no,no,no,yes ,yes,yes,yes,never,yes,yes,yes,yes,yes,yes,allsoon,4.0,4.0,5.0,5.0,5.0,selfstudy,bad,6m,low,yes,yes,1.0,1.0,1.0,1.0,420,symptoms,30-39
525,m00526,2016-09-29,48,female,stable,married,High,150.0,60.0,hanoi,26.66666667,yes,<12mo,>24mo,symptoms,yes,yes,no,no,yes,yes ,no,no,no,never,never,yes,yes,yes,yes,yes,allsoon,5.0,5.0,5.0,5.0,5.0,askrel,bad,6m,low,no,no,3.0,3.0,3.0,3.0,unknown,disease_concern,40-49
526,m00527,2016-09-29,45,female,stable,married,High,163.0,53.0,hanoi,19.94805977,no,<12mo,>24mo,symptoms,no,no,no,no,yes,no,no,no,no,never,never,yes,no,no,no,yes,allsoon,3.0,4.0,1.0,4.0,4.0,askrel,bad,6m,med,no,no,4.0,5.0,5.0,5.0,420,disease_concern,40-49
527,m00528,2016-09-29,30,female,stable,married,Grad,163.0,67.0,hanoi,25.21735858,yes,<12mo,<12mo,request,no,no,no,no,no,yes ,yes,yes,yes,never,never,yes,yes,yes,yes,yes,allsoon,3.0,5.0,5.0,5.0,5.0,selfstudy,good,6m,med,no,no,5.0,5.0,5.0,5.0,420,disease_concern,30-39
528,m00529,2016-09-29,30,female,housewife,married,High,150.0,51.0,hanoi,22.66666667,no,<12mo,<12mo,volunteer,no,no,no,no,no,yes ,yes,yes,yes,never,never,yes,yes,yes,yes,yes,allsoon,5.0,5.0,4.0,5.0,5.0,clinic,quite,6m,med,no,no,1.0,1.0,1.0,1.0,70,symptoms,30-39
529,m00530,2016-09-29,25,male,stable,unmarried,Grad,176.0,70.0,hanoi,22.5981405,no,>24mo,>24mo,symptoms,yes,no,yes,yes,yes,yes ,no,no,no,never,never,yes,yes,no,no,yes,later,5.0,3.0,3.0,4.0,3.0,selfstudy,bad,6m,med,maybe,yes,2.0,2.0,3.0,2.0,420,symptoms,18-29
530,m00531,2016-09-29,24,female,housewife,married,Grad,158.0,65.0,hanoi,26.03749399,yes,<12mo,>24mo,symptoms,no,no,no,no,yes,no,no,no,no,never,never,yes,yes,no,no,no,allsoon,4.0,4.0,4.0,4.0,4.0,selfstudy,unknown,6m,med,maybe,maybe,1.0,1.0,1.0,1.0,unknown,symptoms,18-29
531,m00532,2016-09-29,29,female,stable,married,Grad,158.0,61.0,hanoi,24.43518667,yes,<12mo,<12mo,request,no,no,no,no,no,yes ,yes,yes,yes,never,yes,yes,yes,yes,yes,yes,allsoon,3.0,3.0,3.0,3.0,3.0,selfstudy,bad,12m,med,no,no,1.0,1.0,1.0,1.0,unknown,disease_concern,18-29
532,m00533,2016-09-29,34,female,housewife,married,High,155.0,45.0,hanoi,18.73048907,no,<12mo,>24mo,symptoms,no,no,no,no,yes,no,no,no,no,never,never,yes,yes,yes,yes,yes,later,5.0,5.0,5.0,5.0,5.0,selfstudy,quite,6m,med,yes,yes,3.0,2.0,2.0,1.0,420,symptoms,30-39
533,m00534,2016-09-29,37,female,other,married,Grad,156.0,50.0,hanoi,20.54569362,yes,<12mo,>24mo,symptoms,no,no,no,no,yes,no,no,no,no,yes,never,yes,yes,yes,yes,yes,later,5.0,5.0,5.0,5.0,5.0,clinic,quite,12m,low,maybe,yes,3.0,4.0,4.0,2.0,unknown,symptoms,30-39
534,m00535,2016-09-29,20,female,student,unmarried,Grad,159.0,54.0,hanoi,21.35991456,yes,<12mo,<12mo,volunteer,no,no,no,no,no,yes ,yes,yes,yes,never,never,yes,yes,yes,yes,yes,allsoon,3.0,3.0,3.0,3.0,3.0,selfstudy,bad,6m,med,maybe,yes,3.0,3.0,3.0,3.0,420,symptoms,18-29
535,m00536,2016-09-29,54,female,stable,married,Middle,162.0,54.0,hanoi,20.57613169,yes,<12mo,<12mo,request,no,no,no,no,no,yes ,yes,yes,yes,never,never,yes,yes,yes,yes,yes,allsoon,5.0,5.0,5.0,5.0,5.0,clinic,bad,6m,med,no,no,1.0,1.0,1.0,1.0,unknown,symptoms,>=50
536,m00537,2016-09-29,20,male,stable,unmarried,Middle,168.0,52.0,hanoi,18.42403628,yes,<12mo,<12mo,request,no,no,no,no,no,yes ,yes,yes,yes,never,never,yes,yes,no,yes,no,later,5.0,5.0,5.0,5.0,5.0,selfstudy,bad,6m,low,yes,yes,1.0,1.0,1.0,1.0,420,symptoms,18-29
537,m00538,2016-09-29,27,male,stable,unmarried,Grad,168.0,58.0,hanoi,20.54988662,no,>24mo,>24mo,symptoms,no,no,no,no,yes,no,no,no,no,never,yes,no,yes,yes,yes,no,allsoon,5.0,5.0,5.0,5.0,5.0,selfstudy,bad,6m,low,maybe,maybe,1.0,1.0,1.0,1.0,420,symptoms,18-29
538,m00539,2016-09-29,18,female,student,unmarried,Grad,158.0,47.0,hanoi,18.82711104,no,<12mo,>24mo,symptoms,yes,yes,yes,yes,yes,no,no,no,no,never,never,yes,no,yes,no,yes,allsoon,5.0,5.0,5.0,5.0,5.0,selfstudy,bad,6m,med,yes,yes,4.0,4.0,4.0,4.0,420,disease_concern,18-29
539,m00540,2016-09-29,20,female,student,unmarried,Grad,153.0,48.0,hanoi,20.504934,yes,<12mo,unknown,disease_concern,no,yes,no,no,no,yes ,no,no,yes,yes,never,yes,yes,no,yes,yes,partly ,4.0,5.0,3.0,4.0,4.0,clinic,quite,6m,low,maybe,maybe,4.0,4.0,4.0,4.0,unknown,symptoms,18-29
540,m00541,2016-09-29,19,female,student,unmarried,Grad,158.0,54.0,hanoi,21.63114885,no,unknown,12-24mo,symptoms,yes,yes,no,no,yes,yes ,no,yes,yes,never,yes,yes,yes,yes,yes,yes,allsoon,3.0,3.0,4.0,3.0,4.0,selfstudy,good,12m,med,yes,maybe,3.0,3.0,3.0,3.0,unknown,symptoms,18-29
541,m00542,2016-09-29,19,female,student,unmarried,Grad,150.0,43.0,hanoi,19.11111111,yes,<12mo,>24mo,symptoms,no,yes,yes,no,yes,yes ,yes,no,yes,never,yes,yes,yes,yes,yes,yes,allsoon,4.0,4.0,3.0,4.0,3.0,askrel,unknown,6m,low,maybe,maybe,4.0,4.0,4.0,3.0,unknown,symptoms,18-29
542,m00543,2016-09-29,19,female,student,unmarried,Grad,160.0,46.0,hanoi,17.96875,yes,unknown,12-24mo,request,no,no,no,no,yes,yes ,yes,yes,no,never,never,yes,yes,yes,yes,yes,allsoon,3.0,2.0,2.0,3.0,2.0,askrel,good,g18m,low,maybe,no,2.0,1.0,3.0,2.0,unknown,symptoms,18-29
543,m00544,2016-09-29,20,female,student,unmarried,Grad,150.0,40.0,hanoi,17.77777778,no,unknown,12-24mo,request,no,no,no,no,yes,no,yes,no,no,never,never,yes,yes,yes,yes,no,allsoon,5.0,5.0,5.0,5.0,5.0,clinic,quite,12m,med,maybe,yes,3.0,2.0,4.0,2.0,unknown,symptoms,18-29
544,m00545,2016-09-29,19,male,student,unmarried,Grad,170.0,47.0,hanoi,16.26297578,yes,12-24mo,unknown,request,yes,yes,no,no,yes,yes ,yes,no,yes,never,yes,yes,yes,yes,yes,yes,allsoon,3.0,3.0,2.0,3.0,4.0,askrel,quite,18m,low,no,no,2.0,3.0,2.0,4.0,100,symptoms,18-29
545,m00546,2016-09-29,19,female,student,unmarried,Grad,152.0,46.0,quangninh,19.9099723,yes,<12mo,unknown,volunteer,no,yes,no,yes,no,yes ,no,no,no,never,yes,yes,yes,yes,yes,yes,allsoon,4.0,3.0,2.0,5.0,2.0,askrel,quite,12m,low,yes,yes,4.0,3.0,4.0,4.0,210,symptoms,18-29
546,m00547,2016-09-29,19,female,student,unmarried,Grad,161.0,47.0,hanoi,18.13201651,yes,<12mo,>24mo,symptoms,yes,yes,no,no,no,yes ,yes,yes,yes,never,yes,yes,no,yes,yes,no,allsoon,2.0,3.0,4.0,5.0,2.0,askrel,good,6m,low,yes,maybe,5.0,5.0,4.0,2.0,600,disease_concern,18-29
547,m00548,2016-09-29,19,male,student,unmarried,Grad,165.0,47.0,thaibinh,17.26354454,yes,<12mo,<12mo,disease_concern,no,yes,no,yes,yes,yes ,yes,no,no,yes,yes,yes,no,yes,yes,no,later,3.0,3.0,2.0,3.0,4.0,askrel,bad,6m,med,maybe,maybe,3.0,3.0,3.0,3.0,120,symptoms,18-29
548,m00549,2016-09-29,20,female,student,unmarried,Grad,155.0,60.0,hanoi,24.97398543,yes,unknown,unknown,request,no,yes,no,no,yes,no,yes,no,no,never,never,no,yes,no,no,no,allsoon,4.0,1.0,1.0,2.0,5.0,selfstudy,bad,6m,med,yes,no,5.0,1.0,3.0,3.0,140,symptoms,18-29
549,m00550,2016-09-29,19,female,student,unmarried,Grad,153.0,46.0,hanoi,19.65056175,yes,unknown,unknown,request,no,yes,yes,no,yes,yes ,yes,yes,yes,never,yes,yes,no,yes,yes,no,allsoon,5.0,4.0,3.0,4.0,2.0,askrel,bad,g18m,hi,maybe,maybe,4.0,3.0,4.0,4.0,210,symptoms,18-29
550,m00551,2016-09-29,22,female,student,unmarried,Grad,163.0,46.0,hanoi,17.31341037,yes,>24mo,>24mo,symptoms,yes,yes,yes,no,no,yes ,yes,no,no,never,yes,yes,no,yes,yes,yes,later,4.0,3.0,2.0,4.0,1.0,selfstudy,unknown,g18m,hi,yes,maybe,4.0,5.0,5.0,4.0,unknown,symptoms,18-29
551,m00552,2016-09-29,19,female,student,unmarried,Grad,165.0,48.0,hanoi,17.63085399,yes,12-24mo,12-24mo,request,yes,yes,no,no,no,yes ,yes,no,no,never,yes,yes,yes,yes,yes,yes,allsoon,5.0,4.0,1.0,4.0,2.0,selfstudy,unknown,g18m,hi,maybe,maybe,4.0,3.0,4.0,4.0,420,disease_concern,18-29
552,m00553,2016-09-29,19,female,student,unmarried,Grad,150.0,37.0,hanoi,16.44444444,yes,>24mo,>24mo,request,yes,yes,yes,no,no,yes ,yes,yes,no,never,never,yes,yes,yes,no,no,allsoon,3.0,2.0,4.0,3.0,2.0,clinic,bad,6m,med,yes,yes,3.0,1.0,2.0,2.0,210,disease_concern,18-29
553,m00554,2016-09-29,19,female,student,unmarried,Grad,166.0,56.0,hanoi,20.32225287,yes,<12mo,unknown,symptoms,yes,no,no,no,yes,yes ,no,no,no,yes,yes,no,yes,yes,yes,yes,later,3.0,2.0,4.0,3.0,5.0,clinic,good,6m,med,maybe,maybe,4.0,3.0,5.0,3.0,unknown,disease_concern,18-29
554,m00555,2016-09-29,37,female,stable,unmarried,Grad,155.0,50.0,hanoi,20.81165453,yes,>24mo,unknown,request,no,no,no,no,yes,no,yes,no,no,yes,yes,yes,yes,no,no,no,allsoon,2.0,2.0,2.0,2.0,2.0,askrel,quite,12m,med,yes,maybe,3.0,3.0,3.0,3.0,unknown,symptoms,30-39
555,m00556,2016-09-29,25,female,stable,married,Grad,157.0,61.0,hanoi,24.74745426,yes,<12mo,<12mo,request,no,no,no,no,no,yes ,yes,yes,yes,never,never,yes,yes,yes,no,no,allsoon,4.0,3.0,2.0,2.0,2.0,askrel,quite,12m,med,maybe,maybe,2.0,2.0,3.0,3.0,280,disease_concern,18-29
556,m00557,2016-09-29,33,female,stable,unmarried,Grad,158.0,43.0,hanoi,17.22480372,no,<12mo,<12mo,volunteer,yes,yes,yes,yes,yes,yes ,yes,yes,yes,never,never,no,yes,yes,yes,no,allsoon,4.0,5.0,3.0,5.0,5.0,selfstudy,bad,6m,hi,no,no,5.0,5.0,5.0,5.0,420,symptoms,30-39
557,m00558,2016-09-29,25,female,stable,married,Grad,158.0,46.0,hanoi,18.42653421,no,<12mo,<12mo,symptoms,no,no,no,no,yes,no,no,no,no,never,yes,yes,yes,yes,yes,yes,allsoon,3.5,5.0,5.0,5.0,4.0,selfstudy,good,6m,med,no,no,3.0,4.0,4.0,5.0,210,disease_concern,18-29
558,m00559,2016-09-29,29,female,other,married,High,148.0,42.0,vinhphuc,19.17457999,yes,<12mo,>24mo,symptoms,yes,yes,yes,yes,yes,no,no,no,no,yes,yes,no,yes,yes,yes,yes,allsoon,5.0,5.0,5.0,5.0,5.0,selfstudy,bad,6m,low,no,no,4.0,4.0,4.0,4.0,unknown,symptoms,18-29
559,m00560,2016-09-29,26,female,stable,married,High,163.0,49.0,hanoi,18.44254582,yes,<12mo,<12mo,volunteer,no,no,no,no,no,yes ,yes,yes,yes,never,never,yes,yes,yes,yes,yes,allsoon,3.0,3.0,3.0,3.0,3.0,selfstudy,bad,6m,med,no,no,1.0,1.0,1.0,1.0,unknown,symptoms,18-29
560,m00561,2016-09-29,26,female,stable,married,Grad,164.0,55.0,ninhbinh,20.44913742,yes,<12mo,<12mo,request,no,no,no,no,no,no,yes,yes,yes,yes,never,no,yes,yes,yes,yes,allsoon,3.0,3.0,5.0,3.0,3.0,selfstudy,bad,6m,med,no,no,1.0,1.0,1.0,1.0,350,symptoms,18-29
561,m00562,2016-09-29,25,male,stable,unmarried,Grad,159.0,51.0,hanoi,20.17325264,yes,>24mo,>24mo,symptoms,yes,yes,yes,yes,yes,no,no,no,no,never,never,yes,no,yes,no,no,later,5.0,4.0,3.0,4.0,3.0,selfstudy,bad,6m,low,yes,maybe,1.0,1.0,1.0,1.0,420,symptoms,18-29
562,m00563,2016-09-29,23,female,other,married,Grad,155.0,55.0,hanoi,22.89281998,no,<12mo,>24mo,symptoms,no,yes,no,no,no,no,no,no,no,yes,never,yes,yes,yes,yes,yes,allsoon,4.0,4.0,4.0,4.0,4.0,selfstudy,quite,6m,low,maybe,maybe,1.0,1.0,1.0,1.0,420,symptoms,18-29
563,m00564,2016-09-29,24,female,stable,married,Middle,150.0,52.0,hanoi,23.11111111,yes,<12mo,unknown,symptoms,no,no,yes,no,no,yes ,no,no,yes,never,never,yes,yes,yes,yes,yes,allsoon,4.0,4.0,5.0,4.0,5.0,clinic,bad,6m,med,yes,yes,4.0,3.0,5.0,3.0,85,symptoms,18-29
564,m00565,2016-09-29,24,male,stable,unmarried,Grad,168.0,65.0,hanoi,23.03004535,yes,>24mo,>24mo,request,no,no,no,no,no,yes ,yes,yes,yes,never,never,yes,yes,yes,yes,yes,later,3.0,3.0,3.0,3.0,3.0,askrel,bad,6m,med,no,no,3.0,2.0,3.0,3.0,210,disease_concern,18-29
565,m00566,2016-09-29,24,female,student,unmarried,Grad,157.0,46.0,hanoi,18.66201469,yes,unknown,>24mo,symptoms,no,no,no,no,yes,no,no,no,no,never,yes,yes,yes,yes,yes,yes,allsoon,5.0,5.0,5.0,5.0,5.0,selfstudy,bad,6m,med,no,yes,2.0,2.0,2.0,2.0,420,disease_concern,18-29
566,m00567,2016-09-29,26,female,stable,married,PostGrad,162.0,65.0,hanoi,24.76756592,yes,<12mo,<12mo,request,yes,no,no,no,no,no,no,no,no,never,yes,yes,yes,yes,yes,yes,allsoon,3.0,3.0,3.0,3.0,3.0,selfstudy,bad,12m,low,yes,yes,1.0,1.0,1.0,1.0,unknown,symptoms,18-29
567,m00568,2016-09-29,22,female,housewife,married,Grad,156.0,52.0,haiduong,21.36752137,yes,<12mo,>24mo,symptoms,no,no,no,no,no,yes ,yes,yes,yes,never,never,yes,yes,yes,yes,yes,allsoon,5.0,5.0,5.0,5.0,5.0,selfstudy,bad,6m,med,maybe,maybe,3.0,3.0,3.0,3.0,420,symptoms,18-29
568,m00569,2016-09-29,31,female,stable,married,PostGrad,162.0,65.0,hanoi,24.76756592,yes,<12mo,<12mo,request,no,no,no,no,no,yes ,yes,yes,yes,never,never,yes,yes,yes,yes,yes,allsoon,4.0,5.0,5.0,5.0,5.0,selfstudy,bad,6m,hi,no,no,4.0,4.0,4.0,4.0,85,symptoms,30-39
569,m00570,2016-09-29,25,male,other,married,High,160.0,50.0,hanoi,19.53125,no,<12mo,>24mo,symptoms,no,no,no,no,yes,no,no,no,no,never,never,yes,yes,yes,yes,no,later,5.0,5.0,5.0,5.0,5.0,selfstudy,unknown,6m,low,no,no,5.0,5.0,5.0,5.0,360,disease_concern,18-29
570,m00571,2016-09-29,24,female,stable,married,Grad,155.0,52.0,hanoi,21.64412071,yes,<12mo,>24mo,symptoms,yes,no,no,no,yes,yes ,no,no,no,never,never,yes,yes,yes,no,yes,later,5.0,5.0,3.0,5.0,5.0,askrel,bad,6m,med,yes,yes,4.0,4.0,4.0,4.0,420,disease_concern,18-29
571,m00572,2016-09-28,13,female,student,unmarried,Middle,163.0,42.0,hanoi,15.80789642,yes,<12mo,<12mo,symptoms,no,no,no,no,yes,yes ,no,yes,yes,never,yes,yes,yes,yes,yes,yes,later,5.0,5.0,5.0,5.0,5.0,clinic,quite,6m,med,maybe,maybe,5.0,5.0,5.0,5.0,420,symptoms,<18
572,m00573,2016-09-28,31,male,stable,unmarried,Grad,174.0,68.0,hanoi,22.46003435,no,unknown,<12mo,volunteer,no,no,no,no,no,yes ,yes,yes,yes,yes,yes,no,no,yes,yes,yes,allsoon,4.0,5.0,4.0,5.0,5.0,selfstudy,bad,12m,med,no,no,2.0,2.0,2.0,2.0,300,disease_concern,30-39
573,m00574,2016-09-28,33,female,housewife,married,Middle,157.0,54.0,namdinh,21.90758246,no,<12mo,<12mo,request,no,no,no,no,no,yes ,yes,yes,yes,never,yes,no,yes,yes,yes,yes,allsoon,3.0,3.0,3.0,3.0,3.0,selfstudy,bad,6m,med,yes,yes,4.0,3.0,4.0,3.0,420,disease_concern,30-39
574,m00575,2016-09-28,27,female,stable,married,Grad,158.0,52.0,hanoi,20.82999519,no,<12mo,<12mo,disease_concern,no,no,no,no,no,yes ,yes,yes,yes,never,never,yes,yes,yes,yes,yes,allsoon,3.0,3.0,3.0,3.0,3.0,selfstudy,bad,6m,med,maybe,maybe,3.0,3.0,3.0,3.0,420,symptoms,18-29
575,m00576,2016-09-28,31,male,other,married,Middle,165.0,60.0,hanoi,22.03856749,no,unknown,>24mo,volunteer,no,no,no,no,no,yes ,yes,yes,yes,never,never,yes,no,yes,no,no,allsoon,3.0,3.0,4.0,3.0,4.0,selfstudy,bad,12m,med,no,no,5.0,5.0,5.0,5.0,unknown,symptoms,30-39
576,m00577,2016-09-28,22,male,student,unmarried,Grad,175.0,70.0,hanoi,22.85714286,yes,>24mo,>24mo,symptoms,yes,yes,yes,yes,yes,no,no,no,no,never,never,yes,no,no,no,no,later,2.0,2.0,2.0,2.0,2.0,selfstudy,bad,6m,med,maybe,maybe,1.0,1.0,1.0,1.0,420,symptoms,18-29
577,m00578,2016-09-28,27,female,housewife,married,Grad,155.0,47.0,hanoi,19.56295525,no,>24mo,>24mo,symptoms,yes,yes,no,yes,yes,yes ,yes,no,no,never,yes,no,yes,yes,yes,yes,allsoon,4.0,3.0,2.0,3.0,2.0,askrel,bad,6m,low,no,no,3.0,3.0,4.0,3.0,unknown,symptoms,18-29
578,m00579,2016-09-28,28,male,stable,married,Grad,170.0,68.0,hanoi,23.52941176,no,>24mo,<12mo,volunteer,yes,yes,yes,no,no,yes ,no,no,no,never,yes,no,yes,yes,yes,yes,allsoon,3.0,2.0,3.0,3.0,2.0,selfstudy,bad,6m,low,maybe,yes,3.0,2.0,4.0,4.0,420,symptoms,18-29
579,m00580,2016-09-28,52,female,other,other,Middle,152.0,49.0,hanoi,21.20844875,no,<12mo,>24mo,symptoms,yes,yes,yes,no,no,yes ,no,no,no,yes,yes,no,yes,yes,yes,no,allsoon,3.0,3.0,2.0,4.0,2.0,askrel,bad,6m,low,no,no,4.0,4.0,3.0,4.0,unknown,disease_concern,>=50
580,m00581,2016-09-28,22,male,student,unmarried,Grad,170.0,62.0,hanoi,21.4532872,no,<12mo,>24mo,symptoms,yes,yes,yes,yes,yes,no,no,no,no,never,never,yes,no,no,no,no,later,2.0,2.0,2.0,2.0,2.0,clinic,bad,6m,med,no,no,3.0,3.0,3.0,3.0,420,disease_concern,18-29
581,m00582,2016-09-28,31,female,stable,married,Grad,153.0,49.0,hanoi,20.93212012,yes,<12mo,<12mo,volunteer,no,no,no,no,no,yes ,yes,yes,yes,never,never,yes,yes,yes,yes,yes,allsoon,5.0,5.0,5.0,5.0,5.0,clinic,unknown,6m,med,no,no,1.0,1.0,1.0,1.0,unknown,symptoms,30-39
582,m00583,2016-09-28,26,female,stable,married,Grad,159.0,43.0,hanoi,17.00882085,no,>24mo,12-24mo,volunteer,no,no,no,no,yes,no,yes,no,no,never,never,yes,no,no,no,yes,allsoon,5.0,5.0,5.0,5.0,5.0,selfstudy,quite,6m,med,maybe,maybe,5.0,5.0,5.0,5.0,250,symptoms,18-29
583,m00584,2016-09-28,29,female,stable,married,Middle,157.0,55.0,hanoi,22.31327843,yes,<12mo,<12mo,volunteer,yes,no,no,no,no,yes ,yes,yes,yes,yes,yes,yes,yes,yes,yes,yes,allsoon,4.0,5.0,1.0,5.0,3.0,askrel,bad,12m,med,maybe,maybe,3.0,3.0,4.0,5.0,unknown,symptoms,18-29
584,m00585,2016-09-28,26,female,stable,unmarried,PostGrad,160.0,49.0,hanoi,19.140625,no,12-24mo,>24mo,symptoms,yes,no,yes,yes,yes,yes ,no,no,no,never,never,yes,yes,yes,yes,yes,allsoon,4.0,2.0,2.0,3.0,2.0,selfstudy,bad,12m,med,maybe,maybe,4.0,3.0,4.0,3.0,420,disease_concern,18-29
585,m00586,2016-09-28,36,female,stable,married,Grad,155.0,45.0,hanoi,18.73048907,yes,<12mo,<12mo,volunteer,no,no,no,no,no,yes ,yes,yes,yes,never,never,yes,yes,yes,yes,yes,allsoon,2.0,3.0,3.0,4.0,2.0,clinic,bad,6m,med,maybe,maybe,3.0,3.0,3.0,3.0,420,symptoms,30-39
586,m00587,2016-09-28,32,female,stable,married,Grad,156.0,43.0,hanoi,17.66929652,yes,<12mo,<12mo,request,no,no,no,no,no,yes ,yes,yes,yes,never,never,yes,yes,yes,yes,yes,allsoon,2.0,3.0,3.0,2.0,3.0,selfstudy,bad,12m,med,no,no,2.0,2.0,2.0,3.0,70,symptoms,30-39
587,m00588,2016-09-28,33,female,stable,married,Middle,159.0,54.0,hanoi,21.35991456,yes,<12mo,>24mo,symptoms,yes,no,no,no,no,no,no,no,no,never,never,yes,yes,yes,yes,yes,allsoon,5.0,5.0,5.0,5.0,5.0,askrel,bad,6m,med,no,no,1.0,1.0,1.0,1.0,unknown,symptoms,30-39
588,m00589,2016-09-28,25,male,other,married,Grad,170.0,70.0,thainguyen,24.22145329,no,<12mo,<12mo,volunteer,no,no,no,no,no,yes ,yes,yes,yes,never,never,yes,yes,yes,yes,yes,allsoon,3.0,4.0,2.0,4.0,3.0,selfstudy,quite,6m,med,yes,yes,3.0,3.0,3.0,3.0,210,symptoms,18-29
589,m00590,2016-09-28,56,female,housewife,married,High,155.0,56.0,hanoi,23.30905307,yes,<12mo,<12mo,symptoms,yes,no,no,no,no,yes ,no,no,yes,never,yes,yes,yes,yes,yes,yes,later,4.0,3.0,3.0,4.0,3.0,clinic,bad,6m,med,no,no,2.0,3.0,3.0,2.0,420,symptoms,>=50
590,m00591,2016-09-28,26,male,stable,unmarried,Middle,165.0,63.0,hanoi,23.14049587,no,<12mo,unknown,symptoms,no,no,no,no,no,yes ,yes,yes,yes,never,never,yes,no,no,no,yes,allsoon,3.0,4.0,2.0,4.0,3.0,clinic,bad,6m,med,maybe,maybe,2.0,1.0,3.0,2.0,420,symptoms,18-29
591,m00592,2016-09-28,40,female,housewife,married,Middle,155.0,44.0,hanoi,18.31425598,no,<12mo,>24mo,symptoms,yes,yes,no,yes,yes,yes ,no,no,yes,yes,never,no,yes,yes,yes,yes,allsoon,3.0,4.0,2.0,3.0,2.0,askrel,bad,6m,low,no,no,4.0,4.0,4.0,3.0,210,symptoms,40-49
592,m00593,2016-09-28,23,female,stable,unmarried,Grad,166.0,54.0,hanoi,19.59645812,no,<12mo,unknown,symptoms,yes,yes,no,no,yes,yes ,no,no,yes,yes,never,yes,yes,yes,yes,no,allsoon,4.0,5.0,4.0,5.0,5.0,clinic,bad,6m,low,maybe,maybe,3.0,4.0,4.0,3.0,210,symptoms,18-29
593,m00594,2016-09-28,25,female,stable,unmarried,PostGrad,158.0,52.0,hanoi,20.82999519,yes,<12mo,<12mo,symptoms,yes,yes,yes,yes,yes,yes ,yes,no,yes,yes,never,yes,yes,yes,yes,no,allsoon,3.0,5.0,5.0,5.0,4.0,clinic,bad,6m,low,maybe,maybe,3.0,4.0,4.0,3.0,210,symptoms,18-29
594,m00595,2016-09-28,27,male,stable,married,Grad,171.0,70.0,hanoi,23.93898977,yes,unknown,<12mo,request,no,no,no,no,no,no,yes,yes,no,never,never,yes,yes,yes,yes,yes,later,5.0,5.0,5.0,5.0,5.0,clinic,bad,6m,med,yes,yes,4.0,3.0,3.0,3.0,420,symptoms,18-29
595,m00596,2016-09-28,27,male,stable,married,Grad,170.0,60.0,hanoi,20.76124567,yes,<12mo,>24mo,request,yes,no,no,yes,yes,yes ,no,no,yes,never,never,yes,yes,yes,yes,yes,later,3.0,3.0,1.0,4.0,2.5,clinic,bad,6m,low,yes,yes,1.0,1.0,1.0,1.0,210,symptoms,18-29
596,m00597,2016-09-28,24,female,housewife,married,Grad,155.0,58.0,hanoi,24.14151925,yes,<12mo,<12mo,volunteer,no,no,no,no,no,yes ,yes,yes,yes,never,never,yes,yes,yes,yes,yes,allsoon,3.0,4.0,2.0,4.0,2.0,selfstudy,bad,6m,hi,no,no,3.0,2.0,2.0,3.0,420,symptoms,18-29
597,m00598,2016-09-28,27,female,stable,married,Grad,160.0,49.0,hanoi,19.140625,yes,<12mo,<12mo,request,yes,yes,yes,yes,yes,no,no,no,no,never,yes,no,yes,yes,yes,yes,allsoon,4.5,4.0,4.0,4.0,4.0,selfstudy,bad,6m,hi,no,no,1.0,1.0,1.0,1.0,210,symptoms,18-29
598,m00599,2016-09-28,28,female,stable,married,Middle,162.0,51.0,hanoi,19.43301326,yes,<12mo,<12mo,request,no,no,no,no,no,yes ,yes,yes,yes,never,never,yes,yes,yes,yes,yes,allsoon,5.0,5.0,5.0,5.0,5.0,clinic,bad,6m,hi,no,no,4.0,4.0,4.0,4.0,210,symptoms,18-29
599,m00600,2016-09-28,31,male,stable,married,Grad,165.0,59.0,hanoi,21.67125803,yes,<12mo,>24mo,symptoms,no,no,no,no,yes,no,no,no,no,never,never,yes,no,yes,yes,no,later,3.0,3.0,3.0,3.0,3.0,clinic,bad,6m,med,no,no,1.0,1.0,1.0,1.0,420,disease_concern,30-39
600,m00601,2016-09-28,33,male,stable,married,Grad,172.0,70.0,hanoi,23.66143862,yes,unknown,12-24mo,request,no,no,no,no,yes,no,no,no,no,never,yes,yes,yes,yes,no,no,later,2.0,2.0,2.0,2.0,2.0,selfstudy,quite,6m,med,maybe,yes,2.0,2.0,2.0,2.0,840,symptoms,30-39
601,m00602,2016-09-28,33,female,stable,married,Grad,174.0,62.0,hanoi,20.47826661,no,<12mo,>24mo,symptoms,no,no,no,no,yes,no,no,no,no,never,yes,yes,yes,yes,yes,yes,later,3.0,3.0,3.0,3.0,3.0,selfstudy,bad,12m,hi,maybe,maybe,1.0,1.0,1.0,1.0,420,disease_concern,30-39
602,m00603,2016-09-28,28,female,stable,married,Grad,163.0,52.0,hanoi,19.57168128,yes,unknown,>24mo,request,no,no,no,no,yes,no,yes,yes,no,never,yes,yes,yes,yes,yes,no,later,5.0,5.0,5.0,5.0,5.0,askrel,bad,12m,med,maybe,maybe,1.0,1.0,1.0,1.0,420,disease_concern,18-29
603,m00604,2016-09-28,29,female,stable,married,PostGrad,160.0,45.0,hanoi,17.578125,yes,<12mo,<12mo,request,no,no,no,no,no,yes ,yes,yes,yes,never,yes,yes,yes,yes,yes,yes,later,4.0,4.0,4.0,4.0,4.0,selfstudy,unknown,12m,med,no,maybe,1.0,1.0,1.0,1.0,210,symptoms,18-29
604,m00605,2016-09-28,29,male,stable,married,Middle,168.0,70.0,hanoi,24.8015873,yes,>24mo,>24mo,symptoms,no,no,no,no,yes,yes ,yes,yes,yes,never,never,yes,yes,yes,no,no,later,3.0,3.0,3.0,3.0,3.0,selfstudy,bad,6m,med,no,no,1.0,1.0,1.0,1.0,420,disease_concern,18-29
605,m00606,2016-09-28,24,female,student,married,Grad,150.0,53.0,hanoi,23.55555556,yes,<12mo,>24mo,volunteer,yes,yes,no,yes,yes,yes ,yes,yes,yes,never,never,yes,yes,yes,yes,yes,allsoon,3.0,3.0,4.0,3.0,3.0,askrel,bad,6m,low,maybe,maybe,1.0,1.0,1.0,1.0,210,disease_concern,18-29
606,m00607,2016-09-28,29,female,housewife,married,Grad,150.0,50.0,hanoi,22.22222222,no,<12mo,<12mo,volunteer,no,no,no,no,no,yes ,yes,yes,yes,never,never,yes,no,no,yes,no,allsoon,5.0,5.0,5.0,5.0,5.0,clinic,bad,6m,hi,no,no,2.0,2.0,1.0,1.0,240,symptoms,18-29
607,m00608,2016-09-28,26,female,stable,married,Grad,167.0,52.0,hanoi,18.64534404,yes,<12mo,<12mo,symptoms,yes,no,no,no,no,yes ,yes,yes,yes,never,never,yes,yes,yes,yes,yes,later,4.0,4.0,5.0,4.0,4.0,clinic,bad,6m,med,no,no,3.0,2.0,3.0,3.0,210,symptoms,18-29
608,m00609,2016-09-28,23,female,stable,unmarried,PostGrad,155.0,47.0,hanoi,19.56295525,yes,<12mo,>24mo,request,yes,yes,no,no,yes,yes ,no,no,yes,never,yes,yes,no,yes,yes,yes,partly ,3.0,3.0,3.0,3.0,3.0,askrel,quite,12m,med,yes,maybe,1.0,1.0,1.0,1.0,unknown,symptoms,18-29
609,m00610,2016-09-28,26,female,housewife,married,PostGrad,163.0,54.0,hanoi,20.32443826,no,<12mo,12-24mo,symptoms,yes,no,no,no,no,yes ,yes,yes,yes,never,yes,yes,yes,yes,yes,yes,allsoon,4.0,5.0,4.0,4.0,5.0,clinic,bad,6m,hi,yes,yes,1.0,1.0,1.0,1.0,unknown,disease_concern,18-29
610,m00611,2016-09-28,26,female,housewife,married,Middle,157.0,44.0,hanoi,17.85062274,no,<12mo,>24mo,symptoms,yes,no,no,no,no,no,no,no,no,never,never,yes,yes,yes,yes,yes,later,3.0,3.0,3.0,3.0,3.0,clinic,bad,12m,med,yes,yes,1.0,1.0,1.0,1.0,210,symptoms,18-29
611,m00612,2016-09-28,70,male,retirer,married,Grad,162.0,49.0,hanoi,18.67093431,yes,<12mo,>24mo,symptoms,no,no,no,no,yes,yes ,yes,yes,no,yes,never,yes,yes,yes,yes,yes,allsoon,3.0,3.0,3.0,3.0,3.0,clinic,bad,6m,med,no,no,4.0,4.0,4.0,4.0,unknown,disease_concern,>=50
612,m00613,2016-09-28,33,male,other,married,Grad,171.0,82.0,hanoi,28.04281659,yes,<12mo,unknown,symptoms,yes,no,no,yes,no,yes ,no,no,yes,never,yes,yes,yes,yes,yes,yes,allsoon,4.0,2.0,2.0,3.0,4.0,askrel,bad,6m,low,maybe,maybe,2.0,4.0,4.0,1.0,420,symptoms,30-39
613,m00614,2016-09-28,20,male,stable,unmarried,High,168.0,62.0,hanoi,21.96712018,no,>24mo,>24mo,symptoms,yes,yes,yes,yes,yes,no,no,no,no,never,never,yes,no,no,no,no,later,5.0,5.0,4.0,5.0,5.0,clinic,bad,6m,med,maybe,maybe,1.0,1.0,1.0,1.0,unknown,symptoms,18-29
614,m00615,2016-09-27,35,male,stable,married,Grad,165.0,70.0,hanoi,25.71166208,yes,12-24mo,<12mo,request,no,no,no,yes,no,yes ,yes,yes,yes,never,never,yes,yes,yes,yes,yes,allsoon,5.0,5.0,5.0,5.0,4.0,clinic,bad,6m,hi,yes,maybe,2.0,2.0,2.0,1.0,420,disease_concern,30-39
615,m00616,2016-09-27,23,female,stable,unmarried,High,160.0,46.0,hanoi,17.96875,yes,<12mo,>24mo,symptoms,yes,no,no,no,no,no,no,no,no,yes,never,yes,no,yes,no,yes,allsoon,3.0,3.0,3.0,3.0,3.0,selfstudy,bad,6m,low,yes,yes,1.0,1.0,1.0,1.0,unknown,symptoms,18-29
616,m00617,2016-09-27,21,female,student,unmarried,Grad,163.0,48.0,hanoi,18.06616734,yes,<12mo,unknown,symptoms,no,no,no,no,yes,yes ,no,no,no,never,never,yes,yes,yes,yes,yes,allsoon,2.0,2.0,2.0,2.0,2.0,selfstudy,bad,6m,med,yes,yes,2.0,2.0,2.0,2.0,85,symptoms,18-29
617,m00618,2016-09-27,31,male,stable,married,High,170.0,68.0,hanoi,23.52941176,no,unknown,unknown,symptoms,yes,yes,no,yes,yes,yes ,no,no,yes,never,never,yes,no,yes,no,no,later,3.0,3.0,2.0,4.0,3.0,clinic,bad,6m,med,maybe,maybe,3.0,2.0,4.0,2.0,unknown,disease_concern,30-39
618,m00619,2016-09-27,43,female,stable,married,Middle,153.0,53.0,hanoi,22.64086462,no,<12mo,<12mo,symptoms,yes,no,no,no,no,yes ,yes,yes,yes,never,never,yes,yes,yes,yes,yes,allsoon,5.0,5.0,5.0,5.0,5.0,clinic,bad,6m,hi,no,no,5.0,4.0,4.0,4.0,210,symptoms,40-49
619,m00620,2016-09-27,29,female,stable,married,PostGrad,156.0,48.0,hanoi,19.72386588,yes,<12mo,<12mo,volunteer,no,no,no,no,no,yes ,yes,yes,yes,never,never,yes,yes,yes,yes,yes,allsoon,3.0,4.0,5.0,4.0,5.0,selfstudy,bad,6m,med,yes,yes,1.0,1.0,1.0,1.0,210,symptoms,18-29
620,m00621,2016-09-27,25,female,stable,married,Grad,163.0,48.0,hanoi,18.06616734,no,<12mo,<12mo,volunteer,no,no,no,no,no,yes ,yes,yes,yes,never,never,yes,no,yes,no,no,allsoon,4.0,4.0,5.0,3.0,3.0,selfstudy,quite,12m,low,maybe,maybe,3.0,3.0,3.0,3.0,unknown,symptoms,18-29
621,m00622,2016-09-27,35,female,stable,married,Grad,159.0,50.0,hanoi,19.77769867,yes,<12mo,<12mo,volunteer,no,no,no,no,no,yes ,yes,yes,yes,never,never,yes,yes,yes,yes,yes,allsoon,3.5,3.5,3.0,3.5,3.0,selfstudy,bad,6m,med,maybe,maybe,3.5,3.5,3.5,3.5,unknown,symptoms,30-39
622,m00623,2016-09-27,34,male,other,married,Middle,168.0,50.0,hanoi,17.7154195,yes,unknown,>24mo,volunteer,no,no,yes,no,no,yes ,no,no,no,yes,yes,no,yes,yes,yes,no,allsoon,3.0,3.0,5.0,3.0,3.0,selfstudy,bad,6m,med,yes,yes,3.0,3.0,3.0,3.0,420,symptoms,30-39
623,m00624,2016-09-27,30,male,stable,married,Grad,175.0,80.0,hanoi,26.12244898,yes,<12mo,<12mo,volunteer,no,no,no,no,no,yes ,yes,yes,yes,yes,never,yes,no,yes,yes,yes,allsoon,4.0,5.0,4.0,4.0,4.0,selfstudy,bad,6m,med,no,no,3.0,3.0,2.0,1.0,420,symptoms,30-39
624,m00625,2016-09-27,26,male,other,married,PostGrad,166.0,62.0,hanoi,22.4996371,no,<12mo,<12mo,volunteer,no,no,no,no,no,yes ,yes,yes,yes,never,never,yes,yes,yes,yes,yes,allsoon,4.0,3.0,5.0,3.0,4.0,clinic,unknown,6m,hi,no,no,2.0,2.0,2.0,2.0,420,disease_concern,18-29
625,m00626,2016-09-27,22,female,stable,unmarried,Middle,172.0,55.0,hanoi,18.59113034,yes,<12mo,<12mo,symptoms,yes,no,no,no,no,yes ,no,no,no,yes,never,yes,no,no,no,no,allsoon,5.0,5.0,5.0,5.0,5.0,askrel,quite,6m,med,yes,yes,4.0,4.0,4.0,4.0,140,disease_concern,18-29
626,m00627,2016-09-27,20,female,other,married,High,163.0,55.0,hanoi,20.70081674,no,<12mo,<12mo,volunteer,yes,no,no,no,no,yes ,no,no,yes,never,never,yes,yes,yes,yes,yes,allsoon,3.0,3.0,3.0,3.0,3.0,askrel,quite,6m,low,yes,yes,4.0,4.0,4.0,4.0,85,disease_concern,18-29
627,m00628,2016-09-27,48,male,stable,married,Grad,163.0,71.0,hanoi,26.72287252,yes,<12mo,<12mo,symptoms,no,no,no,no,no,yes ,yes,yes,yes,yes,yes,no,yes,yes,yes,yes,allsoon,4.0,5.0,5.0,5.0,5.0,selfstudy,bad,6m,med,no,no,3.0,3.0,4.0,3.0,420,disease_concern,40-49
628,m00629,2016-09-27,24,female,housewife,married,Grad,152.0,48.0,hanoi,20.77562327,yes,<12mo,<12mo,volunteer,no,no,no,no,no,yes ,yes,yes,yes,never,never,yes,yes,yes,no,yes,allsoon,4.0,4.0,3.0,5.0,4.0,selfstudy,quite,6m,med,yes,yes,3.0,4.0,5.0,5.0,210,disease_concern,18-29
629,m00630,2016-09-27,23,female,stable,married,Grad,158.0,52.0,hanoi,20.82999519,no,<12mo,<12mo,volunteer,no,no,yes,no,yes,yes ,no,no,yes,never,never,yes,yes,yes,yes,yes,allsoon,3.0,4.0,4.0,4.0,5.0,selfstudy,good,6m,med,no,no,3.0,2.0,3.0,3.0,210,symptoms,18-29
630,m00631,2016-09-27,29,male,other,unmarried,Middle,176.0,70.0,hanoi,22.5981405,no,>24mo,>24mo,request,no,no,no,no,yes,no,no,no,no,yes,yes,no,yes,yes,yes,yes,allsoon,5.0,5.0,5.0,5.0,5.0,selfstudy,bad,6m,med,no,no,2.0,2.0,2.0,2.0,420,symptoms,18-29
631,m00632,2016-09-27,27,female,stable,married,Middle,156.0,49.0,hanoi,20.13477975,no,<12mo,<12mo,request,no,no,no,no,no,yes ,yes,yes,yes,never,never,yes,yes,yes,yes,yes,allsoon,5.0,5.0,5.0,5.0,5.0,clinic,bad,6m,med,no,no,3.0,2.0,3.0,2.0,420,symptoms,18-29
632,m00633,2016-09-27,22,female,other,married,Grad,168.0,50.0,hanoi,17.7154195,yes,<12mo,>24mo,symptoms,no,no,yes,no,no,yes ,no,no,no,never,never,yes,yes,yes,no,no,allsoon,3.0,3.0,3.0,3.0,3.0,askrel,bad,6m,med,yes,yes,2.0,2.0,3.0,1.0,420,disease_concern,18-29
633,m00634,2016-09-27,29,female,stable,married,Grad,171.0,75.0,hanoi,25.64891762,no,<12mo,<12mo,volunteer,yes,no,no,no,yes,yes ,no,no,yes,yes,yes,no,no,yes,yes,no,allsoon,5.0,5.0,5.0,5.0,5.0,clinic,bad,12m,med,maybe,yes,4.0,3.0,3.0,4.0,210,symptoms,18-29
634,m00635,2016-09-27,33,male,stable,married,High,159.0,62.0,hanoi,24.52434635,no,<12mo,<12mo,request,no,no,no,no,no,yes ,yes,yes,yes,yes,yes,no,yes,yes,yes,yes,allsoon,5.0,5.0,5.0,5.0,5.0,clinic,bad,6m,hi,maybe,maybe,2.0,2.0,2.0,2.0,120,disease_concern,30-39
635,m00636,2016-09-27,45,female,other,married,High,155.0,55.0,hanoi,22.89281998,no,<12mo,<12mo,symptoms,no,no,no,no,no,yes ,yes,yes,yes,yes,never,yes,yes,yes,yes,yes,allsoon,4.0,5.0,5.0,5.0,5.0,clinic,bad,6m,hi,no,no,1.0,1.0,1.0,1.0,420,disease_concern,40-49
636,m00637,2016-09-27,31,male,stable,married,Grad,169.0,60.0,hanoi,21.0076678,yes,<12mo,<12mo,request,no,no,no,no,no,yes ,yes,yes,yes,yes,never,yes,no,yes,yes,yes,allsoon,3.0,3.0,3.0,3.0,3.0,clinic,bad,6m,med,maybe,maybe,4.0,4.0,4.0,4.0,210,symptoms,30-39
637,m00638,2016-09-27,34,female,stable,married,Grad,148.0,50.0,hanoi,22.82688093,yes,<12mo,12-24mo,symptoms,no,no,no,no,yes,yes ,no,no,no,never,never,yes,yes,yes,no,no,later,5.0,4.0,4.0,5.0,5.0,clinic,bad,12m,med,maybe,no,1.0,1.0,1.0,1.0,420,disease_concern,30-39
638,m00639,2016-09-27,27,male,stable,married,Grad,178.0,65.0,hanoi,20.51508648,yes,unknown,<12mo,volunteer,no,no,no,no,no,yes ,yes,yes,yes,never,never,yes,no,yes,yes,no,allsoon,4.0,5.0,5.0,5.0,5.0,clinic,unknown,6m,hi,no,no,1.0,1.0,1.0,1.0,840,disease_concern,18-29
639,m00640,2016-09-27,25,female,stable,unmarried,Grad,150.0,42.0,hanoi,18.66666667,yes,<12mo,<12mo,volunteer,yes,no,no,no,no,no,no,no,no,never,never,yes,yes,yes,no,yes,allsoon,3.0,3.0,1.0,2.5,2.5,clinic,bad,6m,hi,no,no,3.0,2.5,2.0,2.5,210,symptoms,18-29
640,m00641,2016-09-27,30,male,stable,married,Grad,168.0,53.0,hanoi,18.77834467,yes,<12mo,>24mo,symptoms,no,no,no,no,yes,yes ,no,no,no,never,yes,yes,yes,yes,no,yes,later,2.0,2.0,1.0,2.0,1.0,clinic,bad,6m,hi,no,no,3.0,3.0,3.0,3.0,315,disease_concern,30-39
641,m00642,2016-09-26,29,male,stable,married,Grad,160.0,60.0,hanoi,23.4375,yes,<12mo,>24mo,symptoms,yes,no,no,no,no,yes ,no,no,no,never,never,yes,yes,yes,no,yes,allsoon,5.0,5.0,5.0,5.0,5.0,clinic,bad,6m,hi,yes,yes,5.0,3.0,5.0,5.0,140,symptoms,18-29
642,m00643,2016-09-26,24,female,stable,married,Grad,160.0,47.0,hanoi,18.359375,yes,<12mo,>24mo,symptoms,yes,yes,yes,yes,yes,no,no,no,no,never,never,yes,yes,yes,yes,yes,allsoon,5.0,5.0,5.0,5.0,5.0,clinic,bad,6m,low,no,no,5.0,4.0,2.0,1.0,210,symptoms,18-29
643,m00644,2016-09-26,26,male,other,married,Grad,160.0,50.0,hanoi,19.53125,no,unknown,unknown,symptoms,no,no,no,no,yes,yes ,no,no,no,never,never,yes,no,yes,yes,yes,allsoon,5.0,5.0,5.0,5.0,5.0,selfstudy,bad,6m,low,yes,maybe,2.0,4.0,5.0,3.0,210,symptoms,18-29
644,m00645,2016-09-26,35,female,stable,married,Middle,168.0,64.0,hanoi,22.67573696,no,<12mo,<12mo,volunteer,no,no,no,no,no,yes ,yes,yes,yes,yes,never,yes,yes,yes,yes,yes,later,5.0,5.0,5.0,5.0,5.0,clinic,bad,12m,hi,yes,yes,1.0,1.0,1.0,1.0,300,symptoms,30-39
645,m00646,2016-09-26,26,female,stable,married,Grad,150.0,47.0,hanoi,20.88888889,yes,<12mo,<12mo,request,no,no,no,no,no,yes ,yes,yes,yes,never,never,yes,yes,yes,yes,yes,allsoon,5.0,5.0,5.0,5.0,5.0,clinic,bad,6m,low,yes,yes,3.0,3.0,3.0,3.0,210,symptoms,18-29
646,m00647,2016-09-26,18,female,other,married,High,165.0,46.0,hanoi,16.89623508,no,<12mo,<12mo,symptoms,no,no,no,no,yes,no,no,no,no,yes,never,yes,no,yes,yes,no,later,5.0,5.0,5.0,5.0,5.0,clinic,bad,6m,med,no,no,1.0,1.0,1.0,1.0,420,disease_concern,18-29
647,m00648,2016-09-26,28,female,stable,married,Middle,158.0,43.0,hanoi,17.22480372,yes,<12mo,<12mo,request,no,no,no,no,no,yes ,yes,yes,yes,never,never,yes,yes,yes,yes,yes,allsoon,5.0,5.0,5.0,5.0,5.0,askrel,good,6m,med,no,no,5.0,5.0,5.0,5.0,unknown,symptoms,18-29
648,m00649,2016-09-26,37,female,other,married,Middle,160.0,56.0,hanoi,21.875,no,<12mo,<12mo,volunteer,no,no,no,no,no,yes ,yes,yes,yes,never,yes,yes,yes,yes,no,yes,allsoon,4.0,4.0,4.0,4.0,4.0,clinic,bad,6m,med,no,no,3.0,2.0,4.0,3.0,420,disease_concern,30-39
649,m00650,2016-09-26,21,female,other,married,Middle,170.0,70.0,hanoi,24.22145329,no,<12mo,<12mo,volunteer,no,no,no,no,no,no,yes,yes,yes,yes,yes,yes,yes,yes,yes,yes,allsoon,3.0,4.0,4.0,4.0,3.0,selfstudy,quite,6m,hi,yes,maybe,4.0,3.0,3.0,3.0,420,symptoms,18-29
650,m00651,2016-09-26,24,female,stable,married,Grad,155.0,62.0,hanoi,25.80645161,yes,<12mo,<12mo,request,no,no,no,no,yes,yes ,yes,yes,yes,yes,never,yes,yes,yes,yes,yes,allsoon,4.0,4.0,4.0,4.0,4.0,clinic,bad,6m,med,no,no,3.0,3.0,3.0,3.0,420,disease_concern,18-29
651,m00652,2016-09-26,28,female,stable,married,Grad,162.0,53.0,hanoi,20.19509221,yes,<12mo,>24mo,symptoms,yes,no,no,no,yes,no,no,no,no,never,never,yes,yes,yes,yes,yes,allsoon,3.0,3.0,3.0,3.0,3.0,selfstudy,bad,6m,low,no,no,4.0,4.0,4.0,4.0,420,symptoms,18-29
652,m00653,2016-09-26,26,male,stable,married,Middle,173.0,56.0,hanoi,18.71094925,yes,<12mo,>24mo,symptoms,no,no,no,no,yes,no,no,no,no,never,yes,yes,yes,no,yes,yes,allsoon,5.0,5.0,5.0,5.0,5.0,askrel,unknown,6m,low,yes,yes,4.0,4.0,4.0,4.0,250,disease_concern,18-29
653,m00654,2016-09-26,51,male,retirer,married,Middle,170.0,73.0,hanoi,25.25951557,yes,<12mo,<12mo,volunteer,yes,no,no,no,no,yes ,yes,yes,yes,yes,never,yes,no,yes,yes,no,allsoon,4.0,4.0,4.0,4.0,4.0,clinic,bad,6m,med,no,no,3.0,1.0,3.0,3.0,420,symptoms,>=50
654,m00655,2016-09-26,30,female,stable,married,Grad,154.0,50.0,hanoi,21.08281329,yes,<12mo,12-24mo,volunteer,no,no,no,no,no,yes ,yes,yes,yes,never,never,yes,no,yes,yes,yes,allsoon,4.0,4.0,3.0,4.0,3.0,askrel,bad,6m,med,no,no,2.0,2.0,2.0,2.0,210,disease_concern,30-39
655,m00656,2016-09-26,25,female,stable,married,Grad,162.0,60.0,hanoi,22.86236854,yes,<12mo,<12mo,request,no,no,no,no,no,yes ,yes,yes,yes,never,never,yes,yes,yes,yes,no,allsoon,4.0,4.0,4.0,4.0,4.0,askrel,bad,6m,med,maybe,maybe,3.0,2.0,2.0,1.0,420,symptoms,18-29
656,m00657,2016-09-25,29,female,stable,married,Middle,161.0,54.0,hanoi,20.83252961,no,>24mo,>24mo,symptoms,no,no,no,no,yes,no,no,no,no,never,yes,yes,no,yes,no,yes,later,5.0,5.0,5.0,5.0,5.0,selfstudy,bad,6m,hi,yes,yes,5.0,5.0,5.0,5.0,280,symptoms,18-29
657,m00658,2016-09-25,46,female,stable,married,Middle,160.0,48.0,hanoi,18.75,yes,<12mo,>24mo,symptoms,yes,no,no,no,yes,yes ,no,no,no,never,never,yes,yes,yes,yes,yes,allsoon,5.0,5.0,5.0,5.0,5.0,clinic,quite,6m,med,maybe,maybe,3.0,3.0,3.0,3.0,500,symptoms,40-49
658,m00659,2016-09-25,38,female,stable,married,Grad,160.0,60.0,hanoi,23.4375,yes,<12mo,<12mo,request,no,no,no,no,no,yes ,yes,yes,yes,yes,never,yes,yes,yes,yes,yes,allsoon,4.0,4.0,1.0,4.0,1.0,clinic,quite,6m,med,no,no,2.0,2.0,2.0,2.0,420,disease_concern,30-39
659,m00660,2016-09-25,30,female,stable,married,Grad,155.0,50.0,hanoi,20.81165453,yes,<12mo,<12mo,request,no,no,no,no,no,yes ,yes,yes,yes,never,never,yes,yes,yes,yes,yes,allsoon,5.0,5.0,5.0,5.0,5.0,clinic,quite,6m,hi,yes,no,2.0,2.0,2.0,2.0,420,symptoms,30-39
660,m00661,2016-09-25,24,male,stable,unmarried,Middle,166.0,55.0,hanoi,19.95935549,no,<12mo,>24mo,symptoms,yes,yes,no,no,yes,no,no,no,no,yes,yes,no,yes,no,yes,yes,later,5.0,5.0,5.0,5.0,5.0,askrel,bad,6m,med,no,no,3.0,3.0,3.0,3.0,210,symptoms,18-29
661,m00662,2016-09-25,29,female,stable,married,Grad,153.0,55.0,hanoi,23.49523687,yes,<12mo,<12mo,request,yes,yes,no,no,no,yes ,yes,yes,yes,never,yes,yes,yes,yes,yes,yes,allsoon,2.0,3.0,3.0,2.0,3.0,selfstudy,bad,6m,med,maybe,yes,3.0,2.0,2.0,2.0,420,disease_concern,18-29
662,m00663,2016-09-25,26,female,housewife,married,Grad,160.0,49.0,hanoi,19.140625,no,<12mo,>24mo,symptoms,yes,no,no,no,no,no,no,no,no,yes,never,yes,yes,yes,yes,yes,allsoon,5.0,5.0,5.0,5.0,5.0,clinic,bad,12m,med,yes,yes,3.0,3.0,5.0,2.0,420,disease_concern,18-29
663,m00664,2016-09-25,57,female,retirer,married,Middle,155.0,64.0,hanoi,26.63891779,no,<12mo,<12mo,symptoms,yes,no,no,no,no,yes ,no,no,no,yes,never,yes,yes,yes,yes,yes,allsoon,4.0,4.0,1.0,3.0,3.0,selfstudy,bad,6m,med,no,no,2.0,2.0,2.0,2.0,840,symptoms,>=50
664,m00665,2016-09-25,32,female,stable,married,Grad,152.0,45.0,hanoi,19.47714681,no,<12mo,<12mo,symptoms,yes,no,yes,no,yes,yes ,no,no,yes,yes,never,yes,yes,yes,yes,yes,later,3.0,3.0,3.0,3.0,3.0,clinic,bad,6m,hi,no,no,1.0,1.0,1.0,1.0,420,disease_concern,30-39
665,m00666,2016-09-25,22,female,student,unmarried,Grad,163.0,51.0,hanoi,19.1953028,no,<12mo,<12mo,volunteer,no,no,no,no,no,yes ,yes,yes,yes,never,never,yes,yes,yes,yes,yes,allsoon,4.0,5.0,5.0,5.0,5.0,selfstudy,quite,12m,med,no,no,3.0,3.0,4.0,4.0,420,symptoms,18-29
666,m00667,2016-09-25,30,male,other,married,Grad,170.0,65.0,hanoi,22.49134948,no,<12mo,<12mo,volunteer,no,no,no,no,no,yes ,yes,yes,yes,yes,never,yes,yes,yes,yes,yes,allsoon,4.0,5.0,1.0,5.0,5.0,askrel,unknown,6m,hi,yes,yes,1.0,1.0,1.0,1.0,840,symptoms,30-39
667,m00668,2016-09-25,32,male,stable,married,Grad,170.0,70.0,hanoi,24.22145329,yes,unknown,>24mo,volunteer,no,no,no,no,yes,yes ,yes,yes,yes,never,yes,yes,yes,yes,yes,no,allsoon,2.0,2.0,1.5,3.0,1.0,selfstudy,bad,6m,med,no,maybe,3.0,3.0,4.0,3.0,210,symptoms,30-39
668,m00669,2016-09-25,33,male,stable,married,Grad,175.0,77.0,hanoi,25.14285714,yes,<12mo,<12mo,request,yes,no,no,no,yes,yes ,yes,yes,yes,never,never,yes,yes,yes,yes,no,allsoon,4.0,4.0,4.0,4.0,4.0,clinic,bad,6m,med,no,no,5.0,5.0,5.0,4.0,210,symptoms,30-39
669,m00670,2016-09-25,18,female,student,married,Grad,157.0,49.0,hanoi,19.8791026,yes,<12mo,>24mo,symptoms,no,no,no,no,yes,no,no,no,no,yes,never,yes,yes,yes,yes,yes,allsoon,3.0,3.0,3.0,4.0,3.0,clinic,bad,6m,med,yes,yes,2.0,1.0,4.0,2.0,630,disease_concern,18-29
670,m00671,2016-09-24,34,female,other,married,Grad,150.0,48.0,hanoi,21.33333333,yes,<12mo,<12mo,volunteer,no,no,no,no,no,yes ,yes,yes,yes,never,never,yes,yes,yes,yes,yes,allsoon,4.0,4.0,4.0,5.0,4.0,clinic,bad,6m,med,maybe,maybe,3.0,4.0,4.0,5.0,420,symptoms,30-39
671,m00672,2016-09-24,35,male,stable,married,Middle,165.0,55.0,hanoi,20.2020202,no,unknown,>24mo,symptoms,yes,yes,yes,yes,yes,no,no,no,no,never,yes,yes,yes,yes,yes,yes,later,5.0,5.0,5.0,5.0,5.0,selfstudy,unknown,6m,low,no,no,3.0,3.0,3.0,3.0,210,symptoms,30-39
672,m00673,2016-09-24,25,female,stable,married,Grad,152.0,62.0,hanoi,26.83518006,yes,<12mo,<12mo,volunteer,no,no,no,no,no,no,no,no,no,never,never,yes,yes,yes,yes,yes,allsoon,5.0,5.0,5.0,5.0,5.0,clinic,bad,6m,med,no,no,4.0,5.0,5.0,5.0,210,symptoms,18-29
673,m00674,2016-09-24,23,female,housewife,married,Middle,150.0,55.0,hanoi,24.44444444,no,<12mo,>24mo,symptoms,no,no,no,no,yes,no,no,no,no,never,yes,yes,yes,no,yes,no,later,5.0,5.0,5.0,5.0,5.0,clinic,good,6m,med,no,yes,5.0,1.0,5.0,4.0,210,symptoms,18-29
674,m00675,2016-09-24,30,female,stable,married,Grad,156.0,57.0,hanoi,23.42209073,yes,<12mo,>24mo,symptoms,yes,yes,yes,yes,no,no,no,no,no,never,never,yes,no,yes,no,yes,later,5.0,5.0,5.0,5.0,5.0,selfstudy,bad,12m,med,yes,maybe,3.0,2.0,2.0,1.0,85,symptoms,30-39
675,m00676,2016-09-24,42,male,stable,married,PostGrad,167.0,64.0,hanoi,22.94811574,yes,12-24mo,12-24mo,request,yes,no,no,no,no,no,no,no,no,yes,never,yes,yes,yes,yes,yes,later,3.0,3.0,3.0,3.0,3.0,askrel,quite,12m,hi,yes,yes,3.0,3.0,4.0,4.0,420,symptoms,40-49
676,m00677,2016-09-24,28,male,other,married,Grad,167.0,65.0,hanoi,23.30668005,yes,<12mo,<12mo,request,no,no,no,no,no,yes ,yes,yes,yes,never,never,yes,no,yes,yes,no,allsoon,4.0,4.0,4.0,4.0,4.0,selfstudy,bad,6m,med,no,maybe,3.0,3.0,3.0,3.0,600,symptoms,18-29
677,m00678,2016-09-24,35,female,stable,married,Grad,163.0,50.0,hanoi,18.81892431,yes,<12mo,>24mo,symptoms,no,no,no,no,yes,no,no,no,no,yes,never,yes,no,no,no,no,later,5.0,5.0,5.0,5.0,5.0,selfstudy,unknown,6m,med,maybe,maybe,3.0,3.0,3.0,3.0,210,symptoms,30-39
678,m00679,2016-09-24,27,male,stable,married,Middle,170.0,61.0,hanoi,21.10726644,yes,>24mo,<12mo,request,no,no,no,no,no,yes ,yes,yes,yes,yes,never,yes,yes,yes,yes,no,allsoon,4.0,3.5,5.0,3.0,4.0,askrel,bad,12m,med,no,no,2.0,2.0,2.0,2.0,300,symptoms,18-29
679,m00680,2016-09-24,26,female,stable,married,Middle,153.0,45.0,hanoi,19.22337562,yes,<12mo,>24mo,symptoms,yes,no,no,no,no,no,no,no,no,never,never,yes,no,yes,yes,no,later,5.0,5.0,5.0,5.0,5.0,clinic,bad,6m,low,no,maybe,4.0,4.0,4.0,4.0,140,symptoms,18-29
680,m00681,2016-09-24,31,female,stable,married,Grad,162.0,48.0,hanoi,18.28989483,yes,<12mo,<12mo,request,no,no,no,no,no,yes ,yes,yes,yes,never,never,yes,yes,yes,yes,yes,allsoon,4.0,5.0,5.0,5.0,4.0,selfstudy,bad,6m,med,maybe,maybe,3.0,2.0,4.0,3.0,unknown,symptoms,30-39
681,m00682,2016-09-24,32,female,stable,married,Grad,174.0,75.0,hanoi,24.77209671,yes,<12mo,<12mo,request,no,no,no,no,no,yes ,yes,yes,yes,yes,yes,yes,yes,yes,yes,yes,allsoon,4.0,4.0,4.0,4.0,4.0,selfstudy,quite,6m,med,no,no,5.0,5.0,5.0,5.0,420,disease_concern,30-39
682,m00683,2016-09-24,24,female,housewife,married,Grad,157.0,48.0,hanoi,19.47340663,yes,<12mo,unknown,symptoms,no,no,no,yes,yes,yes ,no,no,no,yes,never,yes,no,no,yes,no,allsoon,5.0,5.0,5.0,5.0,5.0,selfstudy,bad,6m,med,yes,yes,2.0,2.0,3.0,3.0,420,disease_concern,18-29
683,m00684,2016-09-23,33,male,stable,married,Middle,168.0,72.0,hanoi,25.51020408,no,12-24mo,>24mo,symptoms,yes,no,no,no,yes,no,no,no,no,yes,yes,yes,yes,yes,yes,yes,allsoon,5.0,5.0,5.0,5.0,5.0,clinic,bad,6m,med,no,no,4.0,4.0,4.0,4.0,300,symptoms,30-39
684,m00685,2016-09-23,29,female,stable,married,Grad,167.0,63.0,hanoi,22.58955144,no,<12mo,unknown,symptoms,yes,no,no,no,yes,yes ,no,no,no,never,yes,yes,yes,yes,yes,yes,allsoon,5.0,5.0,5.0,5.0,5.0,clinic,unknown,6m,med,maybe,maybe,5.0,2.5,3.0,3.0,280,symptoms,18-29
685,m00686,2016-09-23,28,female,stable,married,Grad,153.0,46.0,hanoi,19.65056175,yes,<12mo,12-24mo,symptoms,yes,no,no,no,no,yes ,yes,yes,no,never,never,yes,yes,yes,no,no,later,5.0,5.0,5.0,5.0,5.0,askrel,quite,6m,med,no,no,4.0,4.0,4.0,4.0,300,disease_concern,18-29
686,m00687,2016-09-23,39,male,stable,married,Grad,163.0,72.0,hanoi,27.09925101,yes,<12mo,unknown,symptoms,no,no,no,no,yes,yes ,yes,yes,no,yes,yes,yes,yes,yes,yes,no,allsoon,5.0,5.0,5.0,5.0,5.0,selfstudy,quite,6m,med,no,maybe,3.0,4.0,4.0,3.0,210,symptoms,30-39
687,m00688,2016-09-23,28,male,stable,married,Middle,168.0,50.0,hanoi,17.7154195,yes,<12mo,<12mo,request,no,no,no,no,no,no,yes,yes,no,never,never,yes,no,yes,yes,no,allsoon,3.0,3.0,3.0,3.0,3.0,selfstudy,quite,6m,med,maybe,maybe,3.0,3.0,3.0,3.0,420,symptoms,18-29
688,m00689,2016-09-23,29,female,stable,married,Grad,163.0,59.0,hanoi,22.20633069,yes,<12mo,<12mo,request,no,no,no,no,no,yes ,yes,yes,yes,never,never,yes,yes,yes,yes,yes,allsoon,4.0,4.0,4.0,4.0,4.0,askrel,bad,6m,med,no,no,3.0,3.0,3.0,3.0,unknown,symptoms,18-29
689,m00690,2016-09-23,27,female,stable,married,Grad,158.0,51.0,hanoi,20.42941836,no,<12mo,>24mo,symptoms,no,no,yes,no,no,no,yes,yes,no,never,never,yes,no,yes,no,yes,later,5.0,5.0,5.0,5.0,5.0,selfstudy,bad,6m,hi,no,no,3.0,3.0,3.0,3.0,210,symptoms,18-29
690,m00691,2016-09-23,25,female,stable,married,Grad,159.0,45.0,hanoi,17.7999288,yes,<12mo,<12mo,volunteer,no,no,no,no,yes,yes ,yes,yes,yes,never,never,yes,yes,yes,yes,yes,later,3.5,4.0,5.0,5.0,4.0,clinic,quite,6m,med,no,maybe,3.0,3.0,3.0,3.0,420,disease_concern,18-29
691,m00692,2016-09-23,31,female,stable,married,Grad,162.0,54.0,hanoi,20.57613169,yes,<12mo,<12mo,request,no,no,no,no,no,yes ,yes,yes,yes,never,never,yes,yes,yes,yes,yes,later,5.0,4.0,4.0,5.0,4.0,askrel,bad,12m,hi,maybe,maybe,3.0,3.0,3.0,3.0,420,disease_concern,30-39
692,m00693,2016-09-23,22,female,stable,married,Grad,168.0,62.0,hanoi,21.96712018,no,<12mo,unknown,symptoms,yes,yes,no,no,yes,yes ,yes,yes,yes,never,never,yes,yes,yes,yes,yes,allsoon,5.0,5.0,5.0,5.0,5.0,askrel,good,12m,med,maybe,maybe,3.0,2.0,4.0,4.0,unknown,symptoms,18-29
693,m00694,2016-09-23,35,male,other,married,Middle,169.0,65.0,hanoi,22.75830678,yes,<12mo,>24mo,symptoms,no,no,no,no,yes,yes ,yes,yes,yes,never,never,yes,yes,yes,yes,yes,later,5.0,5.0,5.0,5.0,5.0,clinic,bad,12m,med,maybe,yes,3.0,2.0,2.0,3.0,420,disease_concern,30-39
694,m00695,2016-09-23,26,female,other,married,Grad,166.0,53.0,hanoi,19.23356075,no,unknown,unknown,symptoms,yes,no,yes,no,yes,no,yes,no,no,never,never,yes,yes,yes,yes,no,allsoon,5.0,5.0,5.0,5.0,5.0,selfstudy,bad,6m,med,yes,yes,3.0,2.0,3.0,3.0,210,symptoms,18-29
695,m00696,2016-09-23,30,male,stable,married,Middle,175.0,56.0,hanoi,18.28571429,yes,>24mo,>24mo,volunteer,yes,no,no,no,no,yes ,no,no,yes,never,never,yes,no,yes,yes,yes,allsoon,5.0,5.0,2.0,5.0,5.0,clinic,bad,12m,low,no,no,2.0,2.0,2.0,2.0,210,symptoms,30-39
696,m00697,2016-09-23,24,female,other,married,High,155.0,64.0,hanoi,26.63891779,yes,<12mo,>24mo,volunteer,yes,yes,yes,no,yes,yes ,yes,yes,yes,never,never,yes,yes,yes,yes,no,later,5.0,5.0,5.0,5.0,5.0,askrel,bad,6m,med,no,no,5.0,5.0,5.0,5.0,210,disease_concern,18-29
697,m00698,2016-09-23,28,female,other,married,Grad,163.0,65.0,hanoi,24.4646016,yes,<12mo,>24mo,symptoms,no,no,no,no,yes,no,no,no,no,never,yes,no,no,yes,yes,yes,allsoon,5.0,5.0,5.0,5.0,5.0,selfstudy,bad,6m,low,no,no,3.0,3.0,3.0,3.0,unknown,disease_concern,18-29
698,m00699,2016-09-23,24,female,other,unmarried,Middle,162.0,53.0,hanoi,20.19509221,no,<12mo,<12mo,symptoms,yes,no,no,no,no,yes ,no,no,no,never,never,yes,no,yes,yes,yes,later,4.0,4.0,4.0,4.0,4.0,clinic,unknown,6m,med,no,maybe,3.0,3.0,3.0,3.0,140,symptoms,18-29
699,m00700,2016-09-23,28,female,stable,married,Grad,160.0,65.0,hanoi,25.390625,yes,<12mo,<12mo,request,yes,no,no,no,no,yes ,yes,yes,yes,never,never,yes,no,yes,yes,no,allsoon,5.0,5.0,5.0,5.0,5.0,clinic,bad,6m,hi,yes,yes,3.0,3.0,3.0,3.0,210,symptoms,18-29
700,m00701,2016-09-23,29,female,stable,married,Grad,162.0,65.0,hanoi,24.76756592,yes,<12mo,<12mo,volunteer,yes,no,no,no,yes,yes ,yes,yes,yes,never,never,yes,yes,yes,yes,yes,allsoon,3.0,3.0,2.0,3.0,3.0,selfstudy,bad,6m,med,maybe,maybe,3.0,2.0,3.0,3.0,unknown,symptoms,18-29
701,m00702,2016-09-23,53,female,other,married,High,156.0,44.0,hanoi,18.08021039,yes,<12mo,<12mo,symptoms,yes,no,no,no,no,yes ,no,no,yes,yes,never,no,yes,yes,yes,no,allsoon,5.0,5.0,5.0,5.0,5.0,clinic,bad,6m,low,no,no,3.0,3.0,3.0,3.0,unknown,symptoms,>=50
702,m00703,2016-09-23,32,female,stable,married,Grad,163.0,50.0,hanoi,18.81892431,yes,<12mo,<12mo,request,yes,no,no,no,yes,yes ,yes,yes,yes,never,yes,yes,yes,yes,yes,yes,allsoon,3.0,3.0,3.0,3.0,3.0,selfstudy,bad,6m,med,maybe,no,1.0,1.0,1.0,1.0,300,symptoms,30-39
703,m00704,2016-09-23,24,female,stable,married,High,155.0,46.0,hanoi,19.14672216,no,<12mo,>24mo,symptoms,no,no,no,no,yes,no,no,no,no,never,yes,yes,no,yes,yes,no,later,5.0,5.0,5.0,5.0,5.0,selfstudy,bad,6m,low,yes,yes,5.0,5.0,5.0,5.0,420,disease_concern,18-29
704,m00705,2016-09-23,24,female,stable,married,Grad,163.0,68.0,hanoi,25.59373706,yes,<12mo,>24mo,symptoms,yes,no,no,no,no,yes ,no,no,yes,never,never,yes,yes,yes,yes,yes,allsoon,5.0,5.0,5.0,5.0,5.0,selfstudy,bad,6m,med,maybe,maybe,2.0,2.0,2.0,2.0,420,symptoms,18-29
705,m00706,2016-09-23,33,female,stable,married,Grad,155.0,57.0,hanoi,23.72528616,yes,<12mo,>24mo,symptoms,yes,no,no,no,no,yes ,no,no,no,never,never,yes,yes,yes,yes,no,later,5.0,5.0,5.0,5.0,5.0,clinic,unknown,6m,low,no,maybe,3.0,3.0,3.0,3.0,210,symptoms,30-39
706,m00707,2016-09-23,32,female,stable,married,Grad,160.0,55.0,hanoi,21.484375,yes,<12mo,>24mo,symptoms,yes,no,no,no,yes,yes ,no,no,no,never,never,yes,yes,no,yes,no,allsoon,3.0,2.0,4.0,4.0,2.0,clinic,bad,6m,med,yes,yes,5.0,2.0,5.0,3.0,210,symptoms,30-39
707,m00708,2016-09-23,24,female,stable,married,PostGrad,163.0,68.0,hanoi,25.59373706,no,<12mo,>24mo,symptoms,no,no,no,no,yes,yes ,no,no,no,never,never,yes,yes,no,yes,no,later,5.0,5.0,5.0,5.0,5.0,selfstudy,quite,6m,med,maybe,maybe,3.0,3.0,3.0,3.0,unknown,symptoms,18-29
708,m00709,2016-09-23,27,female,stable,married,Grad,150.0,40.0,hanoi,17.77777778,no,<12mo,>24mo,symptoms,yes,no,no,no,yes,yes ,no,no,no,never,never,yes,yes,yes,yes,yes,allsoon,5.0,5.0,5.0,5.0,5.0,clinic,bad,6m,med,no,no,4.0,5.0,3.0,5.0,420,disease_concern,18-29
709,m00710,2016-09-23,30,female,stable,married,Grad,160.0,55.0,hanoi,21.484375,yes,<12mo,>24mo,symptoms,yes,no,no,no,yes,yes ,yes,yes,yes,never,never,yes,yes,yes,yes,yes,allsoon,5.0,5.0,5.0,5.0,5.0,selfstudy,bad,6m,hi,maybe,yes,3.0,2.0,4.0,3.0,420,symptoms,30-39
710,m00711,2016-09-23,28,male,stable,married,Grad,169.0,68.0,hanoi,23.80869017,yes,<12mo,<12mo,volunteer,yes,no,no,no,no,yes ,no,no,yes,never,never,no,yes,yes,no,yes,allsoon,3.5,4.0,5.0,4.0,4.0,askrel,bad,6m,hi,no,no,1.0,1.0,1.0,1.0,840,disease_concern,18-29
711,m00712,2016-09-23,36,female,stable,married,Grad,150.0,39.0,hanoi,17.33333333,yes,<12mo,12-24mo,volunteer,yes,no,no,yes,yes,yes ,no,no,yes,never,never,yes,yes,yes,no,yes,allsoon,2.0,2.0,2.0,3.0,1.0,selfstudy,bad,6m,med,yes,yes,1.0,1.0,3.0,2.0,30,disease_concern,30-39
712,m00713,2016-09-23,22,female,student,unmarried,Grad,160.0,52.0,hanoi,20.3125,yes,<12mo,<12mo,volunteer,no,no,no,no,yes,yes ,yes,no,no,never,yes,yes,no,no,yes,yes,allsoon,2.0,4.0,4.0,4.0,4.0,askrel,bad,12m,low,yes,maybe,2.0,3.0,2.0,2.0,200,symptoms,18-29
713,m00714,2016-09-22,25,male,stable,unmarried,PostGrad,171.0,67.0,hanoi,22.91303307,no,<12mo,<12mo,volunteer,yes,yes,no,no,yes,yes ,yes,yes,yes,never,yes,yes,yes,yes,yes,yes,allsoon,3.0,4.0,2.0,5.0,4.0,askrel,bad,6m,hi,yes,maybe,3.0,5.0,4.0,5.0,210,disease_concern,18-29
714,m00715,2016-09-22,21,female,student,unmarried,Grad,166.0,54.0,hanoi,19.59645812,no,12-24mo,unknown,symptoms,yes,yes,yes,no,yes,yes ,yes,no,no,never,never,yes,yes,yes,yes,no,allsoon,3.0,3.0,3.0,5.0,3.0,askrel,good,12m,low,maybe,maybe,3.0,3.0,3.0,3.0,unknown,symptoms,18-29
715,m00716,2016-09-22,22,female,student,unmarried,Grad,154.0,40.0,hanoi,16.86625063,yes,<12mo,<12mo,symptoms,yes,yes,no,no,yes,yes ,yes,yes,no,yes,yes,yes,no,no,yes,no,partly ,3.0,3.0,3.0,3.0,3.0,askrel,bad,6m,low,yes,yes,4.0,5.0,4.0,4.0,unknown,symptoms,18-29
716,m00717,2016-09-22,23,female,student,unmarried,Grad,154.0,46.0,hanoi,19.39618823,yes,<12mo,<12mo,request,yes,no,no,yes,yes,yes ,yes,no,no,never,yes,yes,yes,yes,yes,no,allsoon,4.0,3.0,2.0,3.0,2.0,askrel,bad,6m,low,maybe,maybe,2.0,3.0,3.0,4.0,300,symptoms,18-29
717,m00718,2016-09-22,22,female,student,unmarried,Grad,155.0,42.0,hanoi,17.4817898,no,>24mo,12-24mo,request,no,no,no,no,yes,yes ,no,no,no,never,yes,no,no,no,yes,no,allsoon,3.0,3.0,3.0,3.0,3.0,askrel,quite,12m,med,no,maybe,2.0,2.0,2.0,2.0,unknown,symptoms,18-29
718,m00719,2016-09-22,22,female,student,unmarried,Grad,160.0,47.0,hanoi,18.359375,yes,unknown,unknown,symptoms,yes,no,no,yes,yes,yes ,yes,no,no,never,yes,yes,yes,yes,yes,yes,allsoon,3.0,3.0,2.0,3.0,3.0,askrel,bad,6m,low,yes,yes,4.0,2.0,3.0,3.0,320,symptoms,18-29
719,m00720,2016-09-22,27,female,stable,married,Grad,152.0,41.0,hanoi,17.74584488,yes,<12mo,>24mo,volunteer,yes,no,no,no,yes,yes ,yes,no,no,never,never,yes,yes,yes,yes,yes,partly ,4.0,5.0,3.0,4.0,3.0,selfstudy,quite,6m,low,yes,no,4.0,3.0,3.0,5.0,210,symptoms,18-29
720,m00721,2016-09-22,28,female,stable,married,Grad,158.0,54.0,hanoi,21.63114885,yes,<12mo,>24mo,request,yes,no,no,no,no,yes ,yes,yes,yes,never,never,yes,yes,yes,yes,yes,allsoon,4.0,4.0,2.5,5.0,4.0,clinic,bad,6m,med,no,no,2.0,1.0,5.0,3.5,85,disease_concern,18-29
721,m00722,2016-09-22,27,female,stable,married,Grad,155.0,61.0,hanoi,25.39021852,yes,<12mo,<12mo,request,no,no,no,no,no,yes ,no,yes,yes,never,never,yes,yes,yes,yes,yes,later,4.0,4.0,4.0,4.0,4.0,askrel,bad,6m,low,maybe,maybe,3.0,3.0,3.0,3.0,140,symptoms,18-29
722,m00723,2016-09-22,36,female,housewife,married,Middle,163.0,66.0,hanoi,24.84098009,no,<12mo,>24mo,volunteer,no,no,no,no,yes,yes ,yes,no,no,never,never,yes,yes,yes,no,yes,later,5.0,5.0,5.0,5.0,5.0,askrel,bad,6m,med,no,maybe,3.0,3.0,3.0,3.0,720,disease_concern,30-39
723,m00724,2016-09-22,27,male,stable,married,Grad,162.0,61.0,hanoi,23.24340802,yes,<12mo,<12mo,request,no,no,no,no,yes,no,yes,yes,no,never,never,yes,yes,yes,yes,yes,allsoon,3.0,2.0,1.0,3.0,2.0,clinic,unknown,6m,med,no,no,4.0,4.0,4.0,1.0,unknown,symptoms,18-29
724,m00725,2016-09-22,70,female,retirer,married,Middle,159.0,63.0,hanoi,24.91990032,yes,<12mo,<12mo,symptoms,yes,no,no,no,yes,yes ,no,no,no,never,never,yes,yes,yes,yes,yes,later,4.0,4.0,5.0,4.0,5.0,clinic,bad,6m,med,no,no,3.0,3.0,3.0,3.0,unknown,symptoms,>=50
725,m00726,2016-09-22,21,male,student,unmarried,PostGrad,165.0,53.0,hanoi,19.46740129,yes,<12mo,>24mo,symptoms,yes,no,no,no,no,yes ,no,no,yes,never,never,yes,no,yes,yes,no,later,5.0,5.0,5.0,5.0,5.0,clinic,bad,6m,low,no,no,4.0,5.0,4.0,3.0,720,disease_concern,18-29
726,m00727,2016-09-22,30,female,stable,married,Middle,156.0,53.0,hanoi,21.77843524,yes,<12mo,<12mo,request,no,no,no,no,no,yes ,yes,yes,no,never,never,yes,yes,yes,yes,yes,allsoon,5.0,5.0,5.0,5.0,5.0,askrel,bad,12m,hi,yes,maybe,3.0,3.0,3.0,3.0,210,disease_concern,30-39
727,m00728,2016-09-22,33,female,housewife,married,Middle,156.0,53.0,hanoi,21.77843524,no,<12mo,>24mo,symptoms,yes,no,no,no,no,yes ,no,no,no,yes,never,no,yes,yes,yes,yes,allsoon,5.0,5.0,5.0,5.0,5.0,clinic,bad,6m,med,maybe,maybe,4.0,3.0,3.0,3.0,315,symptoms,30-39
728,m00729,2016-09-22,30,female,housewife,married,Middle,156.0,45.0,hungyen,18.49112426,no,<12mo,<12mo,volunteer,no,no,no,no,no,yes ,no,no,no,never,never,yes,yes,yes,yes,no,allsoon,5.0,5.0,5.0,5.0,5.0,selfstudy,bad,6m,med,no,no,4.0,4.0,4.0,4.0,210,symptoms,30-39
729,m00730,2016-09-22,26,female,stable,unmarried,Grad,156.0,43.0,hanoi,17.66929652,yes,<12mo,<12mo,symptoms,yes,no,no,no,no,yes ,no,no,no,never,never,yes,yes,yes,no,no,later,4.0,4.0,3.0,4.0,3.0,selfstudy,bad,6m,med,no,yes,4.0,4.0,4.0,4.0,315,disease_concern,18-29
730,m00731,2016-09-22,30,female,stable,married,Grad,150.0,48.0,hanoi,21.33333333,yes,<12mo,<12mo,volunteer,no,no,no,no,no,yes ,yes,yes,yes,never,never,yes,yes,yes,no,no,later,4.0,4.0,3.0,5.0,5.0,clinic,bad,6m,med,no,no,3.0,3.0,2.0,2.0,85,symptoms,30-39
731,m00732,2016-09-22,55,male,other,married,Grad,168.0,68.0,hanoi,24.09297052,yes,<12mo,<12mo,volunteer,no,no,no,no,no,yes ,yes,yes,yes,never,never,yes,yes,yes,no,yes,allsoon,5.0,5.0,5.0,5.0,5.0,selfstudy,unknown,12m,low,no,no,3.0,3.0,3.0,3.0,210,disease_concern,>=50
732,m00733,2016-09-22,37,male,stable,married,Grad,170.0,79.0,hanoi,27.33564014,yes,<12mo,>24mo,symptoms,no,no,no,no,yes,no,no,no,no,yes,yes,yes,yes,yes,yes,yes,later,5.0,5.0,5.0,5.0,5.0,selfstudy,bad,6m,med,maybe,maybe,2.0,2.0,2.0,2.0,unknown,symptoms,30-39
733,m00734,2016-09-22,32,female,stable,married,Middle,150.0,47.0,hanoi,20.88888889,yes,<12mo,<12mo,request,no,no,no,no,yes,no,yes,yes,no,never,yes,yes,yes,yes,yes,yes,allsoon,3.0,3.0,3.0,3.0,4.0,clinic,bad,6m,med,no,no,2.0,2.0,2.0,2.0,210,disease_concern,30-39
734,m00735,2016-09-22,25,female,stable,married,Grad,155.0,53.0,hanoi,22.0603538,yes,<12mo,<12mo,request,no,no,no,no,yes,no,yes,yes,no,never,never,yes,yes,yes,yes,no,later,5.0,3.0,5.0,4.0,4.0,askrel,bad,6m,med,maybe,maybe,3.0,2.0,2.0,3.0,210,symptoms,18-29
735,m00736,2016-09-22,32,female,stable,married,Grad,162.0,56.0,hanoi,21.33821064,yes,<12mo,<12mo,request,no,no,no,no,yes,no,yes,yes,no,never,never,yes,yes,yes,yes,yes,allsoon,3.0,3.0,5.0,3.0,3.0,askrel,unknown,6m,low,no,yes,3.0,3.0,3.0,3.0,210,symptoms,30-39
736,m00737,2016-09-22,36,female,other,unmarried,Middle,156.0,47.0,hanoi,19.31295201,no,<12mo,<12mo,volunteer,no,no,no,no,no,no,no,yes,yes,yes,never,yes,yes,yes,yes,yes,allsoon,4.0,5.0,5.0,5.0,5.0,selfstudy,quite,6m,med,no,no,4.0,4.0,5.0,5.0,840,symptoms,30-39
737,m00738,2016-09-22,45,male,stable,married,Middle,167.0,68.0,hanoi,24.38237298,yes,<12mo,>24mo,symptoms,yes,no,no,no,yes,yes ,yes,yes,no,never,never,yes,yes,yes,no,yes,allsoon,5.0,5.0,5.0,5.0,5.0,clinic,bad,6m,med,no,no,3.0,3.0,3.0,3.0,unknown,symptoms,40-49
738,m00739,2016-09-22,27,male,stable,married,Middle,175.0,63.0,hanoi,20.57142857,no,unknown,>24mo,symptoms,yes,no,no,yes,no,yes ,no,no,no,yes,yes,yes,no,yes,yes,no,later,5.0,5.0,5.0,5.0,5.0,selfstudy,bad,6m,hi,yes,yes,2.0,2.0,2.0,2.0,420,symptoms,18-29
739,m00740,2016-09-22,26,female,stable,unmarried,Middle,155.0,44.0,hanoi,18.31425598,no,>24mo,>24mo,symptoms,no,no,no,no,yes,no,no,no,no,never,never,yes,yes,yes,no,yes,allsoon,5.0,5.0,5.0,5.0,5.0,clinic,bad,6m,low,yes,yes,3.0,3.0,3.0,3.0,unknown,symptoms,18-29
740,m00741,2016-09-22,22,female,stable,married,Grad,156.0,53.0,hanoi,21.77843524,yes,<12mo,>24mo,symptoms,no,no,no,no,yes,no,yes,no,no,never,never,yes,yes,yes,yes,yes,allsoon,4.0,4.0,4.0,4.0,4.0,clinic,bad,6m,med,maybe,yes,4.0,4.0,4.0,4.0,85,disease_concern,18-29
741,m00742,2016-09-22,30,female,housewife,married,Middle,155.0,45.0,hanoi,18.73048907,no,<12mo,>24mo,symptoms,yes,no,no,no,yes,no,yes,no,no,never,never,yes,yes,yes,yes,yes,later,5.0,5.0,5.0,5.0,5.0,askrel,quite,6m,low,no,yes,5.0,5.0,5.0,5.0,210,symptoms,30-39
742,m00743,2016-09-22,48,female,stable,married,Middle,162.0,56.0,hanoi,21.33821064,yes,<12mo,<12mo,symptoms,no,no,no,no,no,yes ,no,no,no,yes,never,yes,yes,yes,yes,yes,allsoon,2.0,5.0,2.0,5.0,2.0,selfstudy,bad,6m,low,no,yes,4.0,4.0,3.0,4.0,unknown,disease_concern,40-49
743,m00744,2016-09-22,31,male,stable,married,Middle,163.0,58.0,hanoi,21.8299522,yes,<12mo,<12mo,request,no,no,no,no,yes,no,yes,yes,no,never,never,yes,yes,yes,yes,yes,allsoon,3.0,4.0,3.0,4.0,2.0,askrel,bad,6m,med,yes,maybe,3.0,2.0,3.0,2.0,140,disease_concern,30-39
744,m00745,2016-09-22,26,female,stable,married,Grad,148.0,45.0,hanoi,20.54419284,yes,<12mo,<12mo,symptoms,no,no,no,no,yes,no,yes,yes,no,never,never,yes,yes,yes,no,no,later,3.0,3.0,4.0,3.0,4.0,selfstudy,bad,6m,med,maybe,yes,4.0,2.0,4.0,4.0,210,symptoms,18-29
745,m00746,2016-09-22,30,female,stable,married,Grad,160.0,50.0,hanoi,19.53125,yes,<12mo,<12mo,request,yes,no,no,no,yes,no,yes,yes,no,never,yes,yes,yes,yes,no,yes,allsoon,2.0,2.0,2.0,3.0,2.0,selfstudy,bad,6m,med,maybe,maybe,3.0,3.0,3.0,3.0,unknown,symptoms,30-39
746,m00747,2016-09-22,34,female,stable,married,Grad,156.0,53.0,hanoi,21.77843524,yes,12-24mo,>24mo,symptoms,yes,no,no,no,yes,yes ,no,no,no,yes,never,yes,yes,yes,yes,yes,allsoon,2.0,2.0,2.0,2.0,2.0,askrel,bad,6m,med,maybe,yes,3.0,3.0,3.0,3.0,280,symptoms,30-39
747,m00748,2016-09-22,61,male,retirer,married,PostGrad,170.0,60.0,hanoi,20.76124567,yes,<12mo,<12mo,volunteer,no,no,no,no,no,yes ,no,no,no,yes,never,yes,yes,yes,yes,yes,allsoon,2.0,3.0,1.0,3.0,1.0,clinic,bad,6m,med,maybe,yes,3.0,2.0,1.0,4.0,210,disease_concern,>=50
748,m00749,2016-09-21,25,male,stable,married,Grad,176.0,58.0,hanoi,18.72417355,yes,unknown,unknown,symptoms,yes,no,no,no,yes,no,no,no,no,never,never,yes,yes,yes,no,yes,later,3.0,3.0,4.0,3.0,4.0,selfstudy,bad,6m,med,maybe,maybe,2.0,2.0,2.0,2.0,210,symptoms,18-29
749,m00750,2016-09-21,30,male,stable,married,Middle,178.0,72.0,hanoi,22.72440348,no,>24mo,>24mo,symptoms,no,no,no,no,yes,no,no,no,no,never,never,yes,yes,yes,yes,no,later,5.0,4.0,5.0,5.0,4.0,askrel,bad,12m,low,maybe,yes,5.0,1.0,4.0,5.0,210,disease_concern,30-39
750,m00751,2016-09-21,26,female,stable,married,Grad,158.0,40.0,hanoi,16.02307323,yes,<12mo,<12mo,volunteer,no,no,no,no,no,yes ,no,no,no,yes,never,yes,yes,yes,yes,yes,allsoon,5.0,4.5,4.0,5.0,5.0,selfstudy,quite,6m,hi,yes,no,3.0,4.0,4.0,5.0,210,symptoms,18-29
751,m00752,2016-09-21,33,female,stable,married,Grad,160.0,47.0,hanoi,18.359375,yes,<12mo,<12mo,request,no,no,no,no,yes,no,yes,yes,no,never,yes,yes,yes,yes,yes,yes,allsoon,3.0,2.0,5.0,3.0,5.0,selfstudy,quite,6m,med,yes,yes,2.0,3.0,2.0,2.0,210,symptoms,30-39
752,m00753,2016-09-21,41,female,housewife,married,Middle,150.0,51.0,hanoi,22.66666667,yes,<12mo,<12mo,volunteer,yes,no,yes,no,no,yes ,no,no,no,yes,yes,no,yes,yes,yes,yes,allsoon,5.0,5.0,5.0,5.0,5.0,clinic,bad,6m,hi,no,no,5.0,5.0,5.0,5.0,280,symptoms,40-49
753,m00754,2016-09-21,22,female,stable,married,Middle,163.0,88.0,hanoi,33.12130679,no,<12mo,>24mo,symptoms,no,no,yes,no,no,yes ,no,no,no,yes,yes,no,yes,yes,yes,yes,allsoon,5.0,5.0,5.0,5.0,5.0,selfstudy,bad,18m,med,no,no,3.0,2.0,2.0,3.0,210,symptoms,18-29
754,m00755,2016-09-21,32,female,other,married,High,153.0,57.0,hanoi,24.34960912,no,<12mo,<12mo,symptoms,no,yes,no,no,no,yes ,no,no,no,never,never,yes,no,yes,yes,no,allsoon,5.0,5.0,5.0,5.0,5.0,askrel,bad,6m,hi,no,no,4.0,4.0,4.0,4.0,210,symptoms,30-39
755,m00756,2016-09-21,32,male,other,married,Grad,175.0,68.0,hanoi,22.20408163,no,<12mo,<12mo,volunteer,no,no,no,no,no,yes ,no,no,no,never,never,yes,yes,yes,no,yes,allsoon,5.0,5.0,5.0,5.0,5.0,clinic,bad,6m,hi,no,no,2.0,2.0,2.0,2.0,420,disease_concern,30-39
756,m00757,2016-09-21,38,male,stable,married,Grad,168.0,62.0,hanoi,21.96712018,yes,<12mo,>24mo,symptoms,no,no,no,no,yes,no,yes,no,no,yes,yes,no,yes,yes,yes,no,allsoon,5.0,5.0,5.0,5.0,5.0,clinic,bad,6m,med,maybe,maybe,5.0,5.0,5.0,5.0,210,symptoms,30-39
757,m00758,2016-09-21,20,female,student,unmarried,Grad,162.0,52.0,hanoi,19.81405274,no,<12mo,>24mo,symptoms,yes,no,no,no,no,no,yes,no,no,never,never,yes,no,yes,yes,yes,allsoon,4.0,3.0,4.0,3.0,3.0,selfstudy,bad,6m,low,yes,maybe,2.0,2.0,2.0,2.0,85,symptoms,18-29
758,m00759,2016-09-21,26,female,stable,married,Grad,161.0,51.0,hanoi,19.67516685,yes,<12mo,<12mo,request,yes,no,no,yes,no,no,yes,yes,no,never,never,yes,yes,yes,yes,yes,allsoon,5.0,4.0,5.0,4.0,5.0,clinic,unknown,6m,med,yes,yes,1.0,1.0,1.0,1.0,210,disease_concern,18-29
759,m00760,2016-09-21,51,female,housewife,married,Middle,150.0,52.0,hanoi,23.11111111,yes,<12mo,<12mo,symptoms,no,no,no,no,no,yes ,no,no,no,never,never,yes,yes,yes,no,yes,allsoon,5.0,5.0,5.0,5.0,5.0,clinic,bad,6m,low,no,no,4.0,4.0,4.0,4.0,unknown,disease_concern,>=50
760,m00761,2016-09-21,31,female,stable,married,Grad,156.0,52.0,hanoi,21.36752137,yes,<12mo,<12mo,volunteer,no,no,no,no,no,yes ,no,no,no,never,never,yes,yes,yes,no,yes,allsoon,4.5,5.0,5.0,5.0,5.0,selfstudy,bad,6m,med,yes,yes,4.0,2.0,2.0,4.0,270,symptoms,30-39
761,m00762,2016-09-21,26,female,stable,married,PostGrad,165.0,55.0,hanoi,20.2020202,yes,<12mo,<12mo,volunteer,no,no,no,no,no,yes ,no,no,no,never,never,yes,yes,yes,no,no,later,4.5,5.0,5.0,5.0,5.0,askrel,bad,12m,med,yes,yes,1.0,1.0,1.0,1.0,210,disease_concern,18-29
762,m00763,2016-09-21,32,male,stable,married,Grad,165.0,56.0,hanoi,20.56932966,yes,<12mo,<12mo,volunteer,no,no,no,no,no,yes ,no,no,no,never,never,yes,yes,yes,no,yes,allsoon,4.0,5.0,5.0,5.0,5.0,selfstudy,bad,6m,hi,no,no,4.0,4.0,3.0,3.0,420,symptoms,30-39
763,m00764,2016-09-21,21,female,student,unmarried,Grad,158.0,49.0,hanoi,19.6282647,yes,unknown,<12mo,request,no,no,no,no,yes,no,no,yes,no,never,never,yes,yes,yes,yes,yes,allsoon,3.0,4.0,5.0,3.0,4.0,askrel,bad,6m,low,no,no,5.0,5.0,5.0,5.0,420,symptoms,18-29
764,m00765,2016-09-21,28,female,stable,married,Grad,165.0,55.0,hanoi,20.2020202,yes,<12mo,>24mo,symptoms,yes,no,no,no,no,yes ,no,no,no,never,never,yes,yes,yes,yes,yes,later,5.0,5.0,5.0,5.0,5.0,clinic,bad,6m,med,no,maybe,2.0,1.0,4.0,1.0,420,symptoms,18-29
765,m00766,2016-09-21,30,female,stable,married,Grad,160.0,45.0,hanoi,17.578125,yes,<12mo,<12mo,request,no,no,no,no,no,yes ,no,no,no,yes,yes,yes,yes,yes,yes,yes,allsoon,3.0,3.0,5.0,3.0,3.0,selfstudy,bad,6m,med,no,yes,2.0,2.0,2.0,3.0,420,symptoms,30-39
766,m00767,2016-09-21,22,female,stable,unmarried,Middle,153.0,43.0,hanoi,18.36900337,no,<12mo,>24mo,symptoms,no,no,no,no,yes,no,no,no,no,never,never,yes,no,yes,yes,no,allsoon,5.0,5.0,5.0,5.0,5.0,clinic,quite,6m,med,yes,yes,4.0,4.0,4.0,5.0,420,disease_concern,18-29
767,m00768,2016-09-21,28,female,stable,married,Grad,163.0,45.0,hanoi,16.93703188,yes,<12mo,<12mo,request,no,no,no,no,no,no,yes,yes,no,never,never,yes,no,yes,yes,yes,allsoon,5.0,5.0,5.0,5.0,5.0,selfstudy,good,6m,low,yes,yes,5.0,5.0,5.0,5.0,840,disease_concern,18-29
768,m00769,2016-09-21,30,male,stable,married,Grad,172.0,72.0,hanoi,24.33747972,no,unknown,unknown,symptoms,yes,no,no,no,no,no,no,no,no,never,never,yes,yes,yes,yes,yes,later,5.0,5.0,5.0,5.0,5.0,selfstudy,quite,6m,med,maybe,maybe,3.0,3.0,4.0,2.0,105,symptoms,30-39
769,m00770,2016-09-21,26,female,stable,married,Grad,150.0,49.0,hanoi,21.77777778,yes,<12mo,<12mo,request,no,no,no,no,yes,yes ,no,no,no,never,never,yes,yes,yes,yes,yes,partly ,4.0,5.0,4.0,5.0,5.0,clinic,bad,6m,med,maybe,maybe,2.0,2.0,2.0,2.0,unknown,symptoms,18-29
770,m00771,2016-09-21,46,female,stable,married,Middle,160.0,52.0,hanoi,20.3125,no,<12mo,<12mo,volunteer,no,no,yes,no,no,yes ,yes,yes,no,yes,never,yes,yes,yes,yes,yes,allsoon,4.0,5.0,5.0,5.0,5.0,selfstudy,bad,6m,low,no,no,4.0,4.0,4.0,4.0,420,symptoms,40-49
771,m00772,2016-09-21,30,male,stable,unmarried,Grad,165.0,62.0,hanoi,22.77318641,yes,<12mo,<12mo,request,no,no,no,no,yes,no,no,yes,no,yes,yes,no,no,yes,no,no,later,5.0,5.0,5.0,5.0,5.0,selfstudy,bad,6m,hi,maybe,yes,1.0,1.0,1.0,1.0,210,symptoms,30-39
772,m00773,2016-09-21,53,male,other,married,Middle,165.0,53.0,hanoi,19.46740129,yes,unknown,unknown,symptoms,no,no,no,no,yes,no,no,no,no,yes,never,yes,yes,yes,yes,yes,later,4.0,5.0,5.0,5.0,5.0,selfstudy,quite,6m,hi,no,no,4.0,5.0,3.0,4.0,840,symptoms,>=50
773,m00774,2016-09-21,33,male,other,married,Middle,155.0,60.0,hanoi,24.97398543,no,<12mo,unknown,symptoms,no,no,no,no,yes,no,no,no,no,never,never,yes,yes,yes,no,yes,allsoon,5.0,5.0,5.0,5.0,5.0,selfstudy,bad,6m,med,maybe,maybe,4.0,2.0,3.0,4.0,unknown,symptoms,30-39
774,m00775,2016-09-21,21,female,stable,married,Middle,155.0,55.0,hanoi,22.89281998,yes,<12mo,<12mo,request,no,no,no,no,no,no,yes,yes,no,never,never,yes,yes,yes,yes,yes,allsoon,2.0,1.0,4.0,2.0,1.0,selfstudy,quite,6m,low,yes,no,1.0,2.0,1.0,1.0,210,disease_concern,18-29
775,m00776,2016-09-21,47,female,retirer,married,Middle,150.0,56.0,hanoi,24.88888889,yes,<12mo,<12mo,symptoms,no,no,no,no,no,yes ,no,no,yes,yes,never,yes,yes,yes,yes,yes,allsoon,4.0,5.0,1.0,5.0,3.0,selfstudy,bad,12m,med,no,no,4.0,3.0,5.0,5.0,840,disease_concern,40-49
776,m00777,2016-09-21,34,female,stable,married,Grad,151.0,50.0,hanoi,21.92886277,yes,<12mo,12-24mo,volunteer,yes,no,no,yes,yes,yes ,yes,no,no,yes,yes,no,yes,yes,yes,yes,allsoon,4.0,5.0,3.0,4.0,3.0,selfstudy,bad,12m,med,yes,yes,3.0,2.0,3.0,2.0,210,symptoms,30-39
777,m00778,2016-09-21,27,male,stable,unmarried,Grad,169.0,62.0,hanoi,21.70792339,yes,unknown,unknown,symptoms,no,no,no,no,yes,no,no,no,no,never,never,yes,yes,yes,no,no,later,5.0,4.0,5.0,5.0,5.0,clinic,quite,6m,med,yes,yes,4.0,4.0,4.0,4.0,140,symptoms,18-29
778,m00779,2016-09-21,33,female,housewife,married,PostGrad,165.0,53.0,hanoi,19.46740129,no,>24mo,>24mo,volunteer,yes,no,no,no,no,no,yes,no,no,yes,never,yes,yes,yes,yes,yes,allsoon,2.0,3.0,1.0,4.0,1.0,selfstudy,bad,12m,med,yes,yes,1.0,1.0,1.0,1.0,210,symptoms,30-39
779,m00780,2016-09-21,35,male,stable,unmarried,Middle,162.0,59.0,hanoi,22.48132907,no,unknown,>24mo,request,yes,no,no,no,no,no,yes,no,no,yes,never,yes,yes,no,yes,yes,later,5.0,5.0,5.0,5.0,5.0,clinic,bad,6m,med,no,no,4.0,2.0,4.0,5.0,unknown,symptoms,30-39
780,m00781,2016-09-21,22,female,stable,married,Middle,153.0,54.0,hanoi,23.06805075,no,<12mo,unknown,symptoms,yes,no,no,no,no,no,no,no,no,yes,never,yes,no,yes,yes,yes,allsoon,5.0,5.0,5.0,5.0,5.0,selfstudy,unknown,6m,hi,no,yes,1.0,1.0,1.0,1.0,420,symptoms,18-29
781,m00782,2016-09-21,26,male,stable,unmarried,Grad,168.0,58.0,hanoi,20.54988662,yes,<12mo,<12mo,request,no,no,no,no,yes,no,yes,no,no,never,never,yes,no,yes,yes,no,allsoon,5.0,5.0,5.0,5.0,5.0,selfstudy,good,6m,med,maybe,maybe,1.0,2.0,1.0,2.0,420,symptoms,18-29
782,m00783,2016-09-21,36,male,stable,married,Grad,163.0,60.0,hanoi,22.58270917,yes,unknown,unknown,symptoms,no,no,no,no,yes,no,no,no,no,never,never,yes,no,yes,no,no,later,5.0,5.0,5.0,5.0,5.0,clinic,unknown,6m,med,yes,yes,1.0,1.0,1.0,1.0,210,disease_concern,30-39
783,m00784,2016-09-21,22,female,stable,unmarried,Grad,158.0,43.0,hanoi,17.22480372,yes,<12mo,<12mo,request,yes,yes,yes,yes,yes,no,yes,no,no,never,never,yes,no,yes,no,no,partly ,5.0,5.0,5.0,5.0,5.0,selfstudy,quite,12m,med,no,no,5.0,5.0,5.0,5.0,135,symptoms,18-29
784,m00785,2016-09-21,51,female,retirer,married,Grad,150.0,44.0,hanoi,19.55555556,yes,<12mo,<12mo,volunteer,no,no,no,no,no,yes ,no,no,no,yes,yes,no,yes,yes,yes,yes,allsoon,4.0,4.0,2.0,4.0,3.0,askrel,bad,6m,med,yes,yes,4.0,4.0,4.0,4.0,420,disease_concern,>=50
785,m00786,2016-09-21,28,female,stable,married,Grad,150.0,60.0,hanoi,26.66666667,yes,<12mo,<12mo,request,no,no,no,no,no,no,yes,yes,no,never,never,yes,yes,yes,yes,yes,partly ,5.0,5.0,5.0,5.0,5.0,selfstudy,quite,6m,med,yes,maybe,3.0,3.0,4.0,2.0,210,symptoms,18-29
786,m00787,2016-09-21,23,female,other,married,Grad,162.0,58.0,hanoi,22.10028959,yes,<12mo,<12mo,symptoms,no,no,no,no,no,yes ,no,no,no,never,never,yes,yes,yes,yes,yes,allsoon,4.0,3.0,3.0,4.0,5.0,selfstudy,bad,6m,low,yes,yes,4.0,5.0,4.0,5.0,210,symptoms,18-29
787,m00788,2016-09-21,16,female,student,unmarried,Middle,150.0,47.0,hanoi,20.88888889,yes,<12mo,>24mo,symptoms,no,yes,no,no,no,no,yes,no,no,yes,never,yes,yes,yes,no,no,later,5.0,4.0,1.0,3.0,3.0,selfstudy,unknown,6m,low,maybe,maybe,3.0,3.0,3.0,2.0,210,symptoms,<18
788,m00789,2016-09-20,22,male,student,unmarried,Grad,170.0,52.0,hanoi,17.99307958,yes,unknown,unknown,symptoms,yes,no,yes,no,no,yes ,no,no,no,never,never,yes,no,yes,yes,yes,partly ,2.0,3.0,3.0,4.0,3.0,askrel,bad,g18m,low,yes,maybe,4.0,3.0,3.0,3.0,240,disease_concern,18-29
789,m00790,2016-09-20,20,female,student,unmarried,Grad,165.0,48.0,hanoi,17.63085399,yes,<12mo,<12mo,volunteer,no,no,no,no,no,yes ,no,yes,yes,never,yes,yes,yes,yes,yes,yes,allsoon,5.0,5.0,4.0,5.0,5.0,askrel,bad,6m,med,yes,yes,3.0,3.0,4.0,2.0,unknown,disease_concern,18-29
790,m00791,2016-09-20,21,female,student,unmarried,Grad,165.0,51.0,hanoi,18.73278237,yes,<12mo,unknown,request,yes,yes,yes,no,yes,yes ,yes,no,no,never,yes,yes,no,yes,yes,no,allsoon,2.0,5.0,1.0,4.0,3.0,clinic,bad,g18m,hi,maybe,maybe,4.0,3.0,5.0,3.0,240,disease_concern,18-29
791,m00792,2016-09-20,19,female,student,unmarried,Grad,153.0,45.0,hanoi,19.22337562,yes,<12mo,<12mo,symptoms,yes,yes,yes,yes,yes,yes ,yes,yes,yes,yes,yes,yes,yes,yes,yes,yes,allsoon,4.0,3.0,4.0,3.0,4.0,askrel,quite,12m,low,yes,yes,4.0,3.0,3.0,3.0,120,symptoms,18-29
792,m00793,2016-09-20,19,female,student,unmarried,Grad,151.0,45.0,hanoi,19.73597649,yes,<12mo,12-24mo,symptoms,yes,no,yes,no,yes,yes ,yes,yes,yes,yes,yes,yes,yes,yes,yes,yes,allsoon,3.0,4.0,3.0,4.0,3.0,selfstudy,quite,12m,low,yes,yes,4.0,3.0,3.0,3.0,60,symptoms,18-29
793,m00794,2016-09-20,19,female,student,unmarried,Grad,157.0,46.0,hanoi,18.66201469,yes,<12mo,unknown,symptoms,no,no,no,yes,yes,yes ,yes,no,yes,never,yes,yes,yes,yes,yes,yes,allsoon,5.0,5.0,5.0,5.0,5.0,clinic,quite,18m,med,yes,yes,3.0,2.0,3.0,3.0,210,symptoms,18-29
794,m00795,2016-09-20,25,male,student,unmarried,Middle,164.0,56.0,hanoi,20.82093992,yes,<12mo,>24mo,request,yes,no,no,no,no,no,yes,no,no,yes,never,yes,no,yes,yes,yes,allsoon,4.0,4.0,3.0,3.0,3.0,selfstudy,quite,6m,med,maybe,maybe,2.0,2.0,2.0,2.0,unknown,disease_concern,18-29
795,m00796,2016-09-20,27,male,stable,married,Grad,170.0,63.0,hanoi,21.79930796,no,unknown,unknown,symptoms,yes,no,no,no,no,yes ,no,no,no,never,yes,yes,yes,yes,yes,yes,allsoon,5.0,5.0,5.0,5.0,5.0,clinic,bad,6m,med,maybe,maybe,2.0,2.0,2.0,2.0,unknown,disease_concern,18-29
796,m00797,2016-09-20,25,female,stable,married,Grad,160.0,56.0,hanoi,21.875,no,<12mo,>24mo,symptoms,yes,no,no,no,no,no,yes,no,no,yes,yes,no,no,yes,yes,no,allsoon,5.0,5.0,5.0,5.0,5.0,selfstudy,quite,6m,low,no,no,4.0,4.0,4.0,4.0,840,disease_concern,18-29
797,m00798,2016-09-20,27,female,stable,unmarried,Grad,158.0,58.0,hanoi,23.23345618,yes,>24mo,unknown,symptoms,no,no,no,no,yes,no,yes,no,no,never,yes,yes,yes,yes,yes,yes,allsoon,5.0,5.0,5.0,5.0,5.0,clinic,bad,6m,med,no,maybe,2.0,2.0,2.0,2.0,840,disease_concern,18-29
798,m00799,2016-09-20,34,female,stable,married,Grad,163.0,45.0,hanoi,16.93703188,yes,<12mo,<12mo,request,yes,no,no,no,yes,no,yes,no,no,never,yes,yes,yes,yes,yes,yes,later,5.0,5.0,5.0,5.0,5.0,clinic,bad,12m,low,no,no,2.0,2.0,2.0,2.0,unknown,symptoms,30-39
799,m00800,2016-09-20,51,female,housewife,married,Middle,153.0,66.0,hanoi,28.19428425,no,<12mo,<12mo,volunteer,no,no,no,no,no,yes ,no,no,no,never,never,yes,yes,yes,yes,yes,allsoon,4.0,5.0,4.0,4.0,5.0,selfstudy,bad,6m,med,maybe,maybe,2.0,2.0,2.0,3.0,unknown,symptoms,>=50
800,m00801,2016-09-20,21,female,student,unmarried,Grad,167.0,52.0,hanoi,18.64534404,no,<12mo,>24mo,volunteer,yes,no,yes,no,yes,yes ,yes,no,no,never,never,yes,no,yes,no,yes,allsoon,5.0,5.0,3.0,5.0,3.0,askrel,unknown,12m,med,no,yes,4.0,5.0,4.0,4.0,unknown,symptoms,18-29
801,m00802,2016-09-20,33,male,stable,married,Grad,170.0,72.0,hanoi,24.91349481,no,unknown,unknown,symptoms,yes,no,no,no,yes,no,yes,no,no,never,yes,yes,yes,yes,yes,no,later,3.0,3.0,3.0,3.0,3.0,askrel,unknown,6m,med,no,no,2.0,2.0,2.0,2.0,unknown,disease_concern,30-39
802,m00803,2016-09-20,22,female,other,unmarried,Grad,164.0,55.0,hanoi,20.44913742,yes,<12mo,unknown,symptoms,no,no,no,no,yes,no,no,no,no,yes,yes,no,yes,yes,yes,yes,allsoon,5.0,5.0,5.0,5.0,5.0,selfstudy,bad,6m,med,yes,yes,2.0,2.0,2.0,2.0,unknown,symptoms,18-29
803,m00804,2016-09-20,27,female,stable,married,Grad,155.0,47.0,hanoi,19.56295525,no,unknown,unknown,symptoms,no,no,no,no,yes,no,yes,no,no,never,yes,no,no,yes,yes,no,allsoon,4.0,5.0,5.0,5.0,5.0,selfstudy,bad,12m,low,no,no,1.0,1.0,1.0,1.0,unknown,symptoms,18-29
804,m00805,2016-09-20,29,female,stable,married,Grad,151.0,40.0,hanoi,17.54309022,yes,<12mo,<12mo,request,yes,no,no,no,yes,no,yes,no,no,yes,yes,no,yes,yes,yes,yes,allsoon,5.0,5.0,5.0,5.0,5.0,selfstudy,bad,6m,hi,yes,yes,1.0,1.0,1.0,1.0,unknown,symptoms,18-29
805,m00806,2016-09-20,35,female,stable,married,Grad,153.0,50.0,hanoi,21.35930625,yes,<12mo,>24mo,volunteer,yes,no,no,no,no,no,no,no,no,never,never,yes,yes,yes,yes,no,later,5.0,4.0,4.0,5.0,4.0,clinic,unknown,12m,med,yes,maybe,4.0,4.0,4.0,4.0,140,disease_concern,30-39
806,m00807,2016-09-20,28,female,stable,married,Grad,164.0,56.0,hanoi,20.82093992,no,<12mo,unknown,symptoms,yes,yes,no,no,no,no,yes,no,no,never,never,yes,no,yes,yes,no,allsoon,5.0,5.0,5.0,5.0,5.0,selfstudy,bad,12m,low,maybe,yes,2.0,2.0,2.0,2.0,unknown,symptoms,18-29
807,m00808,2016-09-20,31,male,stable,married,Grad,162.0,54.0,hanoi,20.57613169,yes,<12mo,<12mo,symptoms,yes,no,no,no,yes,yes ,no,no,no,never,never,yes,no,yes,yes,no,allsoon,3.0,3.0,4.0,4.0,3.0,selfstudy,bad,12m,med,yes,maybe,2.0,2.0,2.0,1.0,unknown,symptoms,30-39
808,m00809,2016-09-20,29,female,stable,unmarried,Grad,154.0,49.0,hanoi,20.66115702,no,<12mo,<12mo,volunteer,yes,no,no,no,no,yes ,no,no,no,never,never,yes,yes,no,no,yes,allsoon,4.0,3.0,3.0,3.0,3.0,selfstudy,bad,6m,med,yes,yes,4.0,4.0,4.0,4.0,unknown,symptoms,18-29
809,m00810,2016-09-20,25,female,stable,married,Grad,164.0,47.0,hanoi,17.47471743,yes,<12mo,<12mo,volunteer,no,no,no,no,no,yes ,no,no,no,never,never,yes,yes,yes,no,yes,allsoon,4.0,3.0,3.0,3.0,3.0,selfstudy,bad,6m,med,yes,yes,1.0,2.0,4.0,4.0,200,disease_concern,18-29
810,m00811,2016-09-20,41,female,housewife,married,High,155.0,45.0,hanoi,18.73048907,no,<12mo,unknown,symptoms,no,yes,no,no,no,yes ,no,no,no,never,never,yes,no,no,yes,no,later,5.0,5.0,5.0,5.0,5.0,askrel,quite,12m,med,no,no,2.0,2.0,2.0,2.0,unknown,disease_concern,40-49
811,m00812,2016-09-20,30,female,stable,married,Grad,165.0,55.0,hanoi,20.2020202,yes,<12mo,<12mo,symptoms,no,no,no,no,no,yes ,no,no,no,never,never,yes,yes,yes,yes,yes,allsoon,5.0,5.0,4.0,5.0,4.0,clinic,bad,6m,med,maybe,maybe,1.0,2.0,2.0,2.0,210,disease_concern,30-39
812,m00813,2016-09-20,28,female,stable,married,Grad,155.0,57.0,hanoi,23.72528616,yes,<12mo,<12mo,volunteer,no,no,no,no,no,yes ,no,no,no,never,never,yes,yes,yes,yes,yes,allsoon,4.0,4.0,5.0,4.0,5.0,clinic,quite,6m,med,maybe,maybe,2.0,1.0,2.0,2.0,150,disease_concern,18-29
813,m00814,2016-09-20,28,female,stable,married,Grad,157.0,50.0,hanoi,20.28479857,yes,<12mo,<12mo,request,no,no,no,no,no,yes ,no,no,no,never,never,yes,yes,yes,yes,yes,allsoon,4.0,5.0,5.0,4.0,5.0,clinic,bad,6m,med,yes,yes,4.0,4.0,4.0,4.0,unknown,symptoms,18-29
814,m00815,2016-09-20,40,female,stable,married,PostGrad,156.0,54.0,hanoi,22.18934911,yes,<12mo,<12mo,symptoms,yes,no,no,no,no,no,no,no,no,never,never,yes,yes,yes,no,no,allsoon,5.0,5.0,5.0,5.0,5.0,selfstudy,bad,6m,hi,maybe,maybe,1.0,1.0,1.0,1.0,unknown,symptoms,40-49
815,m00816,2016-09-20,24,female,stable,married,Middle,161.0,80.0,hanoi,30.86300683,yes,<12mo,>24mo,symptoms,no,no,no,no,yes,no,yes,no,no,never,never,yes,yes,yes,yes,yes,allsoon,5.0,5.0,5.0,5.0,5.0,clinic,bad,6m,hi,no,no,2.0,2.0,2.0,2.0,unknown,symptoms,18-29
816,m00817,2016-09-20,27,female,housewife,married,Middle,153.0,45.0,hanoi,19.22337562,yes,<12mo,<12mo,volunteer,no,no,no,no,no,yes ,no,no,no,yes,never,yes,no,yes,yes,yes,allsoon,5.0,5.0,5.0,5.0,5.0,selfstudy,quite,6m,hi,no,no,3.0,3.0,3.0,3.0,360,symptoms,18-29
817,m00818,2016-09-20,66,female,retirer,married,Middle,163.0,60.0,hanoi,22.58270917,yes,<12mo,<12mo,volunteer,no,no,no,no,no,yes ,no,no,no,yes,never,yes,no,yes,no,yes,allsoon,5.0,4.0,5.0,4.0,4.0,clinic,bad,6m,med,maybe,maybe,3.0,3.0,3.0,3.0,unknown,symptoms,>=50
818,m00819,2016-09-20,25,female,stable,married,Grad,155.0,54.0,hanoi,22.47658689,no,<12mo,<12mo,request,no,no,no,no,yes,yes ,yes,no,no,never,never,yes,yes,yes,no,yes,allsoon,4.0,4.0,4.0,4.0,4.0,selfstudy,bad,12m,hi,maybe,maybe,1.0,1.0,1.0,1.0,unknown,symptoms,18-29
819,m00820,2016-09-20,24,female,housewife,married,Grad,157.0,46.0,hanoi,18.66201469,yes,<12mo,<12mo,volunteer,yes,yes,yes,yes,yes,yes ,yes,no,no,never,never,yes,yes,yes,yes,no,later,2.0,2.0,2.0,2.0,2.0,clinic,quite,6m,low,yes,yes,2.0,2.0,2.0,2.0,210,symptoms,18-29
820,m00821,2016-09-20,35,female,stable,married,Grad,155.0,53.0,hanoi,22.0603538,yes,<12mo,unknown,volunteer,no,no,no,no,yes,no,no,no,no,never,never,yes,yes,yes,yes,yes,allsoon,5.0,5.0,5.0,5.0,5.0,selfstudy,bad,12m,med,no,no,1.0,1.0,1.0,1.0,210,symptoms,30-39
821,m00822,2016-09-20,38,male,stable,married,PostGrad,170.0,70.0,hanoi,24.22145329,no,unknown,unknown,request,no,no,no,no,no,yes ,no,no,no,never,never,yes,yes,yes,no,no,allsoon,4.0,4.0,4.0,4.0,4.0,selfstudy,bad,6m,hi,yes,maybe,1.0,1.0,1.0,1.0,420,symptoms,30-39
822,m00823,2016-09-20,27,female,housewife,married,Grad,158.0,48.0,hanoi,19.22768787,yes,<12mo,unknown,symptoms,no,no,yes,no,no,yes ,no,no,no,never,never,yes,yes,yes,yes,yes,later,5.0,5.0,5.0,5.0,5.0,clinic,bad,6m,med,no,no,4.0,2.0,1.0,5.0,210,symptoms,18-29
823,m00824,2016-09-20,63,male,retirer,married,Middle,163.0,60.0,hanoi,22.58270917,yes,<12mo,<12mo,symptoms,no,no,no,no,no,yes ,no,no,no,yes,yes,no,yes,yes,yes,yes,allsoon,4.0,5.0,5.0,3.0,5.0,clinic,bad,6m,low,no,no,2.0,2.0,2.0,1.0,420,symptoms,>=50
824,m00825,2016-09-20,23,female,stable,married,Middle,155.0,44.0,hanoi,18.31425598,yes,<12mo,unknown,volunteer,no,no,no,no,yes,no,no,no,no,never,never,yes,no,yes,no,yes,later,3.0,3.0,3.0,3.0,3.0,askrel,good,6m,hi,no,no,1.0,1.0,1.0,1.0,420,symptoms,18-29
825,m00826,2016-09-20,27,female,stable,married,Middle,161.0,50.0,hanoi,19.28937927,yes,<12mo,<12mo,request,no,no,no,no,yes,no,no,yes,no,yes,yes,no,yes,yes,no,yes,allsoon,5.0,5.0,5.0,5.0,5.0,selfstudy,bad,6m,low,no,no,1.0,1.0,1.0,1.0,420,symptoms,18-29
826,m00827,2016-09-20,22,female,stable,married,Middle,158.0,52.0,hanoi,20.82999519,yes,<12mo,unknown,symptoms,yes,no,no,no,yes,no,no,no,no,yes,never,yes,yes,yes,yes,yes,allsoon,5.0,5.0,5.0,5.0,5.0,selfstudy,bad,6m,med,yes,maybe,1.0,1.0,1.0,1.0,1210,symptoms,18-29
827,m00828,2016-09-20,22,female,stable,married,Grad,157.0,48.0,hanoi,19.47340663,no,<12mo,<12mo,symptoms,yes,no,no,no,no,yes ,no,no,no,never,yes,yes,yes,yes,yes,yes,allsoon,3.0,5.0,3.0,5.0,5.0,clinic,bad,6m,hi,yes,yes,4.0,4.0,4.0,4.0,unknown,disease_concern,18-29
828,m00829,2016-09-19,18,female,student,unmarried,Grad,150.0,46.0,hanoi,20.44444444,yes,<12mo,<12mo,request,no,yes,yes,no,yes,yes ,yes,no,no,never,never,yes,no,yes,yes,no,allsoon,4.0,4.0,5.0,4.0,3.0,askrel,good,18m,low,yes,yes,4.0,2.0,5.0,3.0,300,disease_concern,18-29
829,m00830,2016-09-19,20,female,student,unmarried,Grad,158.0,45.0,hanoi,18.02595738,yes,<12mo,12-24mo,symptoms,no,yes,yes,no,no,yes ,no,no,no,yes,yes,no,yes,no,yes,no,allsoon,4.0,3.0,3.0,4.0,3.0,clinic,bad,6m,low,maybe,maybe,3.0,2.0,1.0,3.0,200,symptoms,18-29
830,m00831,2016-09-19,48,female,stable,married,Grad,153.0,43.0,hanoi,18.36900337,yes,unknown,unknown,symptoms,yes,no,no,no,yes,no,no,no,no,never,never,yes,yes,yes,no,yes,later,5.0,3.0,5.0,5.0,5.0,clinic,bad,12m,low,no,no,1.0,1.0,1.0,1.0,210,symptoms,40-49
831,m00832,2016-09-19,54,male,stable,married,High,173.0,74.0,hanoi,24.72518293,no,<12mo,12-24mo,symptoms,no,no,no,no,no,yes ,no,no,no,never,never,yes,yes,yes,no,yes,later,4.0,5.0,5.0,5.0,5.0,clinic,quite,g18m,hi,no,no,3.0,3.0,3.0,3.0,210,disease_concern,>=50
832,m00833,2016-09-19,40,male,stable,married,Middle,169.0,74.0,hanoi,25.90945695,no,<12mo,<12mo,volunteer,no,no,no,no,no,yes ,no,no,no,never,never,yes,yes,no,yes,no,allsoon,4.0,3.0,5.0,3.0,5.0,askrel,bad,6m,low,yes,yes,4.0,4.0,4.0,4.0,120,disease_concern,40-49
833,m00834,2016-09-19,24,female,stable,married,Middle,157.0,45.0,hanoi,18.25631871,no,<12mo,unknown,symptoms,no,no,no,no,yes,yes ,no,no,no,never,never,yes,yes,yes,yes,yes,later,5.0,5.0,5.0,5.0,5.0,selfstudy,good,6m,low,yes,maybe,5.0,5.0,5.0,5.0,840,symptoms,18-29
834,m00835,2016-09-19,24,female,stable,unmarried,Grad,155.0,48.0,hanoi,19.97918835,yes,<12mo,<12mo,request,no,no,no,no,yes,yes ,no,no,no,never,yes,yes,yes,yes,yes,yes,allsoon,5.0,3.0,5.0,5.0,5.0,selfstudy,bad,6m,med,yes,maybe,4.0,4.0,4.0,4.0,180,disease_concern,18-29
835,m00836,2016-09-19,27,female,stable,married,Grad,164.0,57.0,hanoi,21.19274242,no,<12mo,<12mo,volunteer,no,no,no,no,no,yes ,no,no,no,never,never,yes,yes,yes,no,yes,allsoon,5.0,4.0,4.0,5.0,5.0,clinic,bad,6m,med,maybe,maybe,4.0,3.0,3.0,2.0,unknown,symptoms,18-29
836,m00837,2016-09-19,26,male,stable,married,Middle,173.0,85.0,hanoi,28.40054796,yes,<12mo,>24mo,request,no,no,yes,no,yes,no,yes,no,no,never,never,yes,yes,yes,yes,yes,allsoon,3.0,4.0,4.0,4.0,4.0,askrel,bad,6m,hi,yes,maybe,3.0,2.0,2.0,4.0,420,disease_concern,18-29
837,m00838,2016-09-19,22,female,student,unmarried,Grad,158.0,45.0,hanoi,18.02595738,no,<12mo,<12mo,request,no,no,no,no,no,yes ,no,no,no,never,never,yes,no,yes,yes,yes,allsoon,5.0,5.0,5.0,5.0,5.0,clinic,bad,6m,med,yes,yes,4.0,3.0,5.0,5.0,unknown,symptoms,18-29
838,m00839,2016-09-19,26,female,stable,married,Grad,155.0,55.0,hanoi,22.89281998,yes,<12mo,<12mo,volunteer,no,no,no,no,no,yes ,no,no,no,never,yes,no,yes,yes,yes,yes,allsoon,5.0,4.0,3.0,3.0,3.0,askrel,bad,6m,med,maybe,maybe,4.0,3.0,4.0,4.0,unknown,symptoms,18-29
839,m00840,2016-09-19,33,male,stable,unmarried,Grad,165.0,67.0,hanoi,24.6097337,yes,unknown,unknown,symptoms,no,no,no,no,yes,yes ,no,no,no,never,yes,no,yes,yes,yes,yes,later,5.0,5.0,5.0,5.0,5.0,selfstudy,bad,g18m,hi,maybe,maybe,3.0,3.0,3.0,3.0,180,symptoms,30-39
840,m00841,2016-09-19,21,female,student,married,Grad,160.0,61.0,hanoi,23.828125,no,<12mo,<12mo,volunteer,no,no,no,no,yes,yes ,no,no,no,yes,yes,no,yes,yes,no,yes,later,4.0,3.0,4.0,3.0,3.0,selfstudy,quite,6m,hi,yes,yes,4.0,3.0,4.0,5.0,420,symptoms,18-29
841,m00842,2016-09-19,21,male,stable,married,Middle,174.0,75.0,hanoi,24.77209671,yes,unknown,unknown,symptoms,no,no,no,no,yes,yes ,no,no,no,never,yes,yes,no,yes,yes,yes,allsoon,3.0,4.0,5.0,5.0,4.0,selfstudy,quite,6m,med,yes,yes,4.0,3.0,3.0,4.0,210,symptoms,18-29
842,m00843,2016-09-19,40,female,stable,married,PostGrad,154.0,54.0,hanoi,22.76943835,yes,<12mo,<12mo,volunteer,no,no,no,no,no,yes ,no,no,no,never,never,yes,yes,yes,yes,yes,allsoon,4.0,4.0,4.0,4.0,4.0,clinic,bad,6m,med,maybe,yes,3.0,3.0,3.0,3.0,180,disease_concern,40-49
843,m00844,2016-09-19,27,female,stable,married,Grad,156.0,46.0,hanoi,18.90203813,yes,12-24mo,unknown,symptoms,no,no,yes,no,yes,yes ,no,no,no,never,never,yes,yes,yes,yes,yes,allsoon,5.0,4.0,3.0,4.0,2.0,askrel,bad,6m,med,yes,maybe,2.0,4.0,2.0,4.0,unknown,symptoms,18-29
844,m00845,2016-09-19,30,female,stable,married,Middle,160.0,52.0,hanoi,20.3125,yes,<12mo,<12mo,request,no,no,no,no,no,yes ,yes,yes,no,never,never,yes,yes,yes,yes,yes,allsoon,3.0,3.0,3.0,4.0,3.0,clinic,bad,6m,low,maybe,maybe,3.0,4.0,3.0,4.0,unknown,symptoms,30-39
845,m00846,2016-09-19,26,female,stable,married,High,160.0,49.0,hanoi,19.140625,yes,<12mo,<12mo,request,no,no,no,no,no,no,yes,yes,no,never,never,yes,yes,yes,yes,yes,allsoon,4.0,2.0,2.0,3.0,3.0,clinic,unknown,6m,low,maybe,yes,4.0,3.0,3.0,4.0,80,disease_concern,18-29
846,m00847,2016-09-19,28,female,stable,married,Middle,155.0,46.0,hanoi,19.14672216,yes,<12mo,<12mo,volunteer,no,no,no,no,no,yes ,no,no,no,never,never,yes,yes,yes,yes,yes,allsoon,3.0,3.0,2.0,2.0,2.0,askrel,bad,6m,med,yes,yes,4.0,3.0,3.0,4.0,unknown,disease_concern,18-29
847,m00848,2016-09-19,22,female,stable,married,Grad,160.0,48.0,hanoi,18.75,yes,<12mo,<12mo,volunteer,no,no,no,no,no,no,yes,no,no,never,never,yes,no,yes,yes,yes,allsoon,5.0,5.0,5.0,5.0,5.0,clinic,bad,6m,low,yes,yes,5.0,5.0,5.0,5.0,270,disease_concern,18-29
848,m00849,2016-09-19,24,female,other,unmarried,Grad,160.0,50.0,hanoi,19.53125,yes,unknown,<12mo,volunteer,yes,yes,yes,no,no,yes ,no,no,no,never,never,yes,yes,yes,yes,yes,allsoon,4.0,3.0,2.0,2.0,3.0,clinic,bad,6m,low,maybe,maybe,4.0,4.0,3.0,3.0,unknown,symptoms,18-29
849,m00850,2016-09-19,40,male,stable,married,Middle,170.0,58.0,hanoi,20.06920415,yes,unknown,>24mo,volunteer,no,no,no,no,yes,yes ,no,no,no,never,never,yes,yes,yes,yes,no,later,3.0,3.0,3.0,3.0,3.0,clinic,quite,6m,hi,no,no,3.0,3.0,3.0,3.0,unknown,symptoms,40-49
850,m00851,2016-09-19,26,female,stable,unmarried,Grad,158.0,52.0,hanoi,20.82999519,yes,<12mo,<12mo,volunteer,no,no,no,no,no,yes ,no,no,no,never,never,yes,yes,yes,yes,yes,allsoon,5.0,5.0,5.0,5.0,5.0,clinic,unknown,12m,low,maybe,yes,1.0,1.0,1.0,1.0,unknown,symptoms,18-29
851,m00852,2016-09-19,27,female,stable,married,Middle,162.0,49.0,hanoi,18.67093431,no,<12mo,12-24mo,volunteer,no,no,no,no,no,yes ,no,no,yes,never,yes,no,no,yes,yes,yes,allsoon,3.0,3.0,3.0,3.0,2.0,clinic,bad,12m,med,no,yes,4.0,4.0,4.0,4.0,300,symptoms,18-29
852,m00853,2016-09-19,32,male,stable,married,PostGrad,161.0,76.0,hanoi,29.31985649,yes,<12mo,<12mo,request,no,no,no,no,yes,yes ,no,yes,no,never,never,yes,yes,yes,yes,yes,allsoon,5.0,3.0,5.0,3.0,5.0,clinic,bad,6m,low,no,yes,4.0,3.0,3.0,4.0,360,symptoms,30-39
853,m00854,2016-09-19,31,female,stable,married,Middle,166.0,67.0,hanoi,24.31412397,yes,<12mo,>24mo,volunteer,no,no,no,no,no,yes ,no,no,no,never,never,yes,no,yes,no,yes,allsoon,4.0,5.0,5.0,5.0,5.0,clinic,bad,12m,med,no,yes,2.0,2.0,2.0,1.0,420,symptoms,30-39
854,m00855,2016-09-19,22,female,housewife,married,Middle,157.0,52.0,hanoi,21.09619051,yes,<12mo,unknown,volunteer,no,no,no,no,yes,yes ,no,no,no,never,never,yes,yes,yes,no,yes,allsoon,4.0,5.0,5.0,5.0,5.0,clinic,bad,6m,med,no,yes,3.0,1.0,1.0,1.0,70,disease_concern,18-29
855,m00856,2016-09-19,30,male,stable,married,Grad,167.0,67.0,hanoi,24.02380867,yes,<12mo,<12mo,request,no,no,no,no,no,yes ,yes,yes,no,never,yes,no,yes,yes,yes,yes,allsoon,5.0,5.0,5.0,5.0,5.0,selfstudy,good,6m,med,yes,yes,2.0,2.0,2.0,1.0,120,disease_concern,30-39
856,m00857,2016-09-19,58,female,retirer,married,Grad,157.0,48.0,hanoi,19.47340663,no,<12mo,unknown,symptoms,no,no,no,no,yes,no,yes,no,no,never,never,yes,yes,no,no,no,allsoon,3.0,5.0,5.0,5.0,5.0,selfstudy,quite,g18m,low,no,no,5.0,5.0,5.0,5.0,unknown,disease_concern,>=50
857,m00858,2016-09-19,28,female,stable,married,Grad,150.0,44.0,hanoi,19.55555556,yes,<12mo,<12mo,volunteer,yes,no,no,no,no,yes ,yes,yes,yes,never,yes,yes,yes,yes,yes,yes,allsoon,5.0,5.0,5.0,5.0,5.0,clinic,bad,12m,hi,maybe,yes,2.0,2.0,2.0,1.0,unknown,symptoms,18-29
858,m00859,2016-09-19,36,female,housewife,married,Middle,155.0,55.0,hanoi,22.89281998,yes,<12mo,unknown,volunteer,no,no,no,no,no,yes ,no,no,no,never,never,yes,yes,yes,no,yes,allsoon,4.0,5.0,5.0,5.0,5.0,clinic,bad,6m,med,no,yes,4.0,5.0,5.0,5.0,200,disease_concern,30-39
859,m00860,2016-09-19,27,female,stable,married,High,153.0,41.0,hanoi,17.51463112,no,<12mo,unknown,symptoms,yes,yes,no,no,yes,no,yes,yes,no,never,never,yes,no,no,no,no,later,5.0,5.0,5.0,5.0,5.0,askrel,bad,g18m,med,no,yes,5.0,2.0,2.0,5.0,unknown,symptoms,18-29
860,m00861,2016-09-19,24,female,stable,unmarried,Middle,157.0,42.0,hanoi,17.0392308,no,<12mo,<12mo,symptoms,no,no,no,no,no,yes ,no,no,no,never,never,yes,yes,yes,no,yes,allsoon,3.0,3.0,2.0,3.0,3.0,askrel,quite,6m,med,no,yes,3.0,4.0,4.0,2.0,200,symptoms,18-29
861,m00862,2016-09-19,30,male,stable,married,PostGrad,160.0,60.0,hanoi,23.4375,yes,unknown,12-24mo,volunteer,yes,no,yes,no,no,yes ,no,no,no,yes,yes,no,yes,yes,yes,yes,later,3.5,4.0,2.5,3.0,2.5,askrel,bad,6m,med,no,yes,1.0,1.0,1.0,1.0,420,symptoms,30-39
862,m00863,2016-09-19,25,female,housewife,married,High,150.0,47.0,hanoi,20.88888889,no,unknown,unknown,volunteer,yes,no,yes,no,yes,yes ,no,no,no,never,never,yes,no,yes,yes,no,allsoon,5.0,5.0,5.0,5.0,5.0,askrel,quite,6m,low,no,maybe,4.0,4.0,4.0,4.0,unknown,symptoms,18-29
863,m00864,2016-09-19,37,male,stable,married,Middle,170.0,72.0,hanoi,24.91349481,no,<12mo,unknown,symptoms,no,no,no,no,yes,yes ,no,no,no,never,never,yes,no,yes,yes,yes,allsoon,5.0,3.0,4.0,2.0,3.0,clinic,bad,6m,med,no,yes,4.0,4.0,3.0,3.0,180,disease_concern,30-39
864,m00865,2016-09-19,20,female,student,unmarried,Grad,155.0,44.0,hanoi,18.31425598,yes,unknown,unknown,request,yes,no,no,no,no,yes ,yes,no,no,never,never,yes,yes,yes,yes,yes,allsoon,5.0,2.0,5.0,5.0,5.0,askrel,unknown,18m,med,no,no,1.0,1.0,5.0,5.0,unknown,symptoms,18-29
865,m00866,2016-09-29,26,female,stable,unmarried,PostGrad,160.0,46.0,thaibinh,17.96875,yes,<12mo,<12mo,request,no,no,no,yes,no,yes ,no,no,yes,never,never,yes,no,yes,no,no,allsoon,2.5,3.0,1.5,3.0,2.0,selfstudy,bad,12m,med,maybe,maybe,3.0,4.0,5.0,3.0,210,symptoms,18-29
866,m00867,2016-09-29,23,female,stable,unmarried,Grad,160.0,45.0,hanoi,17.578125,no,12-24mo,12-24mo,request,no,no,no,yes,yes,yes ,no,yes,yes,never,never,yes,yes,yes,yes,yes,allsoon,3.0,3.0,4.0,3.0,3.0,askrel,bad,12m,med,maybe,maybe,2.0,2.0,3.0,3.0,210,disease_concern,18-29
867,m00868,2016-09-29,27,female,stable,married,PostGrad,162.0,54.0,hanoi,20.57613169,yes,12-24mo,>24mo,request,yes,no,no,no,yes,yes ,no,no,no,never,never,yes,yes,no,yes,no,later,3.0,2.0,3.0,3.0,3.0,selfstudy,bad,12m,med,yes,yes,2.0,2.0,2.0,2.0,60,symptoms,18-29
868,m00869,2016-09-29,22,female,stable,unmarried,Grad,155.0,44.0,hanoi,18.31425598,yes,unknown,unknown,request,yes,yes,no,no,yes,yes ,yes,yes,yes,yes,never,yes,yes,yes,yes,no,partly ,3.0,3.0,2.0,3.0,3.0,clinic,quite,6m,low,maybe,maybe,3.0,3.0,3.0,3.0,unknown,symptoms,18-29
869,m00870,2016-09-29,22,female,unstable,unmarried,Grad,156.0,45.0,hanoi,18.49112426,yes,<12mo,unknown,symptoms,no,yes,no,no,yes,yes ,no,no,yes,yes,never,yes,yes,yes,yes,yes,partly ,5.0,5.0,5.0,5.0,5.0,selfstudy,unknown,12m,low,maybe,maybe,5.0,4.0,3.0,2.0,unknown,symptoms,18-29
870,m00871,2016-09-29,23,female,stable,unmarried,Grad,160.0,50.0,hanoi,19.53125,no,<12mo,<12mo,request,yes,no,yes,no,yes,yes ,no,no,yes,never,never,yes,yes,no,yes,yes,allsoon,4.0,4.0,5.0,5.0,3.0,clinic,good,12m,low,maybe,maybe,3.0,2.0,2.0,1.0,210,symptoms,18-29
871,m00872,2016-09-29,25,female,unstable,unmarried,Grad,150.0,41.0,hanoi,18.22222222,yes,unknown,unknown,symptoms,yes,yes,yes,yes,yes,no,no,no,no,never,never,yes,no,yes,yes,no,allsoon,5.0,5.0,5.0,5.0,5.0,selfstudy,bad,g18m,low,yes,maybe,5.0,5.0,5.0,5.0,unknown,symptoms,18-29
872,m00873,2016-09-25,24,female,stable,unmarried,Grad,153.0,49.0,hanoi,20.93212012,yes,<12mo,<12mo,request,no,no,yes,no,no,yes ,yes,no,no,never,never,yes,yes,yes,yes,no,later,4.0,4.0,3.0,4.0,3.0,clinic,unknown,12m,hi,yes,yes,3.0,2.0,3.0,4.0,unknown,disease_concern,18-29
873,m00874,2016-09-25,24,female,stable,unmarried,Grad,157.0,46.0,hungyen,18.66201469,yes,<12mo,<12mo,request,yes,yes,no,yes,yes,no,yes,yes,no,never,never,yes,yes,no,no,no,later,4.0,5.0,5.0,4.0,5.0,clinic,good,12m,low,maybe,yes,3.0,3.0,3.0,3.0,200,symptoms,18-29
874,m00875,2016-09-25,23,male,unstable,unmarried,Grad,158.0,41.0,hungyen,16.42365006,yes,unknown,unknown,volunteer,yes,yes,yes,no,yes,no,no,yes,no,never,never,no,no,no,no,yes,later,2.0,2.0,3.0,2.0,4.0,askrel,quite,g18m,low,no,no,3.0,2.0,1.0,5.0,unknown,symptoms,18-29
875,m00876,2016-09-26,32,female,stable,married,Middle,162.0,54.0,hungyen,20.57613169,no,<12mo,<12mo,volunteer,no,no,no,no,yes,no,yes,no,no,never,never,yes,no,no,yes,no,allsoon,3.0,2.0,2.0,3.0,4.0,askrel,quite,12m,low,maybe,maybe,3.0,2.0,2.0,3.0,350,disease_concern,30-39
876,m00877,2016-09-29,23,female,stable,unmarried,Grad,165.0,48.0,hanoi,17.63085399,no,<12mo,<12mo,symptoms,no,yes,yes,no,no,yes ,no,no,yes,never,never,yes,yes,yes,yes,yes,allsoon,5.0,4.0,4.0,5.0,5.0,clinic,quite,6m,hi,yes,yes,3.0,3.0,2.0,4.0,200,disease_concern,18-29
877,m00878,2016-09-25,24,female,stable,married,Grad,158.0,52.0,hanoi,20.82999519,yes,<12mo,<12mo,request,yes,yes,yes,no,yes,yes ,yes,no,no,never,never,yes,yes,yes,yes,yes,later,2.0,3.0,1.0,3.0,2.0,askrel,quite,12m,low,maybe,maybe,2.0,2.0,3.0,2.0,unknown,symptoms,18-29
878,m00879,2016-09-25,28,female,stable,married,Middle,145.0,38.0,hungyen,18.07372176,no,>24mo,>24mo,volunteer,yes,no,yes,yes,no,yes ,no,no,yes,never,never,yes,no,yes,yes,no,allsoon,2.0,3.0,2.0,4.0,3.0,clinic,quite,18m,low,yes,maybe,2.0,3.0,2.0,4.0,unknown,symptoms,18-29
879,m00880,2016-09-29,53,female,stable,married,High,155.0,46.0,hungyen,19.14672216,no,>24mo,>24mo,symptoms,yes,yes,no,no,yes,yes ,no,no,no,yes,yes,yes,yes,no,yes,yes,partly ,5.0,5.0,3.0,5.0,5.0,clinic,bad,12m,med,no,maybe,1.0,1.0,1.0,1.0,420,symptoms,>=50
880,m00881,2016-09-22,23,male,unstable,unmarried,Middle,165.0,58.0,hungyen,21.30394858,yes,>24mo,>24mo,volunteer,no,yes,yes,no,yes,yes ,no,no,no,never,never,yes,yes,no,no,no,later,5.0,3.0,3.0,4.0,2.0,selfstudy,quite,g18m,med,maybe,maybe,5.0,3.0,3.0,4.0,unknown,disease_concern,18-29
881,m00882,2016-09-27,28,male,stable,unmarried,High,168.0,58.0,hungyen,20.54988662,yes,<12mo,>24mo,symptoms,yes,yes,yes,yes,yes,yes ,yes,no,yes,yes,yes,yes,yes,yes,yes,yes,later,2.0,3.0,3.0,2.0,4.0,askrel,good,6m,low,maybe,maybe,2.0,3.0,2.0,4.0,210,symptoms,18-29
882,m00883,2016-09-25,34,female,unstable,married,High,160.0,52.0,hungyen,20.3125,no,unknown,unknown,symptoms,yes,yes,no,no,yes,yes ,no,no,no,never,yes,no,no,no,yes,no,later,1.0,2.0,1.0,2.0,2.0,askrel,unknown,g18m,low,yes,yes,2.0,2.0,1.0,1.0,unknown,symptoms,30-39
883,m00884,2016-09-25,25,female,stable,unmarried,Grad,156.0,46.0,hungyen,18.90203813,yes,<12mo,<12mo,request,no,no,no,no,no,yes ,yes,yes,yes,never,never,yes,no,no,no,no,partly ,5.0,4.0,3.0,4.0,5.0,clinic,quite,12m,med,yes,maybe,3.0,2.0,1.0,2.0,unknown,symptoms,18-29
884,m00885,2016-09-24,25,female,unstable,unmarried,Grad,157.0,46.0,hungyen,18.66201469,yes,unknown,<12mo,volunteer,no,yes,no,no,yes,yes ,no,no,no,never,never,yes,yes,yes,no,no,allsoon,4.0,3.0,1.0,4.0,3.0,clinic,quite,18m,low,yes,yes,2.0,2.0,2.0,2.0,unknown,symptoms,18-29
885,m00886,2016-09-24,26,female,stable,unmarried,Grad,148.0,36.5,hungyen,16.66362308,yes,unknown,unknown,volunteer,yes,no,no,yes,yes,yes ,no,no,no,never,yes,yes,yes,yes,yes,yes,allsoon,3.0,2.0,1.0,2.0,2.0,askrel,bad,12m,med,maybe,maybe,1.0,2.0,1.0,1.0,unknown,symptoms,18-29
886,m00887,2016-09-24,33,male,stable,married,High,170.0,70.0,hungyen,24.22145329,no,unknown,unknown,volunteer,no,no,no,no,no,yes ,no,no,no,never,never,yes,no,no,no,no,partly ,1.0,2.0,1.0,3.0,2.0,askrel,unknown,12m,low,yes,yes,2.0,1.0,2.0,2.0,200,symptoms,30-39
887,m00888,2016-09-22,26,female,stable,married,Grad,163.0,56.0,hungyen,21.07719523,no,>24mo,12-24mo,volunteer,yes,yes,yes,yes,yes,yes ,no,no,no,never,never,yes,no,no,yes,no,later,3.0,4.0,3.0,4.0,2.0,askrel,quite,g18m,med,maybe,maybe,2.0,1.0,1.0,1.0,210,disease_concern,18-29
888,m00889,2016-09-22,25,female,other,unmarried,Grad,153.0,50.0,hungyen,21.35930625,yes,<12mo,12-24mo,symptoms,yes,yes,no,no,no,yes ,no,no,yes,never,yes,yes,yes,yes,yes,yes,allsoon,3.0,3.0,1.0,3.0,2.0,askrel,unknown,12m,low,maybe,maybe,3.0,2.0,2.0,3.0,200,symptoms,18-29
889,m00890,2016-09-22,22,female,stable,unmarried,Grad,157.0,40.0,hungyen,16.22783886,yes,<12mo,>24mo,request,yes,yes,yes,no,yes,yes ,no,no,no,never,yes,no,no,no,yes,yes,allsoon,2.0,3.0,3.0,3.0,3.0,askrel,quite,12m,low,maybe,maybe,3.0,1.0,3.0,2.0,420,symptoms,18-29
890,m00891,2016-09-22,26,male,stable,unmarried,High,167.0,53.0,hungyen,19.00390835,no,<12mo,<12mo,symptoms,no,yes,no,no,yes,yes ,no,no,no,never,yes,yes,no,no,no,yes,allsoon,5.0,5.0,4.0,5.0,5.0,askrel,quite,6m,med,yes,yes,3.0,4.0,3.0,3.0,200,disease_concern,18-29
891,m00892,2016-09-22,25,female,unstable,unmarried,Grad,152.0,42.0,hungyen,18.17867036,yes,<12mo,>24mo,symptoms,yes,yes,yes,no,yes,yes ,no,no,no,yes,yes,no,yes,no,yes,no,allsoon,3.0,3.0,2.0,3.0,2.0,askrel,bad,12m,low,yes,yes,2.0,1.0,1.0,1.0,210,symptoms,18-29
892,m00893,2016-09-22,28,female,student,unmarried,High,168.0,55.0,hungyen,19.48696145,yes,<12mo,<12mo,volunteer,yes,no,no,no,yes,yes ,no,yes,yes,never,never,yes,yes,no,yes,yes,later,4.0,4.0,2.0,4.0,3.0,askrel,unknown,12m,low,maybe,maybe,4.0,4.0,3.0,3.0,unknown,symptoms,18-29
893,m00894,2016-09-25,25,female,housewife,married,Grad,160.0,52.0,hungyen,20.3125,yes,<12mo,<12mo,symptoms,yes,yes,no,no,yes,yes ,no,no,no,never,never,yes,yes,no,yes,no,later,1.0,4.0,1.0,4.0,3.0,selfstudy,bad,12m,low,no,no,1.0,3.0,5.0,1.0,unknown,disease_concern,18-29
894,m00895,2016-09-25,57,female,unstable,married,High,160.0,48.0,hungyen,18.75,no,unknown,unknown,symptoms,yes,yes,no,no,yes,yes ,no,no,no,yes,yes,no,no,no,yes,no,later,2.0,2.0,1.0,2.0,2.0,askrel,unknown,g18m,low,yes,maybe,2.0,1.0,1.0,1.0,unknown,symptoms,>=50
895,m00896,2016-09-25,30,male,stable,married,Middle,172.0,68.0,hungyen,22.98539751,yes,<12mo,<12mo,symptoms,yes,no,no,no,yes,yes ,no,no,no,yes,yes,no,no,yes,yes,no,later,2.0,2.0,1.0,3.0,2.0,askrel,quite,12m,med,no,maybe,2.0,1.0,2.0,2.0,210,symptoms,30-39
896,m00897,2016-09-24,25,female,stable,unmarried,Grad,151.0,49.0,hanoi,21.49028551,yes,<12mo,12-24mo,symptoms,yes,yes,no,no,yes,yes ,yes,no,yes,never,yes,yes,yes,yes,yes,yes,allsoon,3.0,4.0,1.0,3.0,3.0,clinic,quite,12m,med,yes,yes,3.0,4.0,3.0,2.0,2800,disease_concern,18-29
897,m00898,2016-09-24,54,male,other,married,High,170.0,60.0,hungyen,20.76124567,no,<12mo,unknown,symptoms,no,yes,no,no,yes,yes ,no,no,yes,never,yes,yes,yes,yes,yes,no,allsoon,3.0,3.0,1.0,3.0,3.0,clinic,good,12m,med,maybe,maybe,3.0,3.0,3.0,2.0,3100,disease_concern,>=50
898,m00899,2016-09-24,15,female,student,unmarried,Middle,150.0,52.0,hungyen,23.11111111,yes,<12mo,>24mo,symptoms,no,yes,no,no,yes,yes ,yes,no,no,never,yes,yes,yes,yes,no,no,allsoon,4.0,4.0,1.0,3.0,3.0,askrel,quite,12m,low,maybe,maybe,2.0,1.0,2.0,2.0,1400,symptoms,<18
899,m00900,2016-09-24,26,female,stable,unmarried,Grad,160.0,49.0,hanoi,19.140625,yes,<12mo,unknown,volunteer,yes,yes,no,no,yes,yes ,yes,no,no,never,yes,yes,yes,yes,yes,no,allsoon,4.0,4.0,1.0,4.0,2.0,selfstudy,good,18m,med,yes,yes,2.0,1.0,2.0,2.0,2100,disease_concern,18-29
900,m00901,2016-09-24,47,female,housewife,married,High,156.0,50.0,hungyen,20.54569362,no,<12mo,<12mo,symptoms,no,yes,no,no,yes,yes ,no,no,yes,yes,yes,no,yes,yes,yes,no,allsoon,2.0,3.0,1.0,3.0,4.0,clinic,bad,6m,med,maybe,maybe,2.0,2.0,3.0,2.0,800,symptoms,40-49
901,m00902,2016-09-27,21,male,student,unmarried,Grad,181.0,80.0,hungyen,24.41927902,yes,<12mo,>24mo,request,no,no,no,no,yes,yes ,no,no,no,yes,yes,yes,yes,no,no,yes,later,3.0,4.0,4.0,3.0,3.0,askrel,quite,12m,med,yes,yes,2.0,1.0,3.0,3.0,210,symptoms,18-29
902,m00903,2016-09-27,17,female,student,unmarried,Middle,160.0,46.0,hungyen,17.96875,yes,unknown,unknown,symptoms,no,no,no,no,yes,yes ,no,no,no,never,never,yes,yes,yes,yes,yes,allsoon,1.0,1.0,3.0,1.0,1.0,clinic,quite,6m,low,maybe,yes,5.0,2.0,4.0,4.0,60,symptoms,<18
903,m00904,2016-09-25,17,male,student,unmarried,Middle,160.0,55.0,hungyen,21.484375,yes,unknown,unknown,volunteer,yes,yes,no,yes,no,yes ,yes,no,yes,never,yes,yes,no,yes,yes,no,partly ,4.0,4.0,4.0,4.0,3.0,askrel,quite,6m,low,maybe,maybe,4.0,3.0,3.0,4.0,unknown,symptoms,<18
904,m00905,2016-09-26,17,female,student,unmarried,Middle,155.0,48.0,hungyen,19.97918835,yes,unknown,<12mo,symptoms,no,yes,no,yes,yes,yes ,no,no,no,yes,yes,yes,yes,yes,yes,yes,allsoon,1.0,2.0,4.0,2.0,1.0,clinic,good,12m,low,yes,yes,2.0,1.0,1.0,2.0,210,symptoms,<18
905,m00906,2016-09-26,17,female,student,unmarried,Middle,155.0,45.0,hungyen,18.73048907,yes,unknown,unknown,symptoms,no,yes,no,no,no,yes ,no,no,no,never,never,yes,yes,no,no,no,allsoon,4.0,5.0,5.0,5.0,5.0,askrel,unknown,g18m,med,maybe,maybe,5.0,1.0,1.0,5.0,105,disease_concern,<18
906,m00907,2016-09-26,17,female,student,unmarried,Middle,155.0,45.0,hungyen,18.73048907,yes,unknown,unknown,request,no,no,no,no,yes,yes ,no,yes,no,never,never,yes,yes,no,no,no,allsoon,2.0,4.0,1.0,4.0,2.0,askrel,unknown,12m,med,maybe,no,3.0,5.0,3.0,4.0,210,symptoms,<18
907,m00908,2016-09-26,17,male,student,unmarried,Middle,155.0,50.0,hungyen,20.81165453,yes,>24mo,>24mo,symptoms,yes,no,no,no,yes,yes ,no,no,no,never,never,yes,yes,yes,yes,no,later,4.0,4.0,4.0,3.0,2.0,askrel,quite,g18m,med,maybe,maybe,4.0,4.0,3.0,5.0,420,symptoms,<18
908,m00909,2016-09-29,21,female,student,unmarried,Grad,152.0,44.0,hanoi,19.04432133,yes,unknown,unknown,symptoms,no,yes,yes,no,no,yes ,yes,no,no,never,never,yes,yes,no,yes,yes,partly ,2.0,3.0,2.0,3.0,2.0,selfstudy,quite,6m,low,maybe,maybe,1.0,2.0,3.0,4.0,unknown,symptoms,18-29
909,m00910,2016-09-26,17,male,student,unmarried,Middle,172.0,62.0,hanoi,20.9572742,yes,<12mo,12-24mo,volunteer,no,no,no,no,no,yes ,no,yes,yes,never,yes,yes,yes,yes,yes,yes,allsoon,3.0,3.0,3.0,4.0,3.0,askrel,quite,12m,med,yes,maybe,3.0,4.0,3.0,4.0,420,symptoms,<18
910,m00911,2016-09-27,17,female,student,unmarried,Middle,159.0,51.0,hungyen,20.17325264,yes,<12mo,<12mo,symptoms,yes,yes,no,no,no,yes ,no,no,yes,never,never,yes,yes,yes,yes,yes,partly ,3.0,4.0,3.0,5.0,4.0,clinic,good,6m,low,maybe,maybe,4.0,4.0,4.0,3.0,unknown,disease_concern,<18
911,m00912,2016-09-27,17,male,student,unmarried,Middle,171.0,54.0,hungyen,18.46722068,yes,<12mo,<12mo,volunteer,yes,yes,no,yes,yes,yes ,no,yes,yes,yes,yes,no,yes,yes,no,yes,partly ,4.0,3.0,3.0,4.0,2.0,clinic,quite,6m,low,maybe,maybe,3.0,3.0,2.0,3.0,400,symptoms,<18
912,m00913,2016-09-27,27,female,stable,married,Grad,155.0,47.0,hungyen,19.56295525,yes,<12mo,<12mo,symptoms,yes,yes,no,no,no,yes ,no,no,yes,never,never,yes,yes,no,yes,yes,later,3.0,5.0,4.0,5.0,4.0,askrel,quite,6m,med,maybe,maybe,4.0,4.0,5.0,4.0,unknown,symptoms,18-29
913,m00914,2016-09-27,17,female,student,unmarried,Middle,157.0,41.0,hungyen,16.63353483,yes,unknown,unknown,request,yes,yes,no,no,no,yes ,no,no,no,never,never,yes,no,yes,no,no,partly ,4.0,4.0,4.0,4.0,4.0,askrel,quite,12m,low,maybe,maybe,4.0,4.0,4.0,4.0,unknown,symptoms,<18
914,m00915,2016-09-27,17,male,student,unmarried,Middle,168.0,55.0,hungyen,19.48696145,yes,unknown,unknown,symptoms,yes,yes,no,no,no,yes ,no,yes,no,never,yes,yes,no,yes,yes,no,later,3.0,3.0,3.0,2.0,2.0,clinic,unknown,g18m,med,no,maybe,2.0,3.0,2.0,3.0,120,symptoms,<18
915,m00916,2016-09-27,46,male,stable,married,PostGrad,170.0,65.0,hungyen,22.49134948,yes,<12mo,12-24mo,disease_concern,yes,no,no,yes,yes,yes ,no,yes,yes,yes,never,yes,yes,yes,no,no,allsoon,4.0,3.0,3.0,2.0,1.0,askrel,good,6m,med,maybe,maybe,3.0,3.0,2.0,1.0,10,symptoms,40-49
916,m00917,2016-09-27,45,female,other,married,PostGrad,156.0,51.0,hungyen,20.9566075,yes,<12mo,<12mo,symptoms,yes,no,no,yes,yes,yes ,yes,no,no,yes,yes,yes,yes,no,yes,yes,allsoon,4.0,3.0,2.0,1.0,5.0,selfstudy,bad,12m,med,maybe,maybe,4.0,3.0,2.0,1.0,10,disease_concern,40-49
917,m00918,2016-09-27,17,female,student,unmarried,Middle,160.0,52.0,hungyen,20.3125,yes,unknown,unknown,symptoms,yes,no,no,yes,yes,yes ,yes,no,no,yes,yes,no,yes,yes,yes,no,later,4.0,4.0,3.0,3.0,4.0,askrel,quite,12m,med,yes,maybe,5.0,4.0,3.0,4.0,70,symptoms,<18
918,m00919,2016-09-27,17,female,student,unmarried,Middle,160.0,49.0,hungyen,19.140625,yes,<12mo,<12mo,symptoms,yes,no,no,yes,yes,yes ,yes,no,no,never,yes,yes,yes,no,yes,yes,allsoon,4.0,3.0,2.0,1.0,5.0,selfstudy,unknown,12m,low,maybe,maybe,4.0,3.0,2.0,1.0,unknown,disease_concern,<18
919,m00920,2016-09-27,51,female,other,married,High,160.0,54.0,hungyen,21.09375,no,unknown,unknown,volunteer,yes,yes,yes,no,yes,yes ,no,no,no,never,yes,yes,no,no,yes,no,allsoon,4.0,3.0,3.0,4.0,2.0,askrel,unknown,12m,low,no,maybe,3.0,3.0,3.0,2.0,unknown,symptoms,>=50
920,m00921,2016-09-27,17,male,student,unmarried,Middle,171.0,72.0,hungyen,24.62296091,yes,unknown,unknown,symptoms,yes,no,no,yes,yes,yes ,yes,no,yes,never,yes,yes,no,no,yes,no,partly ,3.0,3.0,3.0,4.0,3.0,askrel,quite,6m,low,maybe,maybe,2.0,2.0,3.0,3.0,30,disease_concern,<18
921,m00922,2016-09-27,17,male,student,unmarried,Middle,183.0,94.0,hungyen,28.06891815,yes,<12mo,unknown,disease_concern,no,no,no,no,no,yes ,no,yes,yes,yes,yes,yes,yes,no,no,no,allsoon,5.0,4.0,4.0,4.0,4.0,clinic,quite,6m,med,maybe,yes,4.0,3.0,3.0,5.0,unknown,symptoms,<18
922,m00923,2016-09-27,20,female,student,unmarried,Grad,160.0,62.0,hungyen,24.21875,yes,<12mo,>24mo,volunteer,no,no,no,no,yes,yes ,no,no,yes,never,never,yes,yes,no,yes,no,partly ,2.0,4.0,2.0,4.0,3.0,askrel,bad,g18m,low,yes,maybe,4.0,1.0,2.0,3.0,unknown,symptoms,18-29
923,m00924,invalid,20,female,student,unmarried,Grad,153.0,42.0,quangninh,17.94181725,yes,<12mo,<12mo,disease_concern,yes,yes,no,no,no,yes ,no,yes,yes,never,never,yes,yes,yes,yes,yes,allsoon,3.0,2.0,1.0,5.0,4.0,clinic,quite,6m,med,maybe,maybe,1.0,3.0,2.0,4.0,unknown,symptoms,18-29
924,m00925,invalid,19,female,student,unmarried,Grad,158.0,58.0,hungyen,23.23345618,yes,unknown,unknown,symptoms,yes,yes,yes,no,yes,yes ,yes,no,no,never,never,yes,no,yes,yes,no,later,3.0,5.0,2.0,3.0,4.0,askrel,quite,12m,low,maybe,maybe,5.0,4.0,3.0,2.0,unknown,symptoms,18-29
925,m00926,invalid,20,male,student,unmarried,Grad,165.0,67.0,hanoi,24.6097337,yes,<12mo,unknown,disease_concern,no,no,no,yes,yes,yes ,no,no,yes,yes,yes,yes,no,no,yes,no,allsoon,2.0,4.0,1.0,3.0,3.0,selfstudy,good,6m,med,yes,maybe,2.0,1.0,2.0,3.0,unknown,symptoms,18-29
926,m00927,invalid,19,female,student,unmarried,Grad,162.0,50.0,hanoi,19.05197378,yes,unknown,unknown,symptoms,no,yes,no,yes,no,yes ,no,yes,yes,never,never,yes,yes,yes,yes,yes,partly ,3.0,4.0,3.0,4.0,5.0,clinic,quite,12m,med,maybe,maybe,3.0,4.0,3.0,4.0,unknown,symptoms,18-29
927,m00928,invalid,20,female,student,unmarried,Grad,165.0,58.0,hanoi,21.30394858,yes,12-24mo,12-24mo,volunteer,no,yes,yes,yes,no,yes ,yes,no,no,never,yes,yes,yes,yes,yes,no,allsoon,3.0,3.0,3.0,4.0,3.0,askrel,quite,12m,med,maybe,maybe,4.0,3.0,2.0,3.0,unknown,symptoms,18-29
928,m00929,invalid,20,male,student,unmarried,Grad,170.0,53.0,hanoi,18.33910035,yes,unknown,unknown,symptoms,yes,yes,no,no,yes,yes ,no,no,yes,never,yes,yes,yes,yes,yes,yes,later,5.0,4.0,5.0,5.0,5.0,clinic,quite,12m,hi,maybe,maybe,5.0,3.0,4.0,4.0,unknown,symptoms,18-29
929,m00930,invalid,19,female,student,unmarried,Grad,168.0,58.0,ninhbinh,20.54988662,yes,unknown,<12mo,request,yes,yes,no,no,yes,yes ,no,yes,yes,never,never,yes,yes,yes,yes,yes,allsoon,4.0,4.0,3.0,4.0,3.0,clinic,good,6m,low,maybe,yes,5.0,5.0,5.0,5.0,590,symptoms,18-29
930,m00931,invalid,20,female,student,unmarried,Grad,158.0,40.0,ninhbinh,16.02307323,yes,<12mo,<12mo,volunteer,yes,no,yes,no,yes,yes ,no,no,no,never,never,no,yes,no,yes,yes,allsoon,3.0,3.0,3.0,3.0,3.0,clinic,quite,12m,med,maybe,maybe,3.0,3.0,3.0,3.0,150,symptoms,18-29
931,m00932,2016-09-27,19,female,student,unmarried,Grad,160.0,50.0,bacninh,19.53125,yes,unknown,unknown,request,yes,yes,yes,yes,yes,yes ,yes,yes,yes,never,never,yes,yes,yes,yes,no,later,3.0,2.0,3.0,3.0,3.0,clinic,quite,6m,low,maybe,maybe,2.0,2.0,3.0,3.0,240,symptoms,18-29
932,m00933,2016-09-27,19,female,student,unmarried,Grad,156.0,54.0,hanoi,22.18934911,yes,unknown,unknown,request,yes,yes,yes,yes,yes,yes ,yes,yes,no,never,never,yes,no,no,no,no,allsoon,3.0,2.0,3.0,3.0,3.0,selfstudy,quite,6m,low,maybe,maybe,2.0,2.0,3.0,3.0,unknown,symptoms,18-29
933,m00934,2016-09-27,19,female,student,unmarried,Grad,149.0,50.0,hanoi,22.52150804,yes,unknown,unknown,volunteer,yes,yes,yes,yes,no,yes ,yes,no,yes,never,never,yes,yes,yes,yes,no,allsoon,4.0,3.0,1.0,3.0,4.0,askrel,quite,12m,low,maybe,maybe,5.0,3.0,2.0,2.0,210,symptoms,18-29
934,m00935,2016-09-26,19,female,student,unmarried,Grad,155.0,52.0,hanoi,21.64412071,yes,unknown,unknown,symptoms,yes,yes,no,yes,no,no,yes,no,no,never,yes,yes,no,no,no,no,allsoon,3.0,4.0,1.0,4.0,3.0,clinic,unknown,g18m,low,yes,yes,4.0,1.0,2.0,3.0,unknown,symptoms,18-29
935,m00936,2016-09-26,19,female,student,unmarried,Grad,157.0,47.0,hanoi,19.06771066,yes,<12mo,12-24mo,request,no,no,no,no,yes,yes ,no,no,no,never,never,yes,yes,no,no,no,allsoon,5.0,3.0,4.0,4.0,5.0,selfstudy,quite,6m,low,yes,yes,4.0,2.0,2.0,2.0,unknown,symptoms,18-29
936,m00937,2016-09-26,19,female,student,unmarried,Grad,160.0,45.0,hanoi,17.578125,yes,unknown,unknown,request,no,no,no,no,yes,yes ,no,no,yes,never,never,yes,no,no,yes,yes,allsoon,3.0,3.0,2.0,3.0,1.0,askrel,quite,6m,low,maybe,maybe,3.0,4.0,4.0,2.0,unknown,symptoms,18-29
937,m00938,2016-09-26,19,female,student,unmarried,Grad,155.0,48.0,hanoi,19.97918835,yes,12-24mo,12-24mo,symptoms,no,yes,no,yes,no,yes ,no,yes,yes,never,yes,yes,yes,yes,yes,yes,allsoon,3.0,3.0,5.0,3.0,3.0,clinic,quite,6m,low,yes,yes,3.0,2.0,3.0,5.0,120,symptoms,18-29
938,m00939,2016-09-26,19,female,student,unmarried,Grad,160.0,43.0,hanoi,16.796875,yes,unknown,unknown,volunteer,yes,yes,yes,no,yes,yes ,yes,no,no,never,yes,yes,yes,yes,yes,no,later,3.0,3.0,4.0,2.0,2.0,askrel,quite,6m,low,yes,yes,4.0,3.0,4.0,2.0,unknown,symptoms,18-29
939,m00940,2016-09-26,19,male,student,unmarried,Grad,169.0,48.0,namdinh,16.80613424,yes,12-24mo,unknown,volunteer,no,no,yes,yes,no,yes ,yes,yes,yes,never,never,yes,yes,yes,yes,no,partly ,2.0,3.0,2.0,4.0,3.0,clinic,quite,6m,low,yes,yes,3.0,4.0,3.0,2.0,200,disease_concern,18-29
940,m00941,2016-09-26,19,female,student,unmarried,Grad,158.0,40.0,hanoi,16.02307323,yes,unknown,unknown,volunteer,yes,yes,yes,no,yes,yes ,no,no,no,never,yes,yes,yes,yes,yes,yes,partly ,3.0,3.0,2.0,4.0,2.0,askrel,quite,g18m,low,yes,yes,3.0,2.0,3.0,2.0,unknown,disease_concern,18-29
941,m00942,2016-09-26,19,female,student,unmarried,Grad,162.0,60.0,thaibinh,22.86236854,yes,unknown,unknown,symptoms,yes,yes,yes,no,no,yes ,no,no,yes,never,never,yes,yes,yes,yes,yes,allsoon,5.0,5.0,5.0,5.0,5.0,clinic,good,6m,med,maybe,maybe,5.0,5.0,5.0,5.0,105,symptoms,18-29
942,m00943,2016-09-26,19,female,student,unmarried,Grad,150.0,46.0,hungyen,20.44444444,yes,12-24mo,12-24mo,request,no,yes,no,no,yes,yes ,no,no,no,never,yes,yes,no,yes,no,yes,later,3.0,3.0,2.0,3.0,2.0,askrel,quite,g18m,low,maybe,maybe,4.0,4.0,4.0,2.0,unknown,symptoms,18-29
943,m00944,2016-09-23,48,male,other,married,High,158.0,45.0,hungyen,18.02595738,yes,>24mo,>24mo,symptoms,no,yes,no,yes,yes,yes ,yes,no,yes,yes,yes,no,no,yes,yes,yes,allsoon,5.0,5.0,4.0,3.0,5.0,clinic,quite,6m,low,maybe,maybe,3.0,4.0,4.0,2.0,unknown,symptoms,40-49
944,m00945,2016-09-23,43,female,other,married,High,145.0,45.0,hungyen,21.40309156,no,>24mo,>24mo,symptoms,yes,yes,no,yes,yes,yes ,yes,no,yes,yes,yes,no,no,no,yes,yes,partly ,4.0,3.0,3.0,3.0,2.0,askrel,quite,6m,low,maybe,maybe,2.0,3.0,4.0,2.0,unknown,symptoms,40-49
945,m00946,2016-09-24,19,female,student,unmarried,Grad,150.0,40.0,bacninh,17.77777778,yes,unknown,unknown,volunteer,no,yes,no,yes,yes,yes ,yes,no,yes,never,never,yes,no,no,yes,no,allsoon,3.0,3.0,4.0,3.0,2.0,askrel,quite,6m,low,maybe,maybe,2.0,3.0,4.0,2.0,unknown,symptoms,18-29
946,m00947,2016-09-24,20,female,student,unmarried,Grad,154.0,47.0,hanoi,19.81784449,yes,12-24mo,>24mo,request,yes,no,no,no,yes,yes ,yes,no,no,never,never,yes,yes,yes,yes,yes,partly ,3.0,4.0,2.0,4.0,1.0,clinic,quite,6m,low,maybe,maybe,3.0,2.0,3.0,3.0,unknown,disease_concern,18-29
947,m00948,2016-09-24,17,female,student,unmarried,Middle,164.0,44.0,hungyen,16.35930993,yes,12-24mo,<12mo,symptoms,yes,no,no,yes,yes,yes ,no,yes,no,never,never,yes,no,yes,yes,yes,later,2.0,3.0,2.0,2.0,1.0,askrel,quite,6m,hi,no,maybe,5.0,4.0,3.0,2.0,60,disease_concern,<18
948,m00949,2016-09-24,19,female,student,unmarried,Grad,152.0,40.0,bacninh,17.31301939,yes,12-24mo,12-24mo,request,yes,yes,no,no,yes,yes ,yes,no,yes,never,never,yes,no,no,no,no,allsoon,2.0,2.0,3.0,4.0,2.0,clinic,quite,12m,low,maybe,maybe,3.0,3.0,4.0,3.0,300,disease_concern,18-29
949,m00950,2016-09-24,19,female,student,unmarried,Grad,155.0,45.0,hanoi,18.73048907,yes,12-24mo,12-24mo,request,yes,no,no,no,yes,yes ,yes,no,yes,never,never,yes,no,no,no,yes,partly ,2.0,2.0,3.0,3.0,3.0,clinic,quite,12m,low,maybe,maybe,3.0,2.0,4.0,3.0,315,symptoms,18-29
950,m00951,2016-09-24,19,female,student,unmarried,Grad,155.0,47.0,haiduong,19.56295525,yes,unknown,unknown,request,yes,yes,yes,no,yes,yes ,no,no,no,yes,yes,yes,yes,yes,yes,yes,allsoon,5.0,5.0,5.0,5.0,5.0,clinic,quite,12m,low,maybe,yes,5.0,5.0,5.0,5.0,unknown,symptoms,18-29
951,m00952,2016-09-24,19,female,student,unmarried,Grad,163.0,44.0,hungyen,16.56065339,yes,unknown,unknown,request,yes,yes,yes,no,yes,yes ,no,no,no,yes,yes,yes,yes,yes,yes,yes,partly ,5.0,4.0,3.0,2.0,1.0,clinic,quite,12m,low,maybe,yes,5.0,3.0,2.0,4.0,unknown,symptoms,18-29
952,m00953,2016-09-28,16,female,student,unmarried,Middle,155.0,52.0,hungyen,21.64412071,yes,unknown,unknown,volunteer,yes,yes,no,no,yes,yes ,no,no,no,never,never,yes,yes,no,yes,yes,partly ,4.0,5.0,3.0,4.0,2.0,askrel,unknown,18m,low,maybe,maybe,5.0,3.0,4.0,5.0,unknown,symptoms,<18
953,m00954,2016-09-28,24,female,other,married,Grad,153.0,45.0,hungyen,19.22337562,yes,unknown,unknown,volunteer,yes,no,no,no,yes,yes ,no,no,yes,never,never,yes,yes,yes,yes,yes,later,3.0,3.0,3.0,3.0,2.0,clinic,good,6m,med,yes,yes,3.0,3.0,3.0,3.0,unknown,symptoms,18-29
954,m00955,2016-09-28,20,male,other,unmarried,Middle,167.0,69.0,hungyen,24.74093729,no,unknown,unknown,request,no,no,no,no,yes,yes ,no,no,yes,never,never,yes,yes,yes,yes,yes,allsoon,3.0,3.0,2.0,3.0,2.0,askrel,unknown,6m,med,maybe,yes,3.0,3.0,3.0,2.0,unknown,symptoms,18-29
955,m00956,2016-09-28,19,female,student,unmarried,Grad,158.0,44.0,hungyen,17.62538055,yes,unknown,unknown,request,no,no,no,no,yes,yes ,no,no,yes,never,yes,yes,yes,yes,yes,yes,allsoon,4.0,3.0,3.0,4.0,2.0,askrel,quite,6m,low,maybe,yes,3.0,3.0,4.0,3.0,unknown,symptoms,18-29
956,m00957,2016-09-29,19,female,student,unmarried,Middle,155.0,50.0,hungyen,20.81165453,yes,12-24mo,<12mo,request,no,yes,no,no,yes,yes ,no,no,no,never,never,yes,yes,yes,yes,yes,allsoon,3.0,3.0,3.0,3.0,2.0,askrel,quite,6m,low,maybe,maybe,2.0,3.0,4.0,2.0,unknown,symptoms,18-29
957,m00958,2016-09-29,19,female,student,unmarried,Grad,155.0,45.0,hungyen,18.73048907,yes,unknown,unknown,request,yes,no,no,no,yes,yes ,no,no,yes,never,never,yes,yes,yes,yes,yes,allsoon,4.0,3.0,3.0,3.0,2.0,askrel,quite,6m,low,maybe,yes,3.0,3.0,3.0,2.0,unknown,symptoms,18-29
958,m00959,2016-09-29,19,female,student,unmarried,Grad,156.0,48.0,hungyen,19.72386588,yes,12-24mo,<12mo,request,no,yes,no,no,yes,yes ,no,no,yes,never,never,yes,yes,yes,yes,yes,partly ,4.0,3.0,4.0,3.0,2.0,askrel,unknown,6m,med,maybe,yes,2.0,3.0,3.0,2.0,unknown,symptoms,18-29
959,m00960,2016-09-23,44,female,unstable,married,High,153.0,61.0,hungyen,26.05835362,yes,<12mo,<12mo,disease_concern,yes,yes,yes,no,no,yes ,yes,no,yes,never,yes,yes,no,no,yes,yes,later,3.0,5.0,4.0,2.0,4.0,askrel,quite,6m,med,yes,yes,5.0,3.0,2.0,2.0,30,symptoms,40-49
960,m00961,2016-09-24,24,female,stable,unmarried,Grad,155.0,47.0,hungyen,19.56295525,yes,unknown,unknown,request,yes,yes,no,no,yes,no,no,yes,no,never,yes,yes,yes,no,yes,no,partly ,3.0,4.0,3.0,4.0,3.0,selfstudy,good,g18m,low,yes,yes,1.0,1.0,1.0,1.0,unknown,symptoms,18-29
961,m00962,2016-09-29,17,female,student,unmarried,Middle,165.0,50.0,hanoi,18.36547291,yes,<12mo,12-24mo,symptoms,yes,yes,yes,yes,no,yes ,yes,yes,yes,yes,never,yes,yes,no,yes,no,partly ,3.0,2.0,5.0,4.0,1.0,askrel,good,12m,low,maybe,yes,4.0,3.0,2.0,3.0,153,disease_concern,<18
962,m00963,2016-09-29,17,female,student,unmarried,Middle,158.0,50.0,hungyen,20.02884153,yes,>24mo,unknown,volunteer,yes,no,no,yes,yes,yes ,no,yes,yes,yes,never,no,yes,no,no,no,allsoon,2.0,2.0,3.0,4.0,1.0,selfstudy,good,g18m,low,yes,yes,4.0,3.0,4.0,3.0,420,symptoms,<18
963,m00964,2016-09-29,17,female,student,unmarried,Middle,155.0,47.0,hungyen,19.56295525,yes,<12mo,12-24mo,disease_concern,yes,yes,yes,no,no,yes ,no,yes,yes,yes,yes,no,no,no,yes,yes,allsoon,4.0,4.0,2.0,3.0,1.0,askrel,quite,12m,med,yes,yes,4.0,3.0,2.0,2.0,460,symptoms,<18
964,m00965,2016-09-29,17,female,student,unmarried,Middle,153.0,40.0,hungyen,17.087445,yes,<12mo,12-24mo,symptoms,yes,yes,yes,no,yes,yes ,yes,no,yes,yes,yes,no,no,no,yes,no,partly ,5.0,4.0,3.0,2.0,1.0,askrel,quite,g18m,hi,maybe,maybe,5.0,4.0,3.0,2.0,420,symptoms,<18
965,m00966,2016-09-29,21,male,student,unmarried,Grad,170.0,70.0,hanoi,24.22145329,yes,<12mo,12-24mo,symptoms,yes,no,no,no,yes,yes ,yes,yes,no,never,yes,yes,yes,no,no,yes,partly ,2.0,3.0,4.0,5.0,5.0,clinic,quite,12m,low,maybe,no,4.0,3.0,2.0,1.0,20,disease_concern,18-29
966,m00967,2016-09-29,21,female,student,unmarried,Grad,157.0,47.0,hanoi,19.06771066,yes,<12mo,unknown,symptoms,yes,yes,yes,yes,yes,yes ,no,no,yes,never,never,yes,no,yes,yes,no,later,3.0,3.0,2.0,2.0,3.0,selfstudy,bad,6m,low,maybe,maybe,3.0,3.0,2.0,4.0,42,symptoms,18-29
967,m00968,2016-09-29,21,male,student,unmarried,Grad,174.0,55.0,hanoi,18.16620425,yes,unknown,unknown,request,yes,no,yes,no,yes,yes ,yes,no,no,never,yes,yes,no,no,no,no,allsoon,4.0,5.0,4.0,3.0,4.0,askrel,quite,6m,low,maybe,maybe,3.0,3.0,3.0,4.0,unknown,symptoms,18-29
968,m00969,2016-09-29,21,female,student,unmarried,Grad,164.0,49.0,hanoi,18.21832243,yes,unknown,unknown,request,yes,yes,no,no,yes,yes ,yes,yes,no,yes,yes,yes,no,no,yes,no,allsoon,4.0,2.0,1.0,2.0,2.0,clinic,bad,6m,low,maybe,maybe,3.0,3.0,3.0,4.0,unknown,symptoms,18-29
969,m00970,2016-09-29,21,female,student,unmarried,Grad,161.0,52.0,hanoi,20.06095444,yes,<12mo,<12mo,symptoms,yes,yes,yes,yes,yes,yes ,no,yes,yes,never,never,yes,yes,yes,yes,yes,allsoon,5.0,5.0,5.0,5.0,5.0,clinic,quite,6m,low,maybe,maybe,1.0,2.0,2.0,3.0,60,disease_concern,18-29
970,m00971,2016-09-29,22,female,student,unmarried,Grad,158.0,44.0,namdinh,17.62538055,yes,unknown,unknown,symptoms,yes,yes,yes,yes,yes,no,yes,yes,no,never,never,yes,no,yes,no,yes,allsoon,2.0,2.0,3.0,2.0,3.0,askrel,quite,g18m,low,maybe,maybe,2.0,3.0,1.0,3.0,unknown,symptoms,18-29
971,m00972,2016-09-29,22,female,student,unmarried,Middle,156.0,57.0,hanoi,23.42209073,yes,<12mo,unknown,symptoms,yes,no,no,yes,yes,yes ,no,no,no,never,yes,yes,yes,yes,yes,yes,later,1.0,1.0,1.0,1.0,1.0,askrel,unknown,6m,med,yes,maybe,3.0,2.0,1.0,5.0,unknown,symptoms,18-29
972,m00973,2016-09-29,21,female,student,unmarried,Grad,153.0,53.0,hanoi,22.64086462,yes,12-24mo,unknown,volunteer,no,yes,yes,no,yes,yes ,no,no,no,never,never,yes,yes,no,no,no,partly ,2.0,3.0,2.0,3.0,1.0,selfstudy,quite,6m,low,no,no,2.0,2.0,2.0,2.0,360,symptoms,18-29
973,m00974,2016-09-29,21,female,student,unmarried,Grad,156.0,43.0,namdinh,17.66929652,yes,unknown,unknown,symptoms,no,no,no,no,yes,yes ,no,no,no,never,never,yes,yes,no,yes,no,later,3.0,2.0,1.0,4.0,2.0,clinic,unknown,6m,hi,maybe,maybe,3.0,2.0,2.0,3.0,unknown,symptoms,18-29
974,m00975,2016-09-29,21,female,student,unmarried,Grad,160.0,51.0,hungyen,19.921875,yes,>24mo,unknown,request,yes,yes,yes,yes,no,yes ,no,no,no,never,never,yes,yes,no,yes,no,allsoon,1.0,2.0,1.0,3.0,1.0,askrel,bad,g18m,low,maybe,maybe,3.0,3.0,4.0,2.0,unknown,symptoms,18-29
975,m00976,2016-09-29,21,female,student,unmarried,Grad,152.0,47.5,hanoi,20.55921053,yes,unknown,unknown,symptoms,yes,yes,no,no,yes,yes ,yes,yes,yes,never,yes,yes,no,yes,yes,yes,allsoon,5.0,5.0,4.0,4.0,3.0,clinic,good,6m,low,yes,yes,5.0,5.0,5.0,5.0,210,disease_concern,18-29
976,m00977,2016-09-29,21,female,student,unmarried,Grad,158.0,45.0,bacninh,18.02595738,yes,>24mo,>24mo,volunteer,yes,no,no,no,yes,yes ,no,yes,yes,never,yes,yes,yes,yes,yes,yes,later,2.0,2.0,3.0,3.0,1.0,askrel,bad,12m,hi,yes,yes,3.0,2.0,2.0,4.0,45,symptoms,18-29
977,m00978,2016-09-29,21,female,student,unmarried,Grad,152.0,50.0,ninhbinh,21.64127424,yes,<12mo,<12mo,symptoms,yes,no,yes,no,yes,yes ,no,no,no,never,yes,yes,yes,yes,yes,no,allsoon,3.0,3.0,4.0,5.0,5.0,selfstudy,quite,6m,low,no,yes,2.0,2.0,3.0,4.0,unknown,symptoms,18-29
978,m00979,2016-09-29,22,female,student,unmarried,Grad,153.0,48.0,hanoi,20.504934,yes,unknown,12-24mo,symptoms,no,yes,no,yes,yes,yes ,yes,yes,yes,yes,yes,no,yes,yes,yes,yes,allsoon,2.0,3.0,1.0,4.0,1.0,clinic,bad,12m,low,yes,yes,4.0,3.0,1.0,4.0,unknown,symptoms,18-29
979,m00980,2016-09-29,21,female,student,unmarried,Grad,164.0,45.0,quangninh,16.73111243,yes,12-24mo,>24mo,symptoms,yes,yes,no,no,no,yes ,yes,yes,no,never,never,yes,yes,yes,yes,no,allsoon,3.0,4.0,3.0,3.0,3.0,selfstudy,quite,12m,med,yes,yes,3.0,3.0,3.0,3.0,60,symptoms,18-29
980,m00981,2016-09-29,21,female,student,unmarried,Grad,160.0,45.0,hanoi,17.578125,yes,<12mo,<12mo,symptoms,yes,yes,yes,no,no,yes ,no,no,no,never,never,yes,yes,no,yes,no,allsoon,4.0,4.0,3.0,3.0,3.0,askrel,quite,g18m,med,yes,maybe,3.0,2.0,3.0,4.0,unknown,symptoms,18-29
981,m00982,2016-09-24,46,male,other,married,High,166.0,57.0,hungyen,20.68515024,yes,unknown,unknown,symptoms,yes,yes,no,yes,no,yes ,no,yes,yes,never,never,yes,no,no,yes,yes,allsoon,3.0,1.0,3.0,3.0,4.0,clinic,quite,g18m,med,no,maybe,4.0,3.0,3.0,3.0,210,disease_concern,40-49
982,m00983,2016-09-23,21,female,student,unmarried,Grad,157.0,47.0,hungyen,19.06771066,yes,unknown,unknown,symptoms,yes,no,yes,yes,yes,no,no,no,no,never,never,yes,no,no,yes,no,later,3.0,2.0,1.0,5.0,2.0,askrel,quite,g18m,low,maybe,maybe,2.0,1.0,3.0,3.0,105,symptoms,18-29
983,m00984,2016-09-27,17,female,student,unmarried,Middle,158.0,50.0,hungyen,20.02884153,yes,>24mo,>24mo,volunteer,no,no,no,no,yes,yes ,no,no,yes,yes,yes,yes,yes,yes,yes,yes,partly ,3.0,3.0,2.0,4.0,1.0,askrel,bad,6m,med,yes,yes,4.0,4.0,5.0,3.0,250,symptoms,<18
984,m00985,2016-09-27,17,female,student,unmarried,Middle,157.0,44.5,hungyen,18.05347073,yes,unknown,unknown,symptoms,yes,yes,no,yes,yes,yes ,yes,no,yes,never,never,no,yes,yes,no,yes,later,2.0,1.0,2.0,4.0,2.0,askrel,quite,12m,low,yes,maybe,3.0,2.0,2.0,2.0,unknown,symptoms,<18
985,m00986,2016-09-27,17,female,student,unmarried,Middle,149.0,44.0,hungyen,19.81892708,yes,unknown,unknown,disease_concern,yes,yes,yes,no,yes,yes ,no,no,no,yes,yes,yes,yes,yes,yes,yes,partly ,3.0,2.0,4.0,1.0,5.0,askrel,good,6m,low,maybe,maybe,3.0,2.0,1.0,4.0,unknown,disease_concern,<18
986,m00987,2016-09-26,16,female,student,unmarried,Middle,155.0,46.0,hungyen,19.14672216,yes,<12mo,unknown,symptoms,no,yes,no,no,yes,yes ,no,no,no,never,yes,yes,no,no,no,no,partly ,3.0,4.0,2.0,1.0,4.0,askrel,unknown,6m,med,yes,yes,3.0,4.0,2.0,5.0,210,symptoms,<18
987,m00988,2016-09-26,25,male,stable,unmarried,PostGrad,167.0,65.0,hungyen,23.30668005,yes,12-24mo,unknown,request,yes,no,no,no,yes,yes ,yes,no,no,never,yes,yes,no,yes,yes,no,later,3.0,2.0,1.0,5.0,4.0,clinic,good,12m,med,maybe,yes,5.0,2.0,4.0,3.0,420,symptoms,18-29
988,m00989,2016-09-26,13,male,student,unmarried,High,160.0,60.0,hungyen,23.4375,yes,<12mo,<12mo,volunteer,no,no,no,no,no,yes ,no,yes,yes,yes,yes,yes,yes,yes,yes,no,partly ,5.0,5.0,4.0,4.0,5.0,askrel,good,6m,med,maybe,maybe,5.0,4.0,5.0,4.0,420,disease_concern,<18
989,m00990,2016-09-26,25,male,stable,unmarried,PostGrad,172.0,60.0,hungyen,20.2812331,no,unknown,unknown,symptoms,yes,no,no,yes,no,yes ,no,no,no,yes,yes,yes,no,yes,yes,no,allsoon,3.0,3.0,1.0,5.0,1.0,selfstudy,bad,18m,low,yes,maybe,3.0,1.0,2.0,1.0,unknown,symptoms,18-29
990,m00991,2016-09-26,17,male,student,unmarried,Middle,165.0,50.0,hungyen,18.36547291,yes,<12mo,unknown,symptoms,no,no,no,yes,yes,yes ,yes,no,yes,never,never,yes,yes,yes,yes,no,allsoon,3.0,3.0,4.0,3.0,4.0,selfstudy,good,18m,med,yes,maybe,2.0,1.0,2.0,3.0,210,disease_concern,<18
991,m00992,2016-09-26,17,female,student,unmarried,Middle,156.0,44.0,hungyen,18.08021039,yes,<12mo,12-24mo,volunteer,no,no,no,no,no,yes ,no,yes,yes,never,yes,yes,yes,yes,yes,no,allsoon,4.0,4.0,4.0,5.0,4.0,askrel,bad,12m,med,yes,maybe,3.0,3.0,4.0,4.0,unknown,symptoms,<18
992,m00993,2016-09-26,17,male,student,unmarried,Middle,165.0,55.0,hungyen,20.2020202,yes,<12mo,>24mo,disease_concern,no,yes,yes,yes,no,yes ,yes,yes,no,never,yes,yes,yes,yes,yes,yes,allsoon,3.0,2.0,1.0,5.0,4.0,askrel,quite,18m,low,yes,maybe,3.0,4.0,3.0,2.0,210,disease_concern,<18
993,m00994,2016-09-26,16,female,student,unmarried,Middle,165.0,40.0,hungyen,14.69237833,yes,<12mo,unknown,symptoms,yes,no,no,no,yes,yes ,no,no,yes,never,never,yes,no,no,yes,no,partly ,3.0,3.0,4.0,5.0,4.0,selfstudy,good,12m,med,maybe,yes,4.0,3.0,3.0,3.0,210,disease_concern,<18
994,m00995,2016-09-26,17,female,student,unmarried,Middle,153.0,44.0,hungyen,18.7961895,yes,<12mo,unknown,symptoms,yes,yes,no,no,no,yes ,no,no,no,yes,yes,yes,no,yes,yes,no,allsoon,2.0,3.0,1.0,4.0,1.0,selfstudy,bad,12m,med,yes,yes,1.0,1.0,2.0,1.0,unknown,symptoms,<18
995,m00996,2016-09-26,17,male,student,unmarried,Middle,171.0,55.0,hungyen,18.80920625,yes,<12mo,12-24mo,volunteer,yes,no,no,yes,no,yes ,no,no,yes,never,yes,yes,yes,no,no,no,allsoon,4.0,3.0,2.0,2.0,3.0,clinic,quite,12m,med,yes,yes,3.0,2.0,4.0,3.0,105,disease_concern,<18
996,m00997,2016-09-26,17,female,student,unmarried,Middle,160.0,46.0,hungyen,17.96875,yes,<12mo,>24mo,volunteer,no,no,no,no,yes,yes ,no,no,no,yes,yes,yes,no,yes,yes,no,allsoon,3.0,2.0,1.0,5.0,4.0,askrel,good,g18m,med,maybe,yes,5.0,2.0,3.0,4.0,120,disease_concern,<18
997,m00998,2016-09-26,17,female,student,unmarried,Middle,155.0,43.0,hungyen,17.89802289,yes,unknown,unknown,symptoms,no,no,no,no,no,yes ,no,no,no,never,yes,yes,yes,yes,yes,no,allsoon,3.0,2.0,4.0,3.0,2.0,selfstudy,quite,g18m,med,maybe,maybe,3.0,2.0,4.0,2.0,unknown,symptoms,<18
998,m00999,2016-09-26,17,female,student,unmarried,Middle,159.0,50.0,hungyen,19.77769867,yes,12-24mo,>24mo,request,yes,yes,no,no,yes,yes ,yes,no,no,never,never,yes,yes,yes,yes,yes,allsoon,2.0,3.0,3.0,1.0,1.0,askrel,bad,6m,med,yes,maybe,1.0,1.0,1.0,2.0,210,symptoms,<18
999,m01000,2016-09-26,22,female,stable,unmarried,PostGrad,155.0,47.0,hungyen,19.56295525,yes,unknown,unknown,volunteer,yes,yes,no,yes,no,yes ,yes,no,yes,yes,yes,yes,yes,yes,yes,no,partly ,1.0,2.0,1.0,1.0,2.0,clinic,quite,6m,low,yes,yes,1.0,1.0,1.0,1.0,210,symptoms,18-29
1000,m01001,2016-09-26,17,female,student,unmarried,Middle,159.0,46.0,hungyen,18.19548277,yes,unknown,unknown,symptoms,no,yes,yes,no,yes,yes ,yes,no,no,never,never,yes,yes,yes,no,yes,later,4.0,3.0,5.0,2.0,4.0,askrel,quite,12m,hi,yes,maybe,4.0,5.0,2.0,3.0,105,disease_concern,<18
1001,m01002,2016-09-26,17,female,student,unmarried,Middle,153.0,48.0,hungyen,20.504934,yes,unknown,unknown,request,yes,no,no,no,no,yes ,no,no,no,never,yes,yes,yes,yes,yes,yes,allsoon,5.0,5.0,5.0,5.0,5.0,clinic,quite,g18m,med,yes,maybe,3.0,3.0,3.0,3.0,12600,disease_concern,<18
1002,m01003,2016-09-26,16,female,student,unmarried,Middle,159.0,51.0,hungyen,20.17325264,yes,>24mo,>24mo,volunteer,yes,no,no,no,yes,yes ,no,yes,yes,never,never,yes,yes,yes,no,no,partly ,4.0,4.0,1.0,4.0,1.0,selfstudy,quite,g18m,hi,yes,yes,4.0,1.0,3.0,1.0,140,symptoms,<18
1003,m01004,2016-09-25,23,female,stable,unmarried,Grad,163.0,52.0,hungyen,19.57168128,yes,unknown,unknown,symptoms,yes,no,no,no,yes,yes ,no,yes,no,never,yes,no,yes,yes,yes,no,partly ,2.0,5.0,2.0,5.0,4.0,askrel,good,6m,low,yes,yes,2.0,1.0,3.0,4.0,unknown,symptoms,18-29
1004,m01005,2016-09-25,41,male,stable,married,Middle,170.0,67.0,hungyen,23.183391,yes,<12mo,unknown,symptoms,yes,no,no,no,yes,no,no,no,no,never,never,yes,no,no,yes,no,later,5.0,4.0,3.0,2.0,1.0,askrel,quite,g18m,hi,yes,yes,3.0,4.0,5.0,4.0,230,disease_concern,40-49
1005,m01006,2016-09-29,17,female,student,unmarried,Middle,148.0,45.0,hungyen,20.54419284,yes,12-24mo,<12mo,request,yes,yes,yes,no,yes,yes ,no,yes,yes,yes,yes,yes,yes,no,no,yes,partly ,5.0,4.0,2.0,2.0,1.0,clinic,quite,g18m,med,yes,yes,4.0,2.0,3.0,4.0,unknown,symptoms,<18
1006,m01007,2016-09-29,24,female,student,unmarried,Grad,155.0,47.0,phutho,19.56295525,yes,<12mo,12-24mo,symptoms,yes,yes,no,yes,yes,yes ,no,yes,no,yes,yes,yes,no,no,yes,yes,partly ,4.0,3.0,4.0,5.0,5.0,askrel,quite,12m,low,yes,yes,3.0,2.0,1.0,2.0,300,symptoms,18-29
1007,m01008,2016-09-28,20,female,student,unmarried,Grad,170.0,48.0,hanoi,16.60899654,yes,>24mo,>24mo,symptoms,yes,no,yes,yes,yes,no,yes,yes,no,yes,yes,yes,yes,no,yes,yes,allsoon,2.0,3.0,2.0,3.0,3.0,askrel,quite,12m,low,yes,yes,3.0,2.0,1.0,1.0,350,symptoms,18-29
1008,m01009,2016-09-29,25,female,stable,married,Grad,163.0,49.0,hanoi,18.44254582,yes,12-24mo,<12mo,symptoms,yes,yes,yes,no,no,yes ,yes,no,yes,yes,yes,yes,no,no,yes,no,later,5.0,4.0,3.0,3.0,2.0,askrel,good,12m,low,yes,yes,3.0,3.0,2.0,1.0,420,symptoms,18-29
1009,m01010,2016-09-25,27,female,unstable,unmarried,Grad,156.0,47.0,haiphong,19.31295201,yes,>24mo,unknown,volunteer,yes,yes,no,no,yes,yes ,no,no,yes,never,yes,yes,no,no,yes,no,allsoon,5.0,3.0,3.0,5.0,2.0,askrel,quite,6m,med,maybe,maybe,3.0,1.0,2.0,2.0,150,symptoms,18-29
1010,m01011,2016-09-26,20,female,student,unmarried,Grad,147.0,40.0,ninhbinh,18.51080568,yes,<12mo,12-24mo,symptoms,yes,yes,no,no,yes,yes ,no,no,no,never,yes,yes,no,no,yes,no,partly ,4.0,4.0,3.0,4.0,3.0,askrel,quite,6m,med,maybe,maybe,2.0,2.0,3.0,2.0,420,symptoms,18-29
1011,m01012,2016-09-29,20,female,student,unmarried,Grad,156.0,42.0,hanoi,17.25838264,yes,<12mo,>24mo,request,yes,yes,yes,no,yes,yes ,no,no,yes,never,yes,yes,no,yes,yes,yes,allsoon,4.0,3.0,2.0,4.0,3.0,selfstudy,good,6m,med,yes,maybe,4.0,3.0,4.0,5.0,unknown,symptoms,18-29
1012,m01013,2016-09-29,20,female,student,unmarried,Grad,155.0,40.0,hanoi,16.64932362,yes,unknown,unknown,volunteer,no,no,no,no,no,yes ,no,no,no,never,yes,yes,yes,no,yes,no,later,4.0,4.0,4.0,3.0,3.0,clinic,unknown,g18m,med,maybe,maybe,4.0,3.5,3.0,3.0,unknown,symptoms,18-29
1013,m01014,2016-09-29,20,female,student,unmarried,Grad,160.0,47.0,hanoi,18.359375,yes,12-24mo,>24mo,volunteer,yes,yes,yes,yes,no,yes ,yes,yes,yes,never,never,yes,yes,yes,yes,no,allsoon,4.0,4.0,3.0,4.0,1.0,clinic,bad,12m,med,yes,maybe,5.0,2.0,4.0,1.0,unknown,symptoms,18-29
1014,m01015,2016-09-29,20,female,student,unmarried,Grad,152.0,45.0,hanoi,19.47714681,yes,unknown,unknown,request,yes,yes,yes,no,yes,yes ,yes,no,no,never,never,yes,yes,no,no,no,later,3.0,3.0,4.0,4.0,2.0,clinic,quite,12m,low,yes,yes,3.0,4.0,3.0,3.0,210,symptoms,18-29
1015,m01016,2016-09-29,21,female,student,unmarried,Grad,165.0,51.0,hanoi,18.73278237,yes,12-24mo,>24mo,disease_concern,yes,yes,no,no,no,yes ,no,no,no,yes,never,yes,yes,no,yes,no,later,2.0,3.0,5.0,3.0,3.0,askrel,quite,6m,med,yes,yes,3.0,2.0,2.0,1.0,unknown,symptoms,18-29
1016,m01017,2016-09-29,22,female,student,unmarried,Grad,155.0,50.0,haiphong,20.81165453,yes,12-24mo,>24mo,symptoms,yes,yes,no,yes,yes,yes ,yes,no,no,yes,never,yes,no,no,yes,yes,partly ,4.0,3.0,3.0,3.0,4.0,clinic,good,6m,low,maybe,maybe,3.0,2.0,3.0,1.0,420,symptoms,18-29
1017,m01018,2016-09-29,22,female,student,unmarried,Grad,159.0,48.0,haiduong,18.98659072,yes,12-24mo,unknown,symptoms,yes,yes,yes,no,yes,yes ,yes,no,no,yes,never,yes,no,no,no,no,later,2.0,2.0,3.0,3.0,2.0,askrel,quite,6m,med,yes,yes,3.0,2.0,1.0,1.0,unknown,symptoms,18-29
1018,m01019,2016-09-29,21,female,student,unmarried,Grad,157.0,49.0,thanhhoa,19.8791026,yes,12-24mo,<12mo,symptoms,yes,yes,no,yes,yes,no,no,yes,yes,yes,yes,no,no,no,yes,no,allsoon,3.0,3.0,4.0,3.0,3.0,askrel,quite,6m,med,yes,yes,4.0,3.0,2.0,2.0,unknown,symptoms,18-29
1019,m01020,2016-09-29,22,female,student,unmarried,Grad,159.0,52.0,hanam,20.56880661,yes,12-24mo,>24mo,symptoms,yes,yes,yes,no,yes,yes ,no,yes,no,never,yes,yes,no,no,no,no,allsoon,2.0,3.0,2.0,4.0,4.0,askrel,quite,6m,med,yes,yes,3.0,2.0,4.0,1.0,unknown,symptoms,18-29
1020,m01021,2016-09-29,22,male,student,unmarried,Grad,186.0,67.0,hanoi,19.36640074,yes,unknown,unknown,request,yes,yes,no,yes,no,yes ,yes,no,no,yes,never,yes,yes,no,no,yes,allsoon,2.0,2.0,3.0,3.0,4.0,clinic,good,6m,med,yes,yes,2.0,2.0,3.0,1.0,unknown,symptoms,18-29
1021,m01022,2016-09-29,20,female,student,unmarried,Grad,160.0,47.0,hanoi,18.359375,yes,unknown,unknown,symptoms,yes,yes,yes,no,yes,yes ,yes,no,no,never,yes,yes,no,no,yes,no,allsoon,2.0,2.0,3.0,3.0,4.0,selfstudy,quite,12m,med,yes,yes,3.0,2.0,3.0,1.0,420,symptoms,18-29
1022,m01023,2016-09-29,35,female,housewife,married,PostGrad,160.0,50.0,hanoi,19.53125,yes,12-24mo,<12mo,symptoms,yes,yes,no,no,yes,yes ,no,no,no,yes,never,yes,yes,yes,no,no,partly ,3.0,3.0,2.0,5.0,3.0,clinic,good,6m,med,yes,yes,4.0,3.0,2.0,2.0,420,symptoms,30-39
1023,m01024,2016-09-29,21,female,student,unmarried,Grad,155.0,50.0,hanoi,20.81165453,yes,>24mo,12-24mo,symptoms,yes,yes,no,yes,yes,yes ,yes,no,no,yes,never,yes,no,no,yes,no,partly ,4.0,3.0,3.0,4.0,4.0,clinic,good,6m,low,maybe,maybe,4.0,1.0,2.0,2.0,unknown,symptoms,18-29
1024,m01025,2016-09-29,20,female,student,unmarried,Grad,160.0,45.0,hanoi,17.578125,yes,12-24mo,>24mo,symptoms,yes,yes,yes,no,no,yes ,yes,no,no,yes,yes,yes,no,no,yes,no,allsoon,2.0,3.0,4.0,4.0,2.0,askrel,quite,12m,med,yes,yes,3.0,2.0,2.0,1.0,420,symptoms,18-29
1025,m01026,2016-09-29,20,female,student,unmarried,Grad,153.0,51.0,hanoi,21.78649237,yes,12-24mo,>24mo,symptoms,yes,yes,yes,no,no,yes ,no,no,no,yes,yes,yes,yes,no,no,no,partly ,3.0,3.0,4.0,3.0,1.0,askrel,good,6m,low,maybe,maybe,3.0,2.0,1.0,1.0,unknown,symptoms,18-29
1026,m01027,2016-09-29,22,female,student,unmarried,Grad,157.0,49.0,haiphong,19.8791026,yes,>24mo,unknown,symptoms,yes,yes,no,no,no,yes ,no,yes,yes,yes,never,yes,no,no,yes,yes,allsoon,4.0,4.0,3.0,3.0,2.0,clinic,quite,12m,low,yes,yes,3.0,2.0,1.0,1.0,unknown,symptoms,18-29
1027,m01028,2016-09-29,19,female,student,unmarried,Grad,153.0,47.0,hanoi,20.07774787,yes,>24mo,unknown,symptoms,yes,yes,yes,no,yes,yes ,no,no,yes,yes,yes,no,no,no,yes,no,allsoon,4.0,3.0,3.0,4.0,2.0,clinic,quite,6m,low,yes,yes,2.0,2.0,3.0,4.0,unknown,symptoms,18-29
1028,m01029,2016-09-29,21,female,student,unmarried,Grad,156.0,50.0,ninhbinh,20.54569362,yes,12-24mo,<12mo,symptoms,yes,yes,yes,no,no,yes ,yes,no,no,yes,yes,yes,no,no,yes,no,later,2.0,3.0,2.0,4.0,2.0,clinic,quite,6m,med,yes,yes,3.0,2.0,1.0,1.0,420,symptoms,18-29
1029,m01030,2016-09-29,23,female,student,unmarried,Grad,157.0,40.5,vinhphuc,16.43068684,yes,<12mo,<12mo,disease_concern,no,no,no,no,no,yes ,no,yes,yes,yes,never,no,yes,yes,yes,yes,allsoon,4.0,3.0,3.0,4.0,5.0,clinic,bad,6m,med,yes,yes,4.0,2.0,3.0,1.0,210,disease_concern,18-29
1030,m01031,2016-09-29,19,female,student,unmarried,Grad,165.0,46.0,hanoi,16.89623508,yes,12-24mo,>24mo,symptoms,yes,yes,no,yes,yes,yes ,no,no,yes,yes,never,yes,no,no,yes,yes,later,5.0,4.0,4.0,3.0,3.0,askrel,quite,6m,low,yes,yes,3.0,3.0,1.0,1.0,420,symptoms,18-29
1031,m01032,2016-09-29,21,female,student,unmarried,Grad,157.0,42.0,hanoi,17.0392308,yes,12-24mo,>24mo,disease_concern,yes,yes,yes,no,no,yes ,no,yes,yes,yes,yes,yes,no,no,yes,yes,allsoon,2.0,3.0,2.0,4.0,4.0,askrel,good,12m,med,yes,yes,4.0,3.0,2.0,2.0,unknown,symptoms,18-29
1032,m01033,2016-09-28,21,female,student,unmarried,Grad,158.0,42.0,quangninh,16.82422689,yes,>24mo,unknown,symptoms,yes,yes,yes,yes,no,yes ,no,no,no,never,never,yes,yes,no,no,no,allsoon,3.0,3.0,2.0,4.0,2.0,askrel,quite,12m,med,yes,maybe,4.0,4.0,4.0,4.0,60,symptoms,18-29
1033,m01034,2016-09-28,21,female,student,unmarried,Grad,156.0,48.0,hanoi,19.72386588,yes,12-24mo,<12mo,symptoms,yes,yes,yes,no,yes,yes ,yes,yes,no,yes,yes,yes,yes,no,yes,no,later,4.0,3.0,3.0,4.0,3.0,clinic,good,6m,low,maybe,maybe,2.0,1.0,2.0,3.0,unknown,symptoms,18-29
1034,m01035,2016-09-28,21,female,student,unmarried,Grad,156.0,46.0,hanoi,18.90203813,yes,12-24mo,12-24mo,disease_concern,yes,yes,no,no,yes,yes ,yes,no,no,yes,never,yes,no,no,yes,no,allsoon,2.0,3.0,2.0,4.0,4.0,clinic,good,6m,low,maybe,maybe,2.0,2.0,1.0,2.0,unknown,symptoms,18-29
1035,m01036,2016-09-28,21,female,student,unmarried,Grad,152.0,42.0,hanoi,18.17867036,yes,12-24mo,>24mo,symptoms,yes,yes,no,yes,no,yes ,yes,yes,no,never,yes,no,no,no,yes,no,allsoon,3.0,2.0,2.0,3.0,3.0,askrel,bad,12m,low,yes,yes,2.0,4.0,3.0,4.0,unknown,symptoms,18-29
1036,m01037,2016-09-28,22,female,student,unmarried,PostGrad,152.0,49.0,hanoi,21.20844875,yes,<12mo,12-24mo,request,no,no,no,yes,no,yes ,no,yes,yes,never,yes,yes,no,yes,yes,no,allsoon,1.0,3.0,4.0,5.0,2.0,selfstudy,bad,12m,hi,yes,yes,4.0,5.0,2.0,3.0,unknown,symptoms,18-29
1037,m01038,2016-09-28,21,female,student,unmarried,Grad,162.0,49.0,bacninh,18.67093431,yes,<12mo,unknown,symptoms,yes,yes,yes,yes,yes,yes ,yes,no,no,yes,never,yes,no,yes,yes,no,later,2.0,3.0,4.0,3.0,1.0,askrel,bad,18m,hi,maybe,maybe,3.0,2.0,3.0,2.0,150,symptoms,18-29
1038,m01039,2016-09-28,21,female,student,unmarried,Middle,155.0,48.0,hanoi,19.97918835,yes,12-24mo,>24mo,symptoms,no,no,no,no,yes,yes ,yes,yes,no,yes,yes,yes,yes,yes,yes,yes,allsoon,5.0,4.0,4.0,4.0,4.0,askrel,quite,6m,low,maybe,no,2.0,4.0,3.0,5.0,360,disease_concern,18-29
1039,m01040,2016-09-28,22,female,student,unmarried,Grad,165.0,48.0,ninhbinh,17.63085399,yes,12-24mo,unknown,symptoms,yes,yes,no,no,yes,yes ,no,no,no,never,never,yes,no,no,yes,no,allsoon,2.0,3.0,1.0,3.0,1.0,clinic,bad,6m,low,maybe,maybe,4.0,1.0,2.0,2.0,unknown,symptoms,18-29
1040,m01041,2016-09-28,21,female,student,unmarried,Grad,159.0,39.0,phutho,15.42660496,yes,<12mo,<12mo,volunteer,yes,no,no,no,yes,yes ,no,yes,yes,yes,yes,yes,yes,yes,yes,no,later,3.0,4.0,3.0,4.0,3.0,clinic,quite,6m,hi,maybe,yes,3.0,4.0,3.0,2.0,120,symptoms,18-29
1041,m01042,2016-09-28,20,male,student,unmarried,Grad,160.0,50.0,hanoi,19.53125,yes,unknown,unknown,disease_concern,yes,yes,yes,yes,yes,yes ,yes,yes,no,never,yes,yes,no,no,yes,no,allsoon,3.0,2.0,3.0,3.0,3.0,askrel,good,18m,low,maybe,yes,3.0,4.0,3.0,4.0,410,symptoms,18-29
1042,m01043,2016-09-28,23,male,stable,unmarried,PostGrad,165.0,49.0,thanhhoa,17.99816345,yes,12-24mo,12-24mo,symptoms,yes,yes,no,yes,yes,no,no,yes,no,never,yes,no,no,no,yes,yes,allsoon,4.0,3.0,3.0,4.0,2.0,askrel,quite,6m,med,maybe,maybe,4.0,3.0,2.0,2.0,130,symptoms,18-29
1043,m01044,2016-09-28,21,female,student,unmarried,Grad,158.0,47.0,hanoi,18.82711104,yes,unknown,unknown,disease_concern,yes,yes,yes,yes,yes,yes ,no,no,no,yes,yes,yes,no,yes,yes,no,partly ,2.0,3.0,1.0,3.0,2.0,askrel,quite,6m,low,yes,yes,2.0,1.0,4.0,3.0,unknown,symptoms,18-29
1044,m01045,2016-09-28,22,female,student,unmarried,Grad,163.0,48.0,hanoi,18.06616734,yes,>24mo,>24mo,request,yes,yes,no,yes,yes,yes ,no,yes,yes,never,never,yes,yes,yes,yes,yes,partly ,2.0,2.0,1.0,3.0,1.0,selfstudy,bad,6m,low,maybe,maybe,3.0,1.0,2.0,2.0,unknown,symptoms,18-29
1045,m01046,2016-09-28,22,female,student,unmarried,Grad,156.0,48.0,quangninh,19.72386588,yes,12-24mo,<12mo,disease_concern,yes,yes,yes,no,yes,yes ,no,no,no,yes,yes,yes,yes,yes,yes,no,partly ,5.0,4.0,2.0,5.0,3.0,clinic,good,6m,med,yes,yes,2.0,1.0,3.0,2.0,unknown,symptoms,18-29
1046,m01047,2016-09-28,25,female,housewife,married,Middle,160.0,47.0,hanoi,18.359375,yes,unknown,<12mo,request,no,no,yes,no,yes,yes ,yes,no,yes,yes,yes,yes,no,no,yes,no,allsoon,3.0,3.0,2.0,4.0,4.0,clinic,quite,6m,low,no,maybe,4.0,3.0,4.0,4.0,420,symptoms,18-29
1047,m01048,2016-09-28,23,female,stable,unmarried,Grad,158.0,45.0,hanoi,18.02595738,yes,unknown,<12mo,request,no,no,no,no,yes,yes ,yes,no,yes,yes,yes,yes,no,no,yes,no,allsoon,3.0,4.0,2.0,4.0,4.0,clinic,quite,6m,low,maybe,no,3.0,3.0,4.0,4.0,105,symptoms,18-29
1048,m01049,2016-09-29,22,female,student,unmarried,Grad,152.0,40.0,hanoi,17.31301939,yes,12-24mo,unknown,symptoms,yes,yes,no,yes,yes,yes ,no,yes,yes,never,yes,yes,no,no,yes,yes,allsoon,4.0,2.0,2.0,3.0,3.0,askrel,quite,6m,med,maybe,maybe,2.0,2.0,3.0,1.0,260,symptoms,18-29
1049,m01050,2016-09-29,21,female,student,unmarried,Grad,158.0,49.0,haiphong,19.6282647,yes,<12mo,12-24mo,symptoms,yes,yes,yes,no,no,yes ,yes,no,no,yes,yes,yes,no,no,yes,no,partly ,4.0,3.0,3.0,4.0,2.0,clinic,quite,6m,low,maybe,maybe,4.0,2.0,2.0,1.0,unknown,symptoms,18-29
1050,m01051,2016-09-29,22,female,student,married,Grad,158.0,47.0,quangninh,18.82711104,yes,12-24mo,>24mo,volunteer,yes,yes,yes,no,yes,yes ,no,yes,no,yes,yes,yes,no,no,yes,no,allsoon,3.0,3.0,2.0,4.0,3.0,clinic,quite,6m,low,yes,yes,4.0,2.0,2.0,1.0,420,symptoms,18-29
1051,m01052,2016-09-29,23,female,student,married,Middle,161.0,50.0,hanoi,19.28937927,yes,12-24mo,12-24mo,symptoms,yes,yes,yes,no,no,yes ,yes,no,no,yes,yes,no,no,no,yes,no,later,3.0,3.0,4.0,4.0,3.0,clinic,quite,12m,low,yes,yes,3.0,1.0,1.0,2.0,350,symptoms,18-29
1052,m01053,2016-09-26,22,female,student,unmarried,Middle,157.0,46.0,hanoi,18.66201469,yes,12-24mo,unknown,symptoms,yes,yes,yes,no,no,yes ,no,no,yes,never,yes,no,no,no,yes,no,partly ,2.0,2.0,3.0,4.0,2.0,askrel,quite,6m,med,maybe,maybe,2.0,3.0,2.0,2.0,unknown,symptoms,18-29
1053,m01054,2016-09-29,20,female,student,unmarried,Grad,158.0,45.0,hanoi,18.02595738,no,<12mo,>24mo,symptoms,yes,yes,no,yes,yes,yes ,no,no,no,never,never,no,yes,no,no,no,allsoon,2.0,1.0,2.0,1.0,2.0,askrel,quite,12m,low,maybe,maybe,2.0,2.0,2.0,2.0,200,symptoms,18-29
1054,m01055,2016-09-29,22,female,student,unmarried,Grad,159.0,47.0,hanoi,18.59103675,yes,<12mo,<12mo,request,yes,yes,no,yes,no,yes ,no,yes,yes,yes,never,yes,yes,yes,yes,no,partly ,5.0,3.0,4.0,2.0,3.0,askrel,quite,12m,med,maybe,no,5.0,3.0,4.0,3.0,210,disease_concern,18-29
1055,m01056,2016-09-29,23,male,student,unmarried,Grad,160.0,50.0,hue,19.53125,yes,unknown,unknown,symptoms,yes,yes,no,no,yes,yes ,yes,no,no,never,yes,yes,yes,no,no,no,allsoon,2.0,3.0,3.0,2.0,4.0,askrel,good,6m,low,yes,yes,3.0,3.0,2.0,1.0,420,symptoms,18-29
1056,m01057,2016-09-26,21,male,student,unmarried,Grad,170.0,62.0,hanoi,21.4532872,yes,12-24mo,unknown,symptoms,yes,yes,yes,no,yes,yes ,no,no,yes,yes,yes,no,no,no,yes,yes,partly ,3.0,2.0,3.0,4.0,1.0,askrel,quite,12m,low,yes,yes,3.0,2.0,1.0,1.0,600,symptoms,18-29
1057,m01058,2016-09-24,21,male,student,unmarried,Grad,168.0,60.0,hungyen,21.2585034,yes,<12mo,unknown,request,no,no,yes,no,yes,yes ,no,no,yes,never,never,yes,no,no,yes,yes,allsoon,4.0,3.0,4.0,5.0,4.0,clinic,unknown,12m,low,yes,yes,3.0,2.0,4.0,3.0,700,disease_concern,18-29
1058,m01059,2016-09-23,21,female,student,unmarried,Grad,165.0,50.0,hungyen,18.36547291,yes,12-24mo,12-24mo,symptoms,no,yes,no,no,no,yes ,no,yes,no,never,yes,yes,no,yes,yes,yes,allsoon,3.0,4.0,5.0,5.0,4.0,askrel,quite,6m,med,maybe,maybe,4.0,3.0,4.0,2.0,75,symptoms,18-29
1059,m01060,2016-09-23,26,male,stable,unmarried,Middle,175.0,72.0,hungyen,23.51020408,no,<12mo,12-24mo,disease_concern,yes,no,no,yes,yes,yes ,no,no,yes,yes,never,yes,yes,yes,yes,yes,allsoon,4.0,2.0,3.0,4.0,5.0,askrel,quite,12m,low,maybe,maybe,2.0,4.0,5.0,3.0,70,symptoms,18-29
1060,m01061,2016-09-28,21,female,student,unmarried,Grad,156.0,51.0,hanoi,20.9566075,yes,unknown,unknown,request,no,yes,no,no,no,yes ,no,yes,no,never,yes,yes,no,no,no,yes,partly ,2.0,2.0,2.0,2.0,1.0,clinic,quite,12m,low,maybe,yes,3.0,2.0,2.0,3.0,unknown,symptoms,18-29
1061,m01062,2016-09-26,19,female,student,unmarried,Grad,162.0,48.0,hanoi,18.28989483,yes,<12mo,12-24mo,symptoms,yes,yes,yes,no,no,yes ,yes,no,no,never,yes,yes,no,yes,no,no,allsoon,4.0,4.0,3.0,3.0,4.0,clinic,quite,6m,low,yes,yes,3.0,3.0,4.0,2.0,unknown,symptoms,18-29
1062,m01063,2016-09-26,19,female,student,unmarried,Grad,155.0,43.0,hanoi,17.89802289,yes,<12mo,>24mo,symptoms,yes,yes,yes,no,no,yes ,yes,no,no,yes,yes,yes,no,no,yes,no,later,5.0,3.0,3.0,4.0,4.0,clinic,quite,6m,med,yes,yes,3.0,2.0,3.0,1.0,unknown,symptoms,18-29
1063,m01064,2016-09-26,18,female,student,unmarried,Grad,160.0,42.0,namdinh,16.40625,yes,12-24mo,>24mo,symptoms,yes,yes,yes,no,yes,yes ,yes,no,yes,never,yes,yes,no,no,yes,yes,partly ,5.0,2.0,2.0,3.0,3.0,askrel,quite,6m,low,maybe,maybe,4.0,3.0,3.0,2.0,420,symptoms,18-29
1064,m01065,2016-09-23,47,male,stable,married,High,170.0,59.0,hungyen,20.41522491,yes,12-24mo,12-24mo,symptoms,no,yes,no,no,no,yes ,no,yes,no,never,yes,yes,yes,yes,no,yes,allsoon,3.0,4.0,5.0,5.0,4.0,askrel,quite,6m,med,maybe,maybe,4.0,3.0,4.0,2.0,75,symptoms,40-49
1065,m01066,2016-09-29,19,female,student,unmarried,Middle,170.0,52.0,hungyen,17.99307958,yes,unknown,unknown,symptoms,no,yes,yes,no,no,yes ,no,no,no,never,yes,yes,no,yes,no,yes,partly ,2.0,2.0,3.0,3.0,2.0,askrel,good,12m,low,no,yes,3.0,2.0,4.0,3.0,350,symptoms,18-29
1066,m01067,2016-09-29,17,female,student,unmarried,Middle,158.0,48.5,hungyen,19.42797629,yes,unknown,unknown,symptoms,yes,yes,no,yes,no,yes ,no,yes,no,yes,yes,yes,no,no,yes,yes,allsoon,2.0,5.0,5.0,4.0,1.0,askrel,quite,6m,med,yes,yes,3.0,4.0,2.0,3.0,315,symptoms,<18
1067,m01068,2016-09-29,17,female,student,unmarried,Middle,162.0,50.0,hungyen,19.05197378,yes,<12mo,unknown,symptoms,yes,yes,no,no,yes,yes ,no,no,no,yes,yes,no,yes,yes,no,yes,partly ,2.0,2.0,4.0,3.0,1.0,clinic,good,6m,med,yes,maybe,3.0,1.0,2.0,3.0,unknown,symptoms,<18
1068,m01069,2016-09-29,17,female,student,unmarried,Middle,163.0,46.0,hungyen,17.31341037,yes,unknown,unknown,volunteer,yes,yes,yes,yes,no,yes ,no,yes,no,yes,yes,yes,no,no,yes,yes,allsoon,2.0,1.0,1.0,4.0,5.0,askrel,quite,6m,med,yes,maybe,3.0,3.0,2.0,3.0,315,disease_concern,<18
1069,m01070,2016-09-29,17,female,student,unmarried,Middle,155.0,47.0,hungyen,19.56295525,yes,unknown,unknown,request,no,yes,yes,no,yes,yes ,yes,no,yes,never,yes,no,yes,yes,no,no,partly ,3.0,2.0,4.0,5.0,1.0,clinic,good,6m,med,yes,no,3.0,4.0,4.0,1.0,unknown,symptoms,<18
1070,m01071,2016-09-29,17,female,student,unmarried,Middle,153.0,45.0,hungyen,19.22337562,yes,unknown,unknown,disease_concern,yes,yes,no,no,yes,yes ,no,no,yes,never,yes,yes,yes,no,no,no,allsoon,3.0,3.0,4.0,2.0,1.0,clinic,unknown,6m,low,yes,yes,2.0,2.0,3.0,2.0,unknown,symptoms,<18
1071,m01072,2016-09-29,17,female,student,unmarried,Middle,160.0,50.0,hungyen,19.53125,yes,unknown,unknown,request,yes,yes,no,no,yes,yes ,no,no,yes,never,yes,yes,no,no,no,yes,partly ,2.0,2.0,4.0,3.0,1.0,clinic,good,6m,low,no,yes,3.0,1.0,2.0,3.0,unknown,symptoms,<18
1072,m01073,2016-09-28,24,female,student,unmarried,Grad,160.0,51.0,namdinh,19.921875,yes,<12mo,unknown,disease_concern,yes,yes,yes,yes,yes,yes ,no,yes,no,yes,yes,no,no,yes,yes,no,allsoon,3.0,5.0,2.0,1.0,4.0,selfstudy,bad,12m,med,no,maybe,1.0,3.0,2.0,4.0,350,disease_concern,18-29
1073,m01074,2016-09-28,21,female,student,unmarried,Grad,153.0,46.0,hanoi,19.65056175,yes,unknown,unknown,volunteer,no,no,no,no,no,yes ,yes,no,yes,never,yes,yes,no,no,yes,yes,allsoon,4.0,3.0,4.0,5.0,3.0,askrel,unknown,g18m,low,maybe,maybe,3.0,4.0,5.0,4.0,unknown,symptoms,18-29
1074,m01075,2016-09-29,22,female,student,unmarried,Grad,158.0,50.0,hanoi,20.02884153,yes,unknown,unknown,symptoms,yes,yes,yes,yes,yes,yes ,no,no,no,never,yes,yes,yes,no,yes,yes,allsoon,5.0,4.0,3.0,4.0,2.0,clinic,quite,6m,med,yes,yes,5.0,3.0,5.0,3.0,unknown,symptoms,18-29
1075,m01076,2016-09-28,22,female,student,unmarried,Grad,167.0,51.0,hanoi,18.28677973,yes,unknown,>24mo,symptoms,yes,yes,no,yes,yes,yes ,yes,no,no,never,yes,yes,no,no,yes,no,partly ,3.0,2.0,1.0,4.0,1.0,selfstudy,quite,12m,low,yes,yes,5.0,1.0,4.0,3.0,unknown,disease_concern,18-29
1076,m01077,2016-09-28,23,female,student,unmarried,Grad,161.0,52.0,hanoi,20.06095444,yes,12-24mo,12-24mo,symptoms,yes,yes,yes,yes,yes,yes ,no,no,yes,never,yes,yes,no,yes,yes,yes,allsoon,3.0,4.0,3.0,4.0,3.0,askrel,bad,12m,low,maybe,maybe,4.0,3.0,3.0,3.0,200,disease_concern,18-29
1077,m01078,2016-09-29,21,female,student,unmarried,Grad,160.0,50.0,hanoi,19.53125,yes,12-24mo,>24mo,symptoms,yes,yes,no,no,yes,no,no,yes,yes,never,yes,yes,no,no,yes,no,partly ,3.0,2.0,5.0,1.0,1.0,askrel,bad,12m,med,yes,maybe,1.0,3.0,1.0,4.0,unknown,disease_concern,18-29
1078,m01079,2016-09-28,21,female,student,unmarried,Grad,158.0,50.0,hanoi,20.02884153,yes,unknown,unknown,symptoms,yes,no,no,yes,yes,yes ,no,no,no,never,never,yes,no,no,yes,yes,later,3.0,4.0,3.0,5.0,4.0,clinic,quite,g18m,med,maybe,maybe,4.0,3.0,5.0,2.0,unknown,symptoms,18-29
1079,m01080,2016-09-28,21,female,student,unmarried,Grad,165.0,47.0,hanoi,17.26354454,yes,unknown,unknown,volunteer,yes,no,yes,yes,yes,yes ,yes,no,no,never,yes,yes,yes,no,no,no,partly ,4.0,5.0,4.0,5.0,5.0,askrel,quite,6m,low,maybe,maybe,3.0,4.0,2.0,3.0,unknown,symptoms,18-29
1080,m01081,2016-09-29,18,male,student,unmarried,Grad,171.0,55.0,hungyen,18.80920625,yes,unknown,<12mo,volunteer,no,yes,yes,yes,no,yes ,no,no,no,never,yes,yes,no,no,yes,yes,partly ,2.0,4.0,3.0,5.0,1.0,clinic,quite,12m,hi,maybe,maybe,2.0,1.0,3.0,1.0,200,disease_concern,18-29
1081,m01082,2016-09-29,17,female,student,unmarried,Middle,160.0,49.0,hungyen,19.140625,yes,12-24mo,<12mo,disease_concern,yes,yes,no,yes,no,yes ,no,yes,yes,yes,never,yes,yes,no,yes,yes,later,2.0,3.0,1.0,3.0,4.0,clinic,quite,6m,low,maybe,maybe,4.0,1.0,2.0,2.0,360,symptoms,<18
1082,m01083,2016-09-29,17,female,student,unmarried,Middle,156.0,48.0,hungyen,19.72386588,yes,>24mo,12-24mo,volunteer,no,yes,yes,no,no,yes ,no,no,no,never,yes,yes,no,yes,no,yes,partly ,2.0,2.0,3.0,3.0,1.0,askrel,quite,12m,med,yes,maybe,3.0,2.0,4.0,3.0,360,symptoms,<18
1083,m01084,2016-09-28,21,female,student,unmarried,Grad,160.0,47.0,hanoi,18.359375,yes,>24mo,unknown,symptoms,yes,yes,yes,no,yes,yes ,yes,no,yes,yes,never,yes,yes,no,yes,yes,partly ,3.0,2.0,5.0,4.0,1.0,askrel,good,18m,low,maybe,no,1.0,5.0,3.0,2.0,360,disease_concern,18-29
1084,m01085,2016-09-28,22,female,student,unmarried,Grad,150.0,44.0,hanoi,19.55555556,yes,>24mo,>24mo,symptoms,no,yes,no,yes,no,yes ,no,no,no,yes,yes,no,yes,no,yes,no,partly ,2.0,2.0,2.0,2.0,2.0,askrel,bad,6m,low,yes,yes,1.0,1.0,1.0,3.0,180,symptoms,18-29
1085,m01086,2016-09-28,21,female,student,unmarried,Grad,165.0,48.0,hanoi,17.63085399,yes,12-24mo,<12mo,symptoms,yes,yes,yes,no,yes,yes ,no,yes,yes,never,yes,yes,no,no,no,yes,allsoon,2.0,2.0,5.0,4.0,4.0,clinic,quite,6m,low,yes,yes,2.0,3.0,2.0,1.0,350,disease_concern,18-29
1086,m01087,2016-09-28,21,female,student,married,Grad,155.0,46.0,vinhphuc,19.14672216,yes,<12mo,12-24mo,symptoms,no,no,no,no,yes,yes ,no,yes,yes,never,never,yes,yes,yes,yes,no,allsoon,3.0,4.0,3.0,4.0,3.0,clinic,good,6m,low,maybe,maybe,2.0,2.0,3.0,2.0,180,disease_concern,18-29
1087,m01088,2016-09-24,73,female,retirer,married,High,154.0,53.0,hungyen,22.34778209,yes,<12mo,<12mo,symptoms,yes,yes,no,yes,yes,yes ,yes,no,yes,yes,yes,yes,yes,no,yes,no,later,3.0,3.0,4.0,4.0,3.0,clinic,quite,6m,low,no,no,2.0,1.0,3.0,2.0,320,symptoms,>=50
1088,m01089,2016-09-23,39,male,stable,married,High,163.0,61.0,hungyen,22.95908766,yes,12-24mo,12-24mo,volunteer,yes,yes,no,no,yes,yes ,no,no,yes,yes,yes,yes,yes,yes,no,yes,later,4.0,3.0,2.0,3.0,4.0,askrel,quite,12m,low,maybe,maybe,3.0,3.0,2.0,4.0,unknown,symptoms,30-39
1089,m01090,2016-09-23,21,male,student,unmarried,Grad,170.0,59.0,hungyen,20.41522491,no,12-24mo,12-24mo,symptoms,no,yes,no,no,no,yes ,yes,no,yes,never,never,yes,no,no,yes,yes,later,3.0,3.0,2.0,4.0,3.0,askrel,good,12m,low,maybe,yes,2.0,3.0,3.0,2.0,350,symptoms,18-29
1090,m01091,2016-09-23,21,male,student,unmarried,Grad,169.0,65.0,namdinh,22.75830678,yes,<12mo,12-24mo,symptoms,no,yes,yes,no,yes,yes ,no,yes,yes,never,never,yes,no,no,yes,no,allsoon,2.0,2.0,2.5,3.0,3.5,clinic,quite,12m,med,yes,maybe,2.0,4.0,5.0,4.0,70,disease_concern,18-29
1091,m01092,2016-09-23,26,male,unstable,married,Middle,173.0,68.0,hungyen,22.72043837,no,<12mo,>24mo,disease_concern,yes,no,no,no,yes,yes ,no,no,yes,never,yes,yes,yes,yes,yes,yes,partly ,3.0,5.0,4.0,3.0,2.0,askrel,bad,12m,med,yes,maybe,4.0,5.0,3.0,2.0,74,disease_concern,18-29
1092,m01093,2016-09-23,21,male,student,unmarried,Grad,178.0,72.0,hungyen,22.72440348,yes,<12mo,unknown,volunteer,yes,yes,no,no,no,yes ,yes,yes,yes,never,never,yes,no,no,yes,yes,partly ,4.0,2.0,2.0,3.0,2.0,clinic,good,6m,low,yes,yes,4.0,3.0,2.0,2.0,420,symptoms,18-29
1093,m01094,2016-09-23,45,female,housewife,married,Middle,158.0,57.0,hungyen,22.83287935,no,12-24mo,12-24mo,disease_concern,yes,yes,yes,no,no,yes ,yes,no,no,yes,yes,yes,no,no,yes,no,partly ,4.0,3.0,2.0,5.0,2.0,clinic,quite,12m,med,maybe,maybe,4.0,2.0,2.0,3.0,210,disease_concern,40-49
1094,m01095,2016-09-24,39,female,housewife,married,High,155.0,50.0,hungyen,20.81165453,yes,12-24mo,12-24mo,symptoms,yes,yes,no,no,yes,yes ,yes,no,yes,yes,yes,yes,yes,no,yes,yes,partly ,4.0,3.0,2.0,3.0,4.0,clinic,quite,12m,low,maybe,maybe,2.0,3.0,2.0,1.0,300,symptoms,30-39
1095,m01096,2016-09-24,44,male,stable,married,High,159.0,64.0,hungyen,25.31545429,yes,12-24mo,12-24mo,symptoms,yes,yes,no,no,yes,yes ,yes,no,no,yes,yes,no,yes,yes,no,yes,allsoon,4.0,3.0,4.0,2.0,4.0,clinic,quite,6m,med,maybe,maybe,2.0,2.0,3.0,2.0,350,disease_concern,40-49
1096,m01097,2016-09-23,60,female,housewife,married,High,140.0,45.0,hungyen,22.95918367,yes,>24mo,>24mo,symptoms,yes,yes,yes,no,yes,yes ,no,no,no,never,yes,yes,no,no,yes,no,partly ,4.0,3.0,3.0,4.0,2.0,askrel,unknown,12m,low,no,maybe,4.0,3.0,2.0,5.0,70,disease_concern,>=50
1097,m01098,2016-09-24,21,female,student,unmarried,Grad,150.0,42.0,hungyen,18.66666667,yes,<12mo,<12mo,symptoms,yes,yes,yes,no,yes,yes ,no,no,no,never,yes,yes,no,yes,yes,yes,allsoon,3.0,2.0,4.0,4.0,3.0,selfstudy,good,6m,low,yes,yes,3.0,4.0,2.0,2.0,unknown,disease_concern,18-29
1098,m01099,2016-09-24,20,male,student,unmarried,Grad,172.0,56.0,hanoi,18.92915089,no,unknown,unknown,symptoms,yes,yes,yes,yes,yes,yes ,no,no,no,never,never,yes,yes,yes,yes,yes,later,3.0,3.0,1.0,4.0,3.0,selfstudy,good,12m,low,yes,maybe,3.0,1.0,1.0,2.0,210,symptoms,18-29
1099,m01100,2016-09-24,26,male,student,unmarried,Grad,180.0,68.0,hungyen,20.98765432,yes,>24mo,>24mo,symptoms,yes,yes,no,yes,yes,yes ,yes,no,yes,yes,yes,no,no,no,yes,no,allsoon,5.0,2.0,2.0,3.0,3.0,selfstudy,quite,6m,low,yes,maybe,3.0,2.0,3.0,4.0,unknown,symptoms,18-29
1100,m01101,2016-09-26,25,female,student,unmarried,Grad,160.0,50.0,hoabinh,19.53125,yes,<12mo,12-24mo,request,yes,yes,yes,no,yes,yes ,yes,yes,no,never,never,yes,no,no,yes,no,partly ,5.0,3.0,3.0,5.0,2.0,clinic,quite,6m,med,yes,yes,4.0,2.0,2.0,2.0,unknown,symptoms,18-29
1101,m01102,2016-09-28,23,female,student,unmarried,Grad,153.0,47.0,haiphong,20.07774787,yes,<12mo,unknown,disease_concern,yes,no,yes,no,yes,yes ,no,yes,no,yes,yes,yes,yes,no,yes,yes,partly ,4.0,4.0,3.0,4.0,4.0,askrel,good,12m,low,maybe,maybe,4.0,3.0,4.0,4.0,300,disease_concern,18-29
1102,m01103,2016-09-28,21,female,student,unmarried,Grad,150.0,55.0,hanoi,24.44444444,yes,<12mo,<12mo,symptoms,yes,yes,yes,no,no,yes ,no,yes,yes,never,never,yes,yes,yes,yes,yes,allsoon,3.0,3.0,4.0,4.0,4.0,askrel,good,6m,med,yes,yes,2.0,2.0,3.0,2.0,420,symptoms,18-29
1103,m01104,2016-09-28,22,female,student,unmarried,Grad,168.0,55.0,hanoi,19.48696145,yes,<12mo,<12mo,request,yes,no,no,no,yes,yes ,yes,no,yes,never,never,yes,yes,yes,no,no,allsoon,4.0,2.0,1.0,3.0,1.0,askrel,quite,6m,low,maybe,maybe,4.0,2.0,3.0,1.0,unknown,symptoms,18-29
1104,m01105,2016-09-28,22,female,student,unmarried,Grad,156.0,48.0,bacgiang,19.72386588,yes,unknown,unknown,volunteer,yes,yes,no,no,yes,yes ,no,yes,yes,never,yes,yes,yes,yes,yes,yes,later,2.0,3.0,3.0,4.0,3.0,selfstudy,quite,6m,med,maybe,maybe,4.0,1.0,2.0,1.0,300,disease_concern,18-29
1105,m01106,2016-09-28,23,female,student,unmarried,PostGrad,145.0,45.0,hanoi,21.40309156,yes,>24mo,unknown,request,yes,yes,yes,no,yes,yes ,no,no,no,yes,yes,no,yes,no,yes,yes,allsoon,4.0,3.0,1.0,5.0,2.0,clinic,unknown,6m,low,maybe,yes,2.0,2.0,3.0,1.0,unknown,symptoms,18-29
1106,m01107,2016-09-28,21,female,student,unmarried,Grad,157.0,48.0,hanoi,19.47340663,yes,<12mo,12-24mo,symptoms,yes,yes,yes,no,yes,yes ,no,no,no,yes,yes,yes,no,no,yes,no,later,4.0,4.0,3.0,4.0,2.0,clinic,quite,6m,low,yes,yes,4.0,2.0,3.0,1.0,350,symptoms,18-29
1107,m01108,2016-09-28,21,female,student,unmarried,Grad,159.0,46.0,hanoi,18.19548277,yes,unknown,<12mo,symptoms,yes,yes,no,no,yes,yes ,yes,yes,no,yes,yes,yes,yes,no,yes,no,later,2.0,3.0,2.0,3.0,3.0,askrel,quite,6m,med,maybe,maybe,3.0,4.0,2.0,3.0,245,disease_concern,18-29
1108,m01109,2016-09-28,22,female,student,unmarried,Grad,155.0,47.0,hanoi,19.56295525,yes,unknown,unknown,symptoms,yes,yes,no,no,no,yes ,no,no,yes,never,yes,yes,yes,no,yes,no,later,1.0,2.0,1.0,3.0,1.0,selfstudy,quite,18m,hi,maybe,maybe,2.0,1.0,2.0,1.0,unknown,symptoms,18-29
1109,m01110,2016-09-26,20,male,student,unmarried,Grad,173.0,62.0,hanoi,20.71569381,yes,unknown,unknown,volunteer,no,no,no,no,yes,yes ,no,no,no,never,never,yes,yes,yes,yes,yes,later,4.0,4.0,3.0,4.0,3.0,askrel,good,g18m,low,maybe,maybe,5.0,4.0,3.0,5.0,270,symptoms,18-29
1110,m01111,2016-09-28,21,female,student,unmarried,Grad,150.0,48.0,namdinh,21.33333333,yes,<12mo,unknown,symptoms,yes,yes,no,no,no,yes ,no,no,yes,never,never,yes,no,no,yes,yes,allsoon,3.0,3.0,5.0,3.0,3.0,clinic,quite,6m,low,yes,yes,3.0,3.0,3.0,3.0,unknown,symptoms,18-29
1111,m01112,2016-09-28,21,male,student,unmarried,Grad,154.0,44.0,hanoi,18.5528757,yes,12-24mo,>24mo,disease_concern,no,yes,yes,no,yes,yes ,yes,yes,yes,never,yes,yes,yes,yes,yes,no,allsoon,3.0,5.0,3.0,5.0,3.0,clinic,bad,6m,low,yes,yes,3.0,4.0,3.0,2.0,unknown,symptoms,18-29
1112,m01113,2016-09-28,21,female,student,unmarried,Grad,150.0,44.0,hanoi,19.55555556,yes,unknown,unknown,request,yes,yes,no,yes,yes,yes ,yes,no,yes,yes,yes,no,yes,yes,yes,no,allsoon,4.0,1.0,1.0,3.0,2.0,askrel,good,6m,hi,no,no,4.0,2.0,1.0,5.0,unknown,disease_concern,18-29
1113,m01114,2016-09-29,22,female,student,unmarried,Grad,154.0,52.0,hanoi,21.92612582,yes,unknown,>24mo,volunteer,yes,yes,no,yes,yes,yes ,no,no,no,never,yes,yes,yes,yes,yes,yes,allsoon,4.0,3.0,3.0,3.0,3.0,selfstudy,bad,g18m,low,yes,maybe,3.0,2.0,2.0,3.0,840,disease_concern,18-29
1114,m01115,2016-09-29,23,female,unstable,unmarried,Grad,165.0,52.0,thainguyen,19.10009183,yes,unknown,>24mo,volunteer,yes,yes,no,yes,yes,yes ,no,no,no,never,yes,yes,yes,yes,yes,yes,allsoon,4.0,3.0,3.0,3.0,3.0,selfstudy,bad,g18m,low,yes,maybe,3.0,2.0,2.0,3.0,840,disease_concern,18-29
1115,m01116,2016-09-26,17,female,student,unmarried,Grad,160.0,45.0,phutho,17.578125,yes,12-24mo,unknown,symptoms,yes,yes,yes,no,yes,yes ,yes,no,no,never,yes,yes,no,no,yes,no,later,5.0,3.0,3.0,4.0,4.0,askrel,good,12m,med,maybe,maybe,3.0,3.0,2.0,2.0,unknown,symptoms,<18
1116,m01117,2016-09-26,19,female,student,unmarried,Grad,158.0,49.0,hanoi,19.6282647,yes,12-24mo,>24mo,disease_concern,yes,yes,yes,no,no,yes ,yes,no,no,yes,never,yes,no,no,no,no,allsoon,5.0,4.0,3.0,3.0,2.0,clinic,quite,6m,low,yes,yes,4.0,3.0,1.0,1.0,unknown,symptoms,18-29
1117,m01118,2016-09-26,24,female,student,unmarried,Grad,155.0,46.0,hanoi,19.14672216,yes,12-24mo,>24mo,symptoms,yes,yes,yes,no,no,yes ,yes,no,yes,never,yes,yes,no,no,yes,yes,allsoon,4.0,4.0,3.0,3.0,4.0,clinic,good,6m,low,maybe,maybe,4.0,3.0,2.0,2.0,unknown,symptoms,18-29
1118,m01119,2016-09-28,23,female,student,unmarried,Grad,160.0,49.0,hanam,19.140625,yes,unknown,unknown,symptoms,yes,yes,yes,yes,yes,yes ,yes,yes,no,never,yes,no,no,no,yes,no,allsoon,1.0,2.0,2.0,4.0,1.0,askrel,bad,6m,low,maybe,maybe,3.0,2.0,2.0,4.0,70,symptoms,18-29
1119,m01120,2016-09-28,22,female,student,unmarried,Grad,154.0,44.0,hanoi,18.5528757,yes,<12mo,12-24mo,symptoms,yes,yes,no,no,yes,yes ,yes,yes,yes,yes,never,yes,no,no,yes,yes,allsoon,1.0,2.0,2.0,4.0,1.0,askrel,bad,6m,low,maybe,maybe,2.0,2.0,3.0,3.0,420,symptoms,18-29
1120,m01121,2016-09-26,20,male,student,unmarried,Grad,175.0,61.0,hanoi,19.91836735,yes,unknown,unknown,volunteer,yes,no,no,yes,no,yes ,no,no,no,never,never,yes,yes,no,yes,yes,later,5.0,4.0,3.0,3.0,5.0,selfstudy,good,g18m,low,maybe,maybe,5.0,3.0,3.0,5.0,420,symptoms,18-29
1121,m01122,2016-09-23,21,male,student,unmarried,Grad,174.0,61.0,hungyen,20.14797199,yes,<12mo,unknown,request,yes,yes,no,no,no,yes ,yes,yes,yes,never,never,yes,no,no,no,yes,allsoon,4.0,3.0,3.0,4.0,2.0,selfstudy,good,6m,low,yes,yes,2.0,3.0,2.0,3.0,420,symptoms,18-29
1122,m01123,2016-09-24,21,male,other,unmarried,Middle,169.0,59.0,hungyen,20.65754,yes,<12mo,12-24mo,volunteer,no,yes,yes,yes,no,yes ,yes,yes,yes,never,yes,yes,no,yes,yes,yes,allsoon,2.0,4.0,3.0,4.0,5.0,clinic,quite,6m,low,maybe,maybe,2.0,3.0,4.0,4.0,72,disease_concern,18-29
1123,m01124,2016-09-26,18,female,student,unmarried,Grad,142.0,46.0,hanoi,22.81293394,yes,>24mo,>24mo,request,yes,yes,yes,yes,no,yes ,no,yes,no,never,yes,no,no,no,yes,no,partly ,4.0,4.0,3.0,4.0,2.0,clinic,good,12m,low,yes,yes,3.0,2.0,1.0,2.0,420,symptoms,18-29
1124,m01125,2016-09-27,22,male,student,unmarried,Middle,172.0,50.0,hanoi,16.90102758,yes,unknown,unknown,symptoms,yes,yes,no,yes,yes,no,no,no,yes,yes,never,no,no,no,yes,yes,later,4.0,4.0,4.0,3.5,4.0,askrel,quite,g18m,hi,maybe,maybe,4.0,4.0,4.0,4.0,unknown,symptoms,18-29
1125,m01126,2016-09-27,20,female,student,unmarried,Grad,163.0,50.0,hanoi,18.81892431,yes,unknown,unknown,volunteer,yes,yes,yes,yes,yes,yes ,yes,yes,yes,never,never,no,yes,yes,yes,yes,later,1.0,1.0,1.0,1.0,1.0,selfstudy,unknown,g18m,hi,maybe,maybe,5.0,5.0,5.0,5.0,unknown,symptoms,18-29
1126,m01127,2016-09-27,22,female,student,unmarried,Grad,188.0,60.0,hoabinh,16.97600724,yes,unknown,unknown,disease_concern,no,yes,yes,no,no,yes ,yes,no,no,yes,never,yes,yes,yes,yes,no,allsoon,5.0,4.5,4.0,3.5,3.0,askrel,good,12m,med,maybe,no,5.0,4.5,3.0,4.0,unknown,symptoms,18-29
1127,m01128,2016-09-29,24,female,stable,married,Grad,160.0,55.0,bacninh,21.484375,yes,<12mo,<12mo,volunteer,yes,no,no,no,no,yes ,no,no,no,yes,never,no,no,yes,no,no,allsoon,4.0,4.0,3.0,3.0,2.0,askrel,quite,12m,hi,maybe,maybe,3.0,2.0,2.0,1.0,210,symptoms,18-29
1128,m01129,2016-09-29,29,female,stable,married,PostGrad,149.0,55.0,hungyen,24.77365884,yes,<12mo,<12mo,symptoms,yes,yes,no,yes,no,yes ,no,no,yes,yes,yes,yes,yes,yes,yes,yes,allsoon,4.0,4.0,3.0,5.0,4.0,selfstudy,good,12m,low,yes,maybe,3.0,3.0,3.0,2.0,100,symptoms,18-29
1129,m01130,2016-09-28,44,male,stable,married,High,167.0,60.0,hanoi,21.51385851,yes,<12mo,<12mo,disease_concern,yes,yes,yes,no,no,yes ,yes,no,yes,yes,yes,yes,yes,no,yes,yes,later,5.0,5.0,3.0,4.0,3.0,clinic,good,12m,low,no,no,2.0,2.0,3.0,1.0,420,symptoms,40-49
1130,m01131,2016-09-29,23,male,student,married,Grad,174.0,65.0,hungyen,21.46915048,yes,unknown,unknown,symptoms,yes,yes,no,yes,no,yes ,no,yes,yes,never,never,yes,yes,yes,no,yes,allsoon,4.0,4.0,2.0,3.0,2.0,askrel,quite,12m,low,maybe,maybe,4.0,3.0,3.0,2.0,100,symptoms,18-29
1131,m01132,2016-09-29,23,female,stable,married,Grad,158.0,65.0,hungyen,26.03749399,yes,<12mo,<12mo,request,yes,yes,no,yes,yes,yes ,no,yes,yes,never,yes,yes,yes,yes,yes,yes,allsoon,4.0,3.0,2.0,3.0,3.0,askrel,quite,12m,low,maybe,maybe,3.0,3.0,2.0,1.0,35,disease_concern,18-29
1132,m01133,2016-09-29,27,female,unstable,unmarried,Grad,150.0,44.0,haiduong,19.55555556,yes,unknown,unknown,symptoms,yes,yes,no,no,yes,yes ,no,no,no,never,yes,yes,yes,no,no,yes,allsoon,4.0,3.0,3.0,3.0,3.0,selfstudy,quite,12m,low,yes,maybe,2.0,3.0,2.0,3.0,420,symptoms,18-29
1133,m01134,2016-09-28,22,female,student,unmarried,Grad,160.0,45.0,hanoi,17.578125,yes,<12mo,unknown,symptoms,yes,yes,yes,yes,no,yes ,no,no,no,never,never,yes,yes,no,no,no,allsoon,3.0,3.0,4.0,3.0,3.0,askrel,good,6m,low,maybe,no,3.0,2.0,3.0,3.0,175,symptoms,18-29
1134,m01135,2016-09-23,28,male,stable,unmarried,Middle,160.0,60.0,hungyen,23.4375,yes,<12mo,unknown,volunteer,yes,yes,no,no,yes,yes ,no,yes,no,never,yes,yes,yes,yes,yes,yes,allsoon,4.0,3.0,5.0,4.0,3.0,selfstudy,good,12m,med,no,maybe,3.0,4.0,5.0,4.0,500,symptoms,18-29
1135,m01136,2016-09-23,30,male,stable,married,Middle,178.0,62.0,hungyen,19.56823633,no,12-24mo,<12mo,symptoms,yes,yes,yes,yes,no,yes ,no,no,yes,never,never,yes,yes,yes,yes,yes,allsoon,4.0,5.0,3.0,4.0,5.0,clinic,good,6m,med,yes,yes,5.0,4.0,3.0,5.0,500,symptoms,30-39
1136,m01137,2016-09-23,48,male,stable,married,Middle,165.0,70.0,hungyen,25.71166208,yes,<12mo,<12mo,request,yes,yes,yes,no,no,yes ,yes,no,yes,yes,yes,yes,yes,yes,yes,yes,partly ,2.0,3.0,4.0,3.0,5.0,clinic,good,6m,low,maybe,maybe,2.0,3.0,4.0,2.0,350,disease_concern,40-49
1137,m01138,2016-09-23,26,male,stable,unmarried,High,160.0,57.0,hungyen,22.265625,no,<12mo,>24mo,disease_concern,yes,yes,yes,yes,yes,no,no,no,no,never,yes,yes,no,no,no,no,later,3.0,2.0,3.0,4.0,2.0,askrel,bad,6m,low,maybe,no,3.0,2.0,4.0,5.0,75,symptoms,18-29
1138,m01139,2016-09-23,26,male,stable,unmarried,Middle,170.0,69.0,hungyen,23.87543253,yes,<12mo,<12mo,symptoms,yes,yes,yes,no,no,yes ,no,no,yes,yes,yes,yes,no,no,yes,no,partly ,3.0,4.0,2.0,4.0,3.0,clinic,quite,6m,med,maybe,maybe,5.0,4.0,3.0,2.0,350,symptoms,18-29
1139,m01140,2016-09-23,26,male,unstable,unmarried,Middle,160.0,59.0,hungyen,23.046875,no,12-24mo,12-24mo,symptoms,yes,yes,yes,no,no,yes ,yes,no,no,yes,never,yes,yes,yes,yes,yes,later,3.0,4.0,5.0,5.0,4.0,askrel,quite,6m,med,maybe,maybe,4.0,3.0,4.0,2.0,75,symptoms,18-29
1140,m01141,2016-09-24,52,male,stable,married,High,156.0,46.0,hungyen,18.90203813,yes,<12mo,<12mo,symptoms,yes,yes,no,yes,yes,yes ,yes,no,no,yes,yes,no,yes,no,no,yes,partly ,4.0,2.0,3.0,2.0,4.0,clinic,good,12m,low,maybe,maybe,4.0,3.0,2.0,2.0,340,symptoms,>=50
1141,m01142,2016-09-24,18,male,student,unmarried,Grad,165.0,51.0,hungyen,18.73278237,yes,<12mo,<12mo,volunteer,no,yes,yes,yes,yes,yes ,yes,yes,yes,never,never,yes,no,no,yes,no,partly ,5.0,2.0,1.0,5.0,3.0,clinic,good,6m,low,maybe,maybe,1.0,1.0,1.0,1.0,420,symptoms,18-29
1142,m01143,2016-09-23,21,female,student,unmarried,Grad,157.0,49.0,hungyen,19.8791026,yes,12-24mo,12-24mo,disease_concern,yes,yes,yes,no,yes,yes ,no,no,yes,yes,yes,yes,no,no,no,yes,partly ,4.0,3.0,2.0,5.0,3.0,askrel,quite,6m,low,yes,yes,5.0,1.0,3.0,3.0,70,symptoms,18-29
1143,m01144,2016-09-26,21,male,unstable,unmarried,Middle,170.0,60.0,hanoi,20.76124567,yes,<12mo,<12mo,request,yes,yes,no,yes,yes,yes ,yes,yes,yes,yes,yes,yes,no,no,yes,no,later,3.0,2.0,4.0,3.0,1.0,clinic,unknown,6m,low,yes,maybe,4.0,1.0,1.0,1.0,210,symptoms,18-29
1144,m01145,2016-09-28,19,female,student,unmarried,Grad,165.0,47.0,hanoi,17.26354454,yes,<12mo,<12mo,request,yes,yes,no,no,yes,no,yes,no,no,never,yes,yes,no,no,no,yes,later,3.0,2.0,1.0,3.0,2.0,askrel,quite,12m,low,yes,yes,3.0,4.0,3.0,4.0,unknown,symptoms,18-29
1145,m01146,2016-09-26,25,female,unstable,unmarried,Grad,161.0,52.0,namdinh,20.06095444,yes,12-24mo,>24mo,symptoms,yes,yes,yes,no,yes,yes ,yes,no,no,yes,never,yes,no,no,yes,no,later,5.0,3.0,3.0,5.0,2.0,askrel,quite,6m,med,yes,yes,3.0,2.0,2.0,2.0,300,symptoms,18-29
1146,m01147,2016-09-29,22,male,student,unmarried,Grad,170.0,60.0,hanoi,20.76124567,yes,12-24mo,<12mo,symptoms,yes,yes,no,yes,yes,yes ,yes,no,no,yes,yes,no,yes,no,yes,yes,partly ,4.0,3.0,2.0,3.0,2.0,clinic,quite,6m,low,yes,yes,2.0,1.0,3.0,1.0,unknown,symptoms,18-29
1147,m01148,2016-09-29,25,female,student,unmarried,Grad,156.0,43.0,hanoi,17.66929652,yes,12-24mo,<12mo,symptoms,yes,yes,no,no,no,yes ,yes,no,no,yes,yes,yes,yes,no,no,yes,partly ,5.0,4.0,2.0,3.0,4.0,askrel,quite,6m,low,yes,yes,3.0,2.0,3.0,3.0,420,symptoms,18-29
1148,m01149,2016-09-29,22,female,student,unmarried,Grad,165.0,50.0,hungyen,18.36547291,yes,>24mo,unknown,symptoms,yes,yes,no,no,yes,yes ,no,no,no,yes,never,yes,no,no,yes,no,allsoon,3.0,3.0,2.0,4.0,2.0,askrel,quite,6m,med,yes,yes,3.0,2.0,1.0,1.0,320,symptoms,18-29
1149,m01150,2016-09-28,21,female,student,unmarried,Grad,153.0,46.0,hanoi,19.65056175,yes,>24mo,>24mo,request,yes,yes,yes,no,yes,yes ,yes,yes,no,never,yes,yes,yes,no,yes,no,allsoon,3.0,4.0,4.0,5.0,4.0,clinic,quite,g18m,low,maybe,yes,4.0,3.0,4.0,5.0,unknown,symptoms,18-29
1150,m01151,2016-09-28,43,female,housewife,married,High,152.0,50.0,hanoi,21.64127424,yes,12-24mo,<12mo,request,yes,yes,yes,no,no,yes ,yes,no,yes,yes,yes,yes,yes,yes,yes,no,allsoon,4.0,4.0,3.0,4.0,4.0,clinic,good,12m,med,no,no,2.0,2.0,2.0,1.0,420,symptoms,40-49
1151,m01152,2016-09-28,21,female,student,unmarried,Grad,157.0,52.0,hanoi,21.09619051,yes,unknown,>24mo,request,no,no,no,yes,no,no,yes,no,no,never,yes,yes,no,yes,no,no,allsoon,5.0,4.0,3.0,4.0,2.0,askrel,quite,12m,low,maybe,maybe,2.0,2.0,3.0,2.0,210,disease_concern,18-29
1152,m01153,2016-09-28,22,female,student,unmarried,Grad,150.0,46.0,hanoi,20.44444444,yes,unknown,unknown,request,yes,yes,no,no,yes,yes ,yes,no,no,never,never,yes,no,yes,yes,yes,later,3.0,4.0,3.0,4.0,2.0,selfstudy,quite,6m,low,yes,yes,5.0,3.0,3.0,3.0,unknown,symptoms,18-29
1153,m01154,2016-09-28,21,female,student,unmarried,Grad,156.0,40.0,hanoi,16.4365549,no,unknown,unknown,request,yes,yes,no,yes,no,yes ,no,no,yes,never,yes,yes,no,yes,yes,no,allsoon,2.0,4.0,5.0,5.0,3.0,selfstudy,quite,6m,low,no,maybe,4.0,2.0,3.0,1.0,unknown,symptoms,18-29
1154,m01155,2016-09-26,20,male,student,unmarried,Grad,165.0,62.0,hanoi,22.77318641,yes,unknown,unknown,volunteer,no,no,no,no,yes,yes ,no,no,no,never,never,yes,yes,yes,yes,yes,later,4.0,4.0,3.0,4.0,3.0,askrel,good,g18m,low,maybe,maybe,5.0,4.0,3.0,5.0,270,symptoms,18-29
1155,m01156,2016-09-26,20,male,student,unmarried,Grad,165.0,65.0,hanoi,23.87511478,yes,unknown,unknown,volunteer,yes,yes,yes,yes,yes,yes ,yes,yes,no,yes,never,yes,no,no,yes,no,later,4.0,3.0,4.0,3.0,3.0,askrel,quite,12m,low,yes,maybe,4.0,3.0,3.0,3.0,unknown,symptoms,18-29
1156,m01157,2016-09-26,18,female,student,unmarried,Grad,160.0,52.0,thanhhoa,20.3125,yes,<12mo,<12mo,symptoms,yes,no,yes,yes,yes,yes ,yes,no,yes,yes,yes,yes,yes,yes,no,yes,allsoon,5.0,2.0,3.0,3.0,2.0,clinic,good,6m,low,maybe,maybe,2.0,2.0,1.0,2.0,300,disease_concern,18-29
1157,m01158,2016-09-26,18,female,student,unmarried,Grad,150.0,41.0,hanoi,18.22222222,yes,<12mo,<12mo,symptoms,yes,yes,yes,no,yes,yes ,yes,no,yes,never,yes,yes,yes,yes,no,yes,allsoon,2.0,2.0,5.0,3.0,3.0,clinic,good,12m,low,maybe,maybe,2.0,2.0,2.0,1.0,350,disease_concern,18-29
1158,m01159,2016-09-26,18,female,student,unmarried,Grad,159.0,44.0,hoabinh,17.40437483,yes,12-24mo,12-24mo,disease_concern,yes,yes,yes,no,no,yes ,yes,no,yes,yes,yes,yes,yes,yes,no,no,later,5.0,2.0,2.0,3.0,2.0,clinic,quite,6m,low,yes,yes,2.0,2.0,2.0,1.0,400,symptoms,18-29
1159,m01160,2016-09-28,21,female,student,unmarried,Grad,157.0,43.0,hanoi,17.44492677,yes,<12mo,<12mo,symptoms,no,yes,yes,no,no,yes ,yes,yes,yes,never,yes,yes,no,no,yes,yes,allsoon,3.0,3.0,3.0,4.0,4.0,clinic,quite,6m,low,yes,yes,4.0,3.0,4.0,4.0,unknown,symptoms,18-29
1160,m01161,2016-09-28,22,female,student,unmarried,Grad,161.0,52.0,hanoi,20.06095444,yes,<12mo,12-24mo,symptoms,yes,yes,no,no,no,yes ,no,no,yes,never,yes,yes,no,no,no,no,partly ,4.0,3.0,4.0,4.0,2.0,clinic,good,6m,med,yes,yes,3.0,3.0,2.0,1.0,400,symptoms,18-29
1161,m01162,2016-09-26,18,female,student,unmarried,Grad,160.0,48.0,vinhphuc,18.75,yes,>24mo,unknown,symptoms,yes,yes,yes,no,no,yes ,yes,yes,no,yes,never,yes,yes,no,yes,yes,later,4.0,4.0,3.0,3.0,2.0,askrel,quite,6m,med,maybe,maybe,3.0,3.0,2.0,2.0,unknown,symptoms,18-29
1162,m01163,2016-09-28,21,female,student,unmarried,Grad,149.0,42.0,hanoi,18.91806675,yes,<12mo,12-24mo,symptoms,yes,yes,no,no,no,yes ,yes,no,no,never,yes,yes,no,no,yes,no,allsoon,4.0,4.0,3.0,4.0,3.0,clinic,good,6m,low,yes,yes,3.0,3.0,2.0,1.0,420,symptoms,18-29
1163,m01164,2016-09-29,30,male,stable,married,Grad,165.0,55.0,bacninh,20.2020202,yes,<12mo,<12mo,volunteer,yes,no,no,no,no,no,no,yes,no,yes,never,no,no,yes,no,no,allsoon,4.0,3.0,2.0,3.0,2.0,askrel,quite,12m,hi,maybe,maybe,3.0,3.0,1.0,2.0,420,disease_concern,30-39
1164,m01165,2016-09-29,55,male,stable,married,Grad,170.0,61.0,hungyen,21.10726644,no,unknown,unknown,symptoms,yes,yes,no,yes,no,yes ,no,no,yes,never,yes,yes,yes,yes,yes,yes,allsoon,4.0,4.0,3.0,3.0,2.0,clinic,quite,12m,low,no,yes,4.0,3.0,3.0,2.0,630,disease_concern,>=50
1165,m01166,2016-09-26,20,female,student,unmarried,Grad,162.0,46.0,hoabinh,17.52781588,yes,<12mo,12-24mo,request,yes,yes,yes,yes,no,no,yes,no,no,never,yes,yes,no,no,yes,yes,partly ,2.0,2.0,3.0,3.0,2.0,askrel,quite,6m,low,yes,yes,3.0,2.0,4.0,2.0,unknown,disease_concern,18-29
1166,m01167,2016-09-28,22,female,student,unmarried,Grad,152.0,40.0,quangninh,17.31301939,yes,unknown,unknown,symptoms,no,yes,no,no,no,yes ,no,no,no,never,never,yes,yes,no,yes,no,allsoon,4.0,4.0,4.0,3.0,1.0,clinic,bad,12m,low,yes,yes,2.0,2.0,2.0,2.0,100,disease_concern,18-29
1167,m01168,2016-09-28,22,female,student,unmarried,Grad,155.0,49.0,hanoi,20.39542144,yes,unknown,unknown,symptoms,no,yes,yes,yes,yes,yes ,yes,no,no,never,never,yes,yes,yes,no,no,allsoon,1.0,3.0,2.0,4.0,2.0,askrel,quite,12m,med,maybe,yes,2.0,4.0,2.0,2.0,unknown,symptoms,18-29
1168,m01169,2016-09-28,21,female,student,unmarried,Grad,157.0,46.0,hanoi,18.66201469,yes,12-24mo,>24mo,symptoms,yes,yes,yes,yes,no,yes ,no,no,yes,never,yes,yes,yes,no,yes,yes,partly ,3.0,2.0,5.0,1.0,4.0,selfstudy,good,g18m,hi,maybe,yes,1.0,2.0,4.0,5.0,unknown,symptoms,18-29
1169,m01170,2016-09-24,27,male,unstable,married,Grad,170.0,60.0,hanoi,20.76124567,no,unknown,unknown,volunteer,yes,yes,no,yes,yes,yes ,no,yes,no,yes,yes,yes,yes,yes,yes,yes,allsoon,4.0,4.0,4.0,3.5,4.0,askrel,quite,g18m,hi,maybe,maybe,4.5,3.0,4.0,4.0,unknown,symptoms,18-29
1170,m01171,2016-09-24,18,male,student,unmarried,Grad,165.0,90.0,hanoi,33.05785124,yes,unknown,unknown,symptoms,no,no,no,no,no,yes ,yes,yes,yes,never,never,no,no,no,no,no,allsoon,3.5,3.5,4.0,3.5,3.5,clinic,good,6m,med,yes,yes,3.5,3.5,3.5,3.5,unknown,symptoms,18-29
1171,m01172,2016-09-24,75,female,retirer,married,Middle,160.0,65.0,hungyen,25.390625,yes,<12mo,<12mo,request,yes,yes,no,no,yes,yes ,yes,yes,yes,yes,never,yes,yes,no,yes,yes,allsoon,5.0,3.0,2.0,3.0,4.0,clinic,good,6m,low,no,no,2.0,2.0,3.0,2.0,340,symptoms,>=50
1172,m01173,2016-09-23,37,female,stable,married,High,148.0,47.0,hungyen,21.45726808,yes,12-24mo,12-24mo,symptoms,yes,yes,yes,no,no,yes ,no,no,yes,yes,yes,yes,no,no,yes,no,partly ,5.0,4.0,4.0,3.0,4.0,askrel,quite,6m,med,maybe,maybe,4.0,3.0,3.0,2.0,120,disease_concern,30-39
1173,m01174,2016-09-23,22,male,unstable,married,Grad,165.0,55.0,thanhhoa,20.2020202,yes,12-24mo,12-24mo,disease_concern,yes,yes,no,no,yes,yes ,yes,yes,yes,never,yes,no,no,no,yes,no,partly ,3.0,3.0,2.0,4.0,4.0,askrel,quite,12m,low,maybe,maybe,3.0,2.0,3.0,2.0,420,symptoms,18-29
1174,m01175,2016-09-27,23,male,student,unmarried,Grad,175.0,80.0,quangninh,26.12244898,yes,unknown,unknown,disease_concern,no,yes,yes,no,no,yes ,yes,no,no,yes,never,yes,yes,yes,yes,no,allsoon,5.0,4.5,4.0,3.5,3.0,askrel,good,12m,med,maybe,no,5.0,4.5,3.0,4.0,unknown,symptoms,18-29
1175,m01176,2016-09-27,21,male,unstable,unmarried,Grad,172.0,70.0,hanoi,23.66143862,yes,<12mo,<12mo,symptoms,yes,yes,yes,yes,yes,yes ,yes,yes,yes,yes,yes,yes,yes,yes,yes,yes,partly ,3.0,4.0,3.0,4.0,3.0,askrel,quite,18m,low,maybe,maybe,4.0,3.0,4.0,3.0,unknown,disease_concern,18-29
1176,m01177,2016-09-27,22,male,student,unmarried,Grad,175.0,55.0,hungyen,17.95918367,yes,<12mo,>24mo,disease_concern,yes,no,no,yes,yes,yes ,no,yes,no,yes,yes,yes,yes,yes,no,yes,allsoon,4.0,4.5,4.0,5.0,3.5,askrel,quite,6m,low,maybe,maybe,4.0,3.0,3.5,3.0,unknown,symptoms,18-29
1177,m01178,2016-09-28,21,female,student,unmarried,Grad,157.0,51.0,quangninh,20.69049454,yes,>24mo,>24mo,request,no,no,no,no,yes,no,no,yes,no,never,never,yes,yes,no,no,no,partly ,4.0,3.0,3.0,4.0,4.0,askrel,bad,12m,med,maybe,maybe,4.0,2.0,3.0,4.0,unknown,symptoms,18-29
1178,m01179,2016-09-28,20,female,student,unmarried,Grad,162.0,45.0,hanoi,17.14677641,yes,<12mo,12-24mo,request,yes,yes,no,no,yes,yes ,yes,no,no,yes,yes,yes,yes,no,yes,no,later,3.0,4.0,4.0,5.0,4.0,clinic,good,6m,low,maybe,maybe,2.0,2.0,1.0,3.0,420,symptoms,18-29
1179,m01180,2016-09-28,21,female,student,unmarried,Grad,150.0,43.0,hanoi,19.11111111,yes,<12mo,12-24mo,disease_concern,no,no,yes,no,yes,yes ,yes,no,yes,never,yes,yes,yes,yes,yes,no,later,2.0,3.0,4.0,5.0,4.0,askrel,quite,12m,med,no,maybe,4.0,3.0,5.0,2.0,300,symptoms,18-29
1180,m01181,2016-09-28,20,female,student,unmarried,Grad,150.0,42.0,hanoi,18.66666667,yes,>24mo,<12mo,volunteer,no,yes,yes,no,yes,yes ,no,yes,yes,never,yes,no,no,yes,yes,no,partly ,4.0,5.0,4.0,3.0,1.0,clinic,bad,18m,low,maybe,yes,3.0,2.0,5.0,1.0,180,symptoms,18-29
1181,m01182,2016-09-28,21,female,student,unmarried,Grad,164.0,46.0,hanoi,17.10291493,yes,unknown,unknown,request,yes,yes,yes,no,yes,yes ,yes,no,no,never,yes,yes,no,yes,yes,no,partly ,4.0,4.0,4.0,4.0,4.0,askrel,quite,g18m,low,no,maybe,3.0,2.0,2.0,3.0,unknown,symptoms,18-29
1182,m01183,2016-09-30,23,male,stable,unmarried,PostGrad,170.0,50.0,hungyen,17.30103806,no,unknown,unknown,symptoms,yes,yes,yes,no,no,yes ,yes,no,no,never,never,yes,yes,yes,yes,yes,allsoon,2.0,3.0,5.0,2.0,2.0,clinic,unknown,g18m,med,yes,yes,4.0,3.0,3.0,2.0,420,disease_concern,18-29
1183,m01184,2016-09-27,34,male,stable,married,Grad,170.0,72.0,hochiminh,24.91349481,yes,12-24mo,12-24mo,request,yes,yes,no,yes,no,yes ,yes,no,no,never,never,yes,no,no,no,no,later,2.0,2.0,2.0,1.0,3.0,selfstudy,quite,6m,low,yes,yes,2.0,1.0,1.0,2.0,60,symptoms,30-39
1184,m01185,2016-09-27,43,female,stable,married,Grad,163.0,52.0,hanoi,19.57168128,yes,12-24mo,<12mo,volunteer,no,no,no,no,yes,yes ,yes,no,yes,never,never,yes,yes,no,no,no,allsoon,2.0,1.0,2.0,2.0,2.0,clinic,quite,12m,med,maybe,maybe,2.0,2.0,2.0,1.0,420,disease_concern,40-49
1185,m01186,2016-09-27,26,male,stable,unmarried,Grad,175.0,68.0,hanoi,22.20408163,yes,<12mo,<12mo,request,no,no,no,no,yes,yes ,no,no,no,never,never,yes,no,no,yes,no,later,4.0,4.0,4.0,4.0,5.0,clinic,bad,6m,low,yes,yes,4.0,3.0,3.0,3.0,300,disease_concern,18-29
1186,m01187,invalid,26,male,stable,unmarried,Grad,165.0,56.0,hanoi,20.56932966,yes,<12mo,<12mo,disease_concern,yes,no,no,yes,yes,yes ,yes,no,no,never,yes,yes,no,yes,yes,no,later,1.0,1.0,1.0,1.0,1.0,clinic,unknown,6m,med,yes,no,1.0,1.0,1.0,1.0,500,disease_concern,18-29
1187,m01188,2016-09-27,31,male,stable,married,Grad,169.0,59.0,hochiminh,20.65754,yes,<12mo,<12mo,request,no,no,no,no,no,yes ,yes,yes,yes,never,yes,yes,yes,no,yes,yes,allsoon,4.0,4.0,4.5,4.0,4.5,clinic,bad,12m,med,yes,maybe,4.0,3.0,4.0,4.0,unknown,symptoms,30-39
1188,m01189,2016-09-27,25,male,stable,unmarried,Grad,177.0,79.0,hochiminh,25.21625331,yes,<12mo,<12mo,request,no,no,no,no,no,yes ,yes,yes,yes,never,yes,yes,no,yes,yes,no,allsoon,4.0,4.0,4.0,4.0,4.0,selfstudy,good,6m,low,maybe,maybe,3.0,3.0,3.0,3.0,unknown,disease_concern,18-29
1189,m01190,2016-09-27,30,male,stable,married,Grad,169.0,76.0,hochiminh,26.60971255,yes,<12mo,<12mo,request,yes,yes,no,no,yes,yes ,yes,yes,yes,never,yes,no,yes,no,yes,yes,allsoon,4.0,4.0,4.0,4.0,4.0,selfstudy,good,6m,low,maybe,maybe,3.0,3.0,3.0,3.0,unknown,disease_concern,30-39
1190,m01191,2016-09-27,28,male,stable,married,Grad,158.0,65.0,hochiminh,26.03749399,yes,<12mo,<12mo,request,yes,no,no,yes,yes,yes ,yes,no,no,never,yes,yes,yes,yes,yes,yes,later,3.0,4.0,5.0,4.0,4.0,askrel,quite,12m,low,maybe,yes,4.0,3.0,3.0,3.0,unknown,symptoms,18-29
1191,m01192,2016-09-26,33,male,stable,married,Grad,168.0,67.0,hochiminh,23.73866213,yes,<12mo,<12mo,request,no,yes,yes,yes,no,yes ,yes,no,no,never,never,yes,yes,no,no,yes,allsoon,3.0,2.0,4.0,4.0,4.0,clinic,quite,12m,med,maybe,yes,3.0,4.0,3.0,4.0,230,symptoms,30-39
1192,m01193,2016-09-27,38,male,stable,married,Grad,157.0,53.0,hochiminh,21.50188649,yes,<12mo,unknown,volunteer,no,no,no,no,yes,yes ,yes,yes,yes,never,never,yes,no,no,no,yes,allsoon,4.0,4.0,5.0,5.0,5.0,clinic,good,6m,hi,no,maybe,4.0,5.0,4.0,4.0,200,symptoms,30-39
1193,m01194,2016-09-27,35,female,stable,married,Grad,160.0,62.0,hochiminh,24.21875,no,<12mo,<12mo,request,yes,no,no,no,yes,yes ,yes,yes,yes,never,never,yes,yes,yes,yes,yes,allsoon,3.0,3.0,3.0,4.0,3.0,clinic,bad,6m,low,maybe,maybe,4.0,3.0,4.0,4.0,210,disease_concern,30-39
1194,m01195,2016-09-27,25,female,stable,unmarried,Middle,167.0,58.0,hochiminh,20.79672989,yes,<12mo,<12mo,request,yes,yes,yes,yes,yes,yes ,yes,no,no,never,never,yes,yes,no,no,no,later,4.0,4.0,4.0,4.0,5.0,selfstudy,quite,g18m,low,maybe,maybe,2.0,2.0,3.0,2.0,unknown,symptoms,18-29
1195,m01196,2016-09-27,25,female,stable,unmarried,Grad,162.0,56.0,hochiminh,21.33821064,yes,<12mo,<12mo,request,yes,no,no,no,yes,yes ,yes,yes,no,never,never,yes,no,no,no,yes,allsoon,5.0,5.0,5.0,5.0,4.0,clinic,quite,12m,med,maybe,maybe,3.0,3.0,3.0,3.0,210,symptoms,18-29
1196,m01197,2016-09-27,30,male,stable,unmarried,Grad,176.0,78.0,soctrang,25.18078512,yes,<12mo,<12mo,request,no,yes,no,no,yes,no,yes,yes,yes,never,yes,yes,no,yes,yes,yes,later,3.0,5.0,5.0,3.0,3.0,selfstudy,good,12m,low,no,no,5.0,5.0,4.0,5.0,120,disease_concern,30-39
1197,m01198,2016-09-27,28,female,stable,married,Grad,158.0,50.0,hochiminh,20.02884153,yes,<12mo,<12mo,request,yes,no,no,yes,yes,yes ,yes,yes,yes,never,never,yes,yes,yes,no,no,allsoon,3.0,3.0,4.0,3.0,4.0,selfstudy,unknown,12m,med,maybe,maybe,5.0,5.0,5.0,4.0,210,symptoms,18-29
1198,m01199,2016-09-27,23,male,stable,unmarried,PostGrad,172.0,75.0,hochiminh,25.35154137,yes,<12mo,<12mo,request,no,no,no,no,yes,yes ,yes,no,yes,never,yes,yes,yes,yes,yes,no,allsoon,4.0,5.0,5.0,5.0,5.0,askrel,quite,6m,med,maybe,maybe,3.0,3.0,3.0,2.0,240,symptoms,18-29
1199,m01200,2016-09-27,26,male,stable,unmarried,Grad,170.0,55.0,hochiminh,19.03114187,yes,12-24mo,<12mo,request,yes,yes,no,no,yes,yes ,yes,no,no,never,never,yes,yes,yes,yes,yes,allsoon,3.0,4.0,4.0,3.0,4.0,clinic,quite,12m,low,yes,maybe,4.0,3.0,3.0,3.0,180,disease_concern,18-29
1200,m01201,2016-09-27,28,male,stable,married,Grad,169.0,56.0,hochiminh,19.60715661,yes,<12mo,<12mo,request,no,no,no,no,yes,yes ,yes,yes,yes,never,yes,yes,yes,yes,yes,yes,partly ,4.0,4.0,4.0,3.0,5.0,selfstudy,unknown,12m,med,maybe,maybe,4.0,4.0,4.0,4.0,240,disease_concern,18-29
1201,m01202,2016-09-27,33,male,stable,married,Grad,168.0,59.0,hochiminh,20.90419501,yes,<12mo,<12mo,request,yes,yes,no,yes,yes,yes ,yes,yes,yes,yes,never,yes,yes,no,no,yes,allsoon,2.0,1.0,3.0,2.0,2.0,askrel,bad,6m,hi,yes,maybe,1.0,1.0,1.0,1.0,210,symptoms,30-39
1202,m01203,2016-09-27,23,female,stable,unmarried,Grad,153.0,48.0,hochiminh,20.504934,yes,<12mo,<12mo,request,no,yes,yes,yes,yes,yes ,yes,yes,yes,never,never,yes,yes,yes,no,yes,allsoon,4.0,4.0,4.0,3.5,4.0,askrel,unknown,12m,med,yes,yes,3.0,3.0,3.0,3.0,unknown,symptoms,18-29
1203,m01204,2016-09-26,23,female,stable,unmarried,Grad,165.0,45.0,hochiminh,16.52892562,yes,<12mo,<12mo,request,no,no,no,no,yes,no,yes,yes,no,never,never,yes,no,no,no,yes,allsoon,1.0,2.0,3.0,4.0,5.0,clinic,good,12m,med,maybe,maybe,5.0,3.0,3.0,3.0,unknown,symptoms,18-29
1204,m01205,2016-09-27,30,female,stable,married,Grad,156.0,47.0,hochiminh,19.31295201,yes,unknown,<12mo,request,no,no,no,no,yes,yes ,yes,no,yes,never,never,yes,yes,yes,yes,no,allsoon,2.0,2.0,2.0,3.0,4.0,selfstudy,quite,6m,low,yes,yes,3.0,3.0,3.0,3.0,210,symptoms,30-39
1205,m01206,2016-09-26,23,male,stable,unmarried,Grad,172.0,58.0,hochiminh,19.605192,yes,<12mo,<12mo,request,no,no,no,no,yes,yes ,no,yes,yes,yes,yes,yes,yes,yes,yes,yes,partly ,3.0,4.0,5.0,5.0,5.0,askrel,quite,12m,med,yes,yes,4.0,1.0,3.0,3.0,120,disease_concern,18-29
1206,m01207,2016-09-26,29,female,stable,unmarried,Grad,155.0,73.0,hochiminh,30.38501561,yes,<12mo,<12mo,request,no,yes,no,no,no,no,yes,yes,no,never,never,yes,yes,no,no,yes,allsoon,1.0,4.0,2.0,1.0,1.0,clinic,bad,6m,low,no,maybe,1.0,1.0,2.0,1.0,210,symptoms,18-29
1207,m01208,2016-09-26,34,female,stable,married,Grad,158.0,61.0,hochiminh,24.43518667,yes,<12mo,<12mo,request,yes,yes,no,no,yes,yes ,yes,yes,yes,yes,yes,yes,yes,yes,yes,yes,allsoon,3.0,5.0,5.0,5.0,5.0,clinic,bad,6m,low,yes,yes,1.0,2.0,2.0,2.0,unknown,symptoms,30-39
1208,m01209,2016-09-26,33,female,stable,married,Grad,150.0,52.0,binhthuan,23.11111111,yes,<12mo,<12mo,request,yes,yes,no,no,yes,yes ,yes,yes,yes,yes,yes,yes,yes,yes,yes,yes,allsoon,3.0,5.0,5.0,5.0,5.0,clinic,unknown,6m,low,yes,yes,2.0,3.0,3.0,3.0,unknown,symptoms,30-39
1209,m01210,2016-09-26,25,female,stable,unmarried,Grad,157.0,41.0,hochiminh,16.63353483,yes,<12mo,<12mo,request,yes,yes,no,yes,yes,yes ,yes,yes,yes,never,yes,yes,yes,yes,yes,no,allsoon,1.0,3.0,5.0,2.0,4.0,askrel,quite,6m,med,yes,maybe,4.0,2.0,3.0,1.0,210,symptoms,18-29
1210,m01211,2016-09-26,34,male,stable,married,Grad,172.0,61.0,hanoi,20.61925365,yes,<12mo,<12mo,request,no,no,no,yes,yes,yes ,yes,yes,yes,yes,never,yes,yes,yes,yes,yes,allsoon,4.0,2.0,3.0,3.0,4.0,clinic,quite,12m,low,yes,yes,3.0,4.0,4.0,3.0,180,disease_concern,30-39
1211,m01212,2016-09-26,34,male,stable,married,PostGrad,178.0,74.0,hanoi,23.35563691,yes,<12mo,<12mo,request,no,no,no,no,no,yes ,no,no,yes,never,never,yes,yes,yes,yes,yes,allsoon,4.0,4.0,4.0,4.0,4.0,clinic,good,6m,hi,yes,yes,4.0,4.0,4.0,4.0,420,disease_concern,30-39
1212,m01213,2016-09-27,27,female,stable,unmarried,Grad,158.0,53.0,hochiminh,21.23057202,yes,<12mo,<12mo,request,yes,no,no,yes,no,yes ,yes,yes,yes,never,yes,yes,yes,yes,yes,yes,allsoon,4.0,3.0,3.0,3.0,4.0,clinic,good,12m,med,yes,yes,3.0,2.0,3.0,3.0,210,disease_concern,18-29
1213,m01214,2016-09-26,25,female,stable,unmarried,Grad,152.0,40.0,gialai,17.31301939,yes,<12mo,<12mo,request,yes,yes,no,no,yes,yes ,yes,no,no,never,never,yes,yes,yes,no,yes,partly ,5.0,3.0,3.0,3.0,4.0,askrel,quite,12m,low,maybe,maybe,4.0,4.0,4.0,3.0,210,symptoms,18-29
1214,m01215,2016-09-27,35,female,stable,married,Grad,160.0,60.0,hochiminh,23.4375,yes,unknown,<12mo,request,no,no,no,no,no,yes ,yes,yes,yes,never,yes,yes,yes,yes,yes,yes,allsoon,5.0,5.0,1.0,5.0,5.0,clinic,quite,6m,med,yes,maybe,5.0,5.0,5.0,5.0,unknown,symptoms,30-39
1215,m01216,2016-09-26,32,female,stable,unmarried,Grad,150.0,40.0,hochiminh,17.77777778,yes,<12mo,<12mo,request,yes,no,no,yes,no,yes ,yes,yes,yes,never,never,yes,yes,yes,yes,yes,allsoon,5.0,5.0,4.0,4.0,5.0,clinic,good,12m,med,yes,yes,5.0,4.0,4.0,5.0,210,disease_concern,30-39
1216,m01217,2016-09-27,29,female,stable,unmarried,Grad,158.0,48.0,hochiminh,19.22768787,yes,<12mo,<12mo,request,yes,yes,yes,yes,yes,yes ,no,no,yes,yes,yes,yes,yes,no,yes,yes,later,2.0,3.0,3.0,3.0,3.0,selfstudy,quite,12m,med,maybe,maybe,3.0,2.0,3.0,3.0,210,disease_concern,18-29
1217,m01218,2016-09-27,28,female,stable,unmarried,Grad,154.0,53.0,hanoi,22.34778209,yes,<12mo,<12mo,volunteer,no,no,no,no,no,yes ,no,yes,yes,never,never,yes,yes,yes,yes,yes,allsoon,2.0,2.0,3.0,3.0,4.0,clinic,quite,6m,med,yes,yes,3.0,2.0,1.0,2.0,420,symptoms,18-29
1218,m01219,2016-09-26,31,female,stable,unmarried,Grad,163.0,49.0,hochiminh,18.44254582,no,unknown,unknown,request,yes,no,no,no,yes,yes ,no,no,no,never,never,yes,yes,yes,yes,yes,later,4.0,4.0,4.0,4.0,4.0,selfstudy,good,12m,med,maybe,maybe,3.0,3.0,3.0,3.0,70,symptoms,30-39
1219,m01220,2016-09-27,23,female,stable,unmarried,Grad,153.0,44.0,hochiminh,18.7961895,yes,unknown,<12mo,request,yes,yes,no,no,yes,yes ,no,yes,no,never,never,yes,yes,yes,yes,yes,partly ,3.0,4.0,5.0,1.0,2.0,selfstudy,unknown,g18m,low,no,no,5.0,1.0,2.0,3.0,300,disease_concern,18-29
1220,m01221,2016-09-27,34,male,stable,married,Grad,162.0,67.0,hanoi,25.52964487,yes,<12mo,<12mo,symptoms,no,no,no,no,yes,no,yes,no,no,never,never,yes,yes,yes,yes,yes,allsoon,3.0,3.0,4.0,3.0,4.0,selfstudy,quite,6m,med,yes,yes,4.0,4.0,4.0,4.0,420,symptoms,30-39
1221,m01222,2016-09-27,33,male,stable,married,Grad,170.0,68.0,hochiminh,23.52941176,yes,<12mo,<12mo,request,yes,no,no,no,yes,yes ,no,yes,yes,never,never,yes,yes,yes,yes,yes,allsoon,4.0,4.0,3.0,4.0,4.0,clinic,good,12m,low,maybe,maybe,3.0,3.0,2.0,2.0,210,disease_concern,30-39
1222,m01223,2016-09-27,47,male,stable,married,Grad,175.0,80.0,hochiminh,26.12244898,yes,<12mo,<12mo,request,yes,yes,no,yes,no,yes ,no,yes,yes,never,never,yes,yes,yes,yes,yes,allsoon,3.0,2.0,2.0,2.0,3.0,clinic,good,12m,low,maybe,maybe,3.0,2.0,2.0,2.0,210,disease_concern,40-49
1223,m01224,2016-09-27,22,male,stable,unmarried,Grad,169.0,67.0,hochiminh,23.45856238,yes,<12mo,unknown,request,no,no,no,yes,no,yes ,yes,no,no,never,never,yes,no,no,yes,no,partly ,3.0,3.0,4.0,3.0,4.0,selfstudy,quite,6m,low,no,yes,4.0,3.0,3.0,4.0,350,symptoms,18-29
1224,m01225,2016-09-27,35,male,stable,married,Grad,172.0,65.0,hanoi,21.97133586,yes,unknown,unknown,request,yes,yes,no,yes,no,yes ,yes,no,yes,never,yes,yes,no,yes,yes,yes,allsoon,1.0,2.0,4.0,1.0,1.0,clinic,quite,6m,med,yes,maybe,2.0,2.0,2.0,3.0,unknown,symptoms,30-39
1225,m01226,2016-09-29,29,male,stable,unmarried,PostGrad,180.0,76.0,hanoi,23.45679012,yes,<12mo,<12mo,symptoms,no,no,no,yes,yes,yes ,no,yes,yes,never,yes,yes,yes,yes,yes,yes,later,4.0,4.0,4.0,4.0,4.0,askrel,bad,6m,hi,yes,maybe,4.0,3.0,3.0,3.0,210,symptoms,18-29
1226,m01227,2016-09-29,25,male,stable,unmarried,Grad,167.0,73.0,hanoi,26.17519452,yes,<12mo,<12mo,request,no,no,no,yes,yes,yes ,yes,yes,yes,yes,yes,yes,yes,yes,yes,yes,partly ,4.0,4.0,5.0,4.0,5.0,askrel,bad,12m,med,yes,maybe,4.0,4.0,4.0,4.0,700,disease_concern,18-29
1227,m01228,2016-09-29,36,male,stable,married,Grad,170.0,65.0,hanoi,22.49134948,yes,<12mo,<12mo,request,no,no,no,no,no,yes ,yes,yes,yes,never,never,yes,no,no,yes,yes,allsoon,4.0,4.0,5.0,4.0,5.0,askrel,unknown,6m,med,maybe,maybe,3.0,3.0,4.0,3.0,420,symptoms,30-39
1228,m01229,2016-09-27,24,male,stable,unmarried,Grad,162.0,49.0,hochiminh,18.67093431,yes,unknown,<12mo,request,yes,no,no,yes,yes,yes ,no,no,yes,never,never,yes,no,no,no,no,allsoon,3.0,4.0,4.0,4.0,4.0,selfstudy,quite,12m,low,maybe,maybe,3.0,3.0,3.0,3.0,unknown,symptoms,18-29
1229,m01230,2016-09-29,29,male,stable,married,Grad,164.0,59.0,hanoi,21.93634741,yes,<12mo,unknown,symptoms,no,yes,no,yes,yes,yes ,yes,no,no,never,never,yes,yes,no,yes,no,later,3.0,3.0,2.0,3.0,3.0,askrel,unknown,12m,med,maybe,maybe,3.0,3.0,3.0,3.0,210,symptoms,18-29
1230,m01231,2016-09-26,23,female,stable,unmarried,Grad,160.0,45.0,hanoi,17.578125,no,unknown,unknown,symptoms,no,no,no,no,no,yes ,yes,yes,yes,never,never,yes,yes,yes,yes,no,allsoon,4.0,4.0,4.0,4.0,4.0,askrel,quite,6m,low,yes,yes,4.0,4.0,4.0,4.0,150,symptoms,18-29
1231,m01232,2016-09-26,32,male,stable,married,Grad,169.0,57.0,hanoi,19.95728441,yes,<12mo,<12mo,request,no,no,no,yes,no,yes ,no,no,yes,never,never,yes,no,no,yes,yes,allsoon,4.0,5.0,5.0,5.0,4.0,clinic,bad,6m,low,yes,yes,4.0,4.0,5.0,5.0,420,disease_concern,30-39
1232,m01233,2016-09-26,40,female,stable,married,PostGrad,154.0,55.0,hanoi,23.19109462,yes,<12mo,<12mo,request,no,no,no,no,no,yes ,yes,yes,yes,never,yes,yes,yes,yes,yes,yes,allsoon,5.0,5.0,4.0,5.0,5.0,clinic,good,12m,med,yes,yes,4.0,4.0,4.0,4.0,240,disease_concern,40-49
1233,m01234,2016-09-26,34,male,stable,married,Grad,173.0,71.0,hanoi,23.72281065,yes,<12mo,<12mo,request,no,no,no,no,no,yes ,yes,yes,yes,never,never,yes,yes,yes,yes,yes,allsoon,4.0,4.0,4.0,4.0,4.0,clinic,quite,6m,med,yes,yes,4.0,3.0,3.0,4.0,180,symptoms,30-39
1234,m01235,2016-09-26,28,male,stable,unmarried,Grad,167.0,59.0,bacninh,21.1552942,yes,<12mo,<12mo,request,no,no,no,no,no,yes ,yes,yes,yes,never,never,yes,no,no,yes,no,allsoon,4.0,4.0,4.0,4.0,4.0,askrel,quite,12m,hi,yes,yes,5.0,4.0,4.0,4.0,120,symptoms,18-29
1235,m01236,2016-09-27,29,male,stable,married,Grad,169.0,67.0,hanoi,23.45856238,yes,<12mo,<12mo,request,no,no,no,yes,yes,yes ,no,no,no,never,yes,yes,yes,no,yes,no,allsoon,4.0,4.0,4.0,4.0,4.0,clinic,bad,12m,hi,no,maybe,5.0,4.0,4.0,5.0,unknown,symptoms,18-29
1236,m01237,2016-09-27,32,female,stable,married,Grad,158.0,50.0,hanoi,20.02884153,yes,<12mo,<12mo,request,no,no,no,no,no,yes ,no,yes,no,never,never,yes,no,yes,no,yes,allsoon,3.0,2.0,3.0,3.0,4.0,clinic,bad,6m,low,maybe,maybe,3.0,2.0,2.0,3.0,210,symptoms,30-39
1237,m01238,2016-09-28,26,male,stable,unmarried,Grad,170.0,63.0,hanoi,21.79930796,yes,<12mo,<12mo,request,no,no,no,yes,yes,yes ,yes,yes,yes,never,never,yes,yes,no,yes,yes,partly ,4.0,4.0,3.0,3.0,4.0,selfstudy,quite,6m,low,no,maybe,4.0,3.0,3.0,3.0,420,symptoms,18-29
1238,m01239,2016-09-27,34,female,stable,married,Grad,150.0,50.0,hanoi,22.22222222,yes,<12mo,<12mo,request,no,no,no,no,no,yes ,no,yes,no,never,never,yes,no,yes,no,yes,allsoon,3.0,2.0,4.0,3.0,4.0,clinic,bad,6m,low,maybe,maybe,3.0,2.0,2.0,3.0,210,symptoms,30-39
1239,m01240,2016-09-27,40,male,stable,married,Grad,170.0,67.0,hanoi,23.183391,yes,<12mo,<12mo,request,no,no,no,no,no,yes ,yes,yes,yes,yes,yes,no,yes,yes,yes,yes,allsoon,3.0,3.0,3.0,3.0,3.0,selfstudy,quite,6m,low,yes,maybe,3.0,3.0,3.0,3.0,225,disease_concern,40-49
1240,m01241,2016-09-27,25,female,stable,unmarried,Grad,157.0,55.0,hanoi,22.31327843,yes,<12mo,<12mo,request,no,no,yes,yes,no,yes ,yes,yes,yes,never,never,yes,yes,yes,no,no,allsoon,2.0,3.0,3.0,3.0,3.0,clinic,quite,6m,med,yes,maybe,3.0,3.0,3.0,3.0,unknown,disease_concern,18-29
1241,m01242,2016-09-27,26,female,stable,married,Grad,164.0,51.0,hanoi,18.96192742,yes,12-24mo,<12mo,request,yes,no,no,yes,yes,yes ,yes,no,yes,never,never,yes,yes,no,no,no,later,4.0,4.0,4.0,4.0,4.0,clinic,bad,12m,med,maybe,maybe,1.0,1.0,1.0,2.0,210,symptoms,18-29
1242,m01243,2016-09-27,41,male,stable,married,Grad,170.0,65.0,hanoi,22.49134948,yes,<12mo,<12mo,symptoms,no,no,no,no,no,yes ,yes,yes,yes,yes,never,yes,yes,yes,yes,yes,allsoon,3.0,3.0,3.0,3.0,3.0,clinic,quite,6m,low,yes,yes,3.0,3.0,3.0,3.0,200,symptoms,40-49
1243,m01244,2016-09-27,36,male,stable,married,Grad,170.0,67.0,hanoi,23.183391,yes,<12mo,<12mo,request,no,no,no,no,no,yes ,yes,yes,yes,never,never,yes,yes,yes,yes,yes,allsoon,3.0,3.0,3.0,3.0,3.0,selfstudy,quite,12m,med,maybe,maybe,3.0,2.0,4.0,3.0,200,symptoms,30-39
1244,m01245,2016-09-27,40,male,stable,married,Grad,175.0,78.0,hanoi,25.46938776,yes,<12mo,<12mo,request,no,no,no,no,no,yes ,yes,no,yes,never,never,yes,yes,yes,yes,yes,allsoon,3.0,3.0,3.0,3.0,3.0,selfstudy,good,6m,low,yes,yes,3.0,3.0,3.0,3.0,250,disease_concern,40-49
1245,m01246,2016-09-27,42,male,stable,married,Grad,168.0,60.0,hanoi,21.2585034,yes,<12mo,<12mo,request,yes,no,no,no,no,yes ,no,no,no,never,never,no,no,yes,yes,yes,allsoon,4.0,3.0,2.0,4.0,1.0,selfstudy,quite,12m,med,maybe,maybe,4.0,3.0,4.0,3.0,unknown,symptoms,40-49
1246,m01247,2016-09-26,32,male,stable,married,Grad,157.0,53.0,hanoi,21.50188649,yes,<12mo,<12mo,request,no,no,no,no,yes,no,yes,no,no,never,never,yes,no,no,no,no,later,4.0,4.0,4.0,4.0,4.0,selfstudy,bad,12m,med,maybe,yes,2.0,1.0,2.0,2.0,210,symptoms,30-39
1247,m01248,2016-09-26,29,male,stable,unmarried,Grad,160.0,60.0,hanoi,23.4375,yes,unknown,<12mo,request,yes,yes,yes,yes,yes,no,yes,no,no,never,never,yes,no,no,no,no,later,4.0,4.0,2.0,4.0,5.0,askrel,bad,12m,med,yes,yes,4.0,2.0,2.0,4.0,unknown,disease_concern,18-29
1248,m01249,2016-09-26,37,female,stable,married,Grad,159.0,55.0,hanoi,21.75546853,yes,<12mo,<12mo,request,yes,no,no,yes,no,no,yes,yes,no,never,never,yes,yes,yes,yes,no,later,3.0,3.0,2.0,3.0,3.0,selfstudy,bad,g18m,med,yes,no,3.0,2.0,2.0,2.0,210,disease_concern,30-39
1249,m01250,2016-09-26,35,female,stable,married,Grad,155.0,50.0,hanoi,20.81165453,yes,<12mo,<12mo,symptoms,yes,yes,yes,yes,yes,yes ,yes,no,no,never,never,yes,yes,no,no,no,partly ,4.0,4.0,2.0,2.0,1.0,askrel,quite,12m,med,maybe,maybe,4.0,4.0,4.0,3.0,unknown,symptoms,30-39
1250,m01251,2016-09-28,51,male,stable,married,Grad,169.0,64.0,hanoi,22.40817899,yes,<12mo,<12mo,symptoms,no,no,no,no,no,yes ,yes,yes,yes,never,yes,yes,yes,no,yes,yes,allsoon,4.0,3.0,3.0,4.0,4.0,clinic,quite,12m,hi,maybe,maybe,5.0,5.0,5.0,5.0,600,disease_concern,>=50
1251,m01252,2016-09-28,40,male,stable,married,Middle,163.0,55.0,hanoi,20.70081674,no,>24mo,unknown,disease_concern,no,no,yes,yes,yes,yes ,yes,yes,yes,never,yes,yes,yes,no,yes,no,allsoon,3.0,3.0,3.0,3.0,3.0,clinic,unknown,6m,med,maybe,maybe,5.0,5.0,5.0,5.0,unknown,symptoms,40-49
1252,m01253,2016-09-28,37,male,stable,married,PostGrad,173.0,70.0,hanoi,23.38868656,yes,<12mo,unknown,disease_concern,no,no,yes,yes,yes,yes ,yes,yes,yes,yes,yes,yes,yes,yes,yes,yes,allsoon,3.0,3.0,3.0,3.0,3.0,clinic,unknown,6m,med,maybe,maybe,5.0,5.0,5.0,5.0,unknown,symptoms,30-39
1253,m01254,2016-09-28,34,female,stable,married,Grad,152.0,50.0,hanoi,21.64127424,yes,<12mo,<12mo,request,no,no,no,no,no,yes ,yes,yes,yes,never,yes,yes,yes,no,no,yes,allsoon,3.0,3.0,3.0,3.0,3.0,clinic,bad,6m,low,maybe,maybe,2.0,3.0,3.0,3.0,unknown,symptoms,30-39
1254,m01255,2016-09-29,32,male,stable,married,Grad,173.0,60.0,hanoi,20.04744562,yes,<12mo,<12mo,request,yes,yes,no,no,no,yes ,no,yes,yes,never,yes,yes,yes,yes,yes,yes,allsoon,1.0,2.0,3.0,1.0,1.0,clinic,unknown,6m,low,yes,yes,1.0,1.0,1.0,2.0,unknown,symptoms,30-39
1255,m01256,2016-09-29,45,female,stable,married,Grad,155.0,50.0,hanoi,20.81165453,yes,<12mo,<12mo,request,yes,no,no,no,no,no,yes,no,no,never,never,yes,yes,no,yes,no,allsoon,4.0,4.0,5.0,5.0,5.0,clinic,quite,6m,low,yes,yes,3.0,2.0,2.0,2.0,210,symptoms,40-49
1256,m01257,2016-09-29,24,female,stable,unmarried,Grad,160.0,58.0,hungyen,22.65625,yes,12-24mo,12-24mo,symptoms,no,yes,no,no,no,yes ,no,no,no,never,never,yes,no,no,no,no,allsoon,3.0,3.0,3.0,3.0,3.0,askrel,quite,12m,low,yes,yes,3.0,3.0,3.0,3.0,315,disease_concern,18-29
1257,m01258,2016-09-29,25,female,stable,unmarried,Grad,162.0,48.0,hanoi,18.28989483,yes,<12mo,<12mo,request,no,no,no,no,yes,no,yes,no,no,yes,never,no,yes,no,no,no,partly ,4.0,5.0,5.0,5.0,5.0,clinic,quite,12m,med,yes,maybe,3.0,3.0,4.0,3.0,180,symptoms,18-29
1258,m01259,2016-09-29,26,female,stable,married,Grad,158.0,46.0,hanoi,18.42653421,yes,<12mo,unknown,volunteer,yes,yes,no,no,yes,yes ,no,no,no,never,never,yes,yes,no,no,no,allsoon,2.5,2.5,1.5,2.0,2.0,clinic,unknown,6m,low,yes,yes,3.0,2.5,2.0,2.0,210,symptoms,18-29
1259,m01260,2016-09-29,53,female,stable,married,Grad,160.0,62.0,hanoi,24.21875,yes,<12mo,<12mo,volunteer,no,no,no,no,no,yes ,no,no,no,never,never,yes,yes,no,no,no,allsoon,3.0,2.0,3.0,2.0,2.0,clinic,good,12m,hi,no,yes,5.0,3.0,4.0,3.0,210,symptoms,>=50
1260,m01261,2016-09-30,29,female,stable,married,Grad,155.0,53.0,hanoi,22.0603538,yes,<12mo,<12mo,request,no,yes,no,no,no,yes ,no,no,no,never,never,yes,yes,no,no,no,allsoon,5.0,4.0,4.0,5.0,2.0,askrel,quite,12m,low,maybe,maybe,5.0,5.0,5.0,5.0,unknown,disease_concern,18-29
1261,m01262,2016-09-30,23,female,stable,unmarried,Grad,160.0,50.0,hanoi,19.53125,yes,<12mo,<12mo,request,no,yes,no,no,no,yes ,no,no,no,never,never,yes,yes,no,no,no,allsoon,5.0,4.0,4.0,4.0,2.0,askrel,quite,12m,low,maybe,maybe,5.0,5.0,5.0,5.0,unknown,disease_concern,18-29
1262,m01263,2016-09-30,31,female,stable,married,Grad,160.0,56.0,hanoi,21.875,yes,<12mo,<12mo,request,no,no,no,no,yes,yes ,yes,no,no,never,never,yes,yes,no,no,no,allsoon,3.0,5.0,2.0,4.0,1.0,clinic,quite,6m,low,maybe,maybe,5.0,1.0,2.0,4.0,unknown,symptoms,30-39
1263,m01264,2016-09-30,34,female,stable,married,Grad,164.0,53.0,hanoi,19.70553242,yes,<12mo,<12mo,request,no,yes,no,yes,no,yes ,yes,no,no,never,never,yes,no,no,yes,no,allsoon,2.0,5.0,2.0,4.0,3.0,clinic,bad,12m,med,yes,yes,5.0,2.0,5.0,5.0,unknown,symptoms,30-39
1264,m01265,2016-09-30,43,male,stable,married,Grad,160.0,48.0,hanoi,18.75,yes,<12mo,<12mo,request,no,no,no,yes,no,yes ,yes,no,no,never,never,yes,yes,yes,yes,no,allsoon,2.0,5.0,1.0,4.0,3.0,clinic,quite,12m,med,yes,yes,5.0,2.0,4.0,3.0,250,disease_concern,40-49
1265,m01266,2016-09-30,35,male,stable,married,Middle,170.0,61.0,hanoi,21.10726644,yes,unknown,<12mo,request,no,no,no,yes,no,yes ,no,no,yes,never,never,yes,yes,yes,yes,yes,allsoon,3.0,3.0,3.0,3.0,3.0,clinic,unknown,12m,low,no,maybe,3.0,3.0,3.0,3.0,unknown,symptoms,30-39
1266,m01267,2016-09-30,25,male,stable,unmarried,Grad,162.0,60.0,hanoi,22.86236854,yes,<12mo,<12mo,request,no,no,no,no,no,yes ,yes,yes,yes,never,yes,yes,yes,yes,no,yes,later,4.0,4.0,3.0,4.0,5.0,clinic,quite,6m,low,yes,maybe,4.0,4.0,3.0,4.0,450,symptoms,18-29
1267,m01268,2016-09-30,58,male,stable,other,Grad,168.0,60.0,hanoi,21.2585034,yes,<12mo,<12mo,symptoms,no,no,no,yes,no,yes ,yes,yes,yes,yes,yes,no,no,yes,yes,yes,later,5.0,4.0,5.0,4.0,4.0,clinic,quite,12m,med,yes,maybe,4.0,3.0,5.0,4.0,420,symptoms,>=50
1268,m01269,2016-09-24,27,male,unstable,unmarried,Grad,171.0,68.0,hanoi,23.25501864,yes,unknown,unknown,symptoms,yes,yes,yes,no,yes,yes ,yes,no,no,yes,yes,no,yes,no,no,yes,partly ,3.0,2.0,2.0,2.0,2.0,askrel,unknown,12m,med,maybe,maybe,2.0,2.0,2.0,2.0,420,symptoms,18-29
1269,m01270,2016-09-24,26,male,stable,married,Grad,165.0,60.0,hanoi,22.03856749,no,unknown,unknown,volunteer,yes,yes,no,no,no,yes ,yes,no,no,never,never,yes,no,yes,no,no,allsoon,3.0,4.0,3.0,1.0,4.0,selfstudy,quite,g18m,hi,yes,yes,3.0,3.0,1.0,3.0,unknown,symptoms,18-29
1270,m01271,2016-09-24,26,female,student,unmarried,Grad,164.0,50.0,hanoi,18.59012493,no,<12mo,<12mo,request,yes,no,no,yes,no,yes ,no,no,no,never,yes,yes,yes,yes,yes,no,later,5.0,4.0,3.0,2.0,1.0,clinic,quite,12m,hi,maybe,maybe,3.0,4.0,3.0,2.0,120,symptoms,18-29
1271,m01272,2016-09-19,26,female,unstable,unmarried,Grad,164.0,58.0,hanoi,21.56454491,yes,unknown,unknown,request,yes,no,no,no,no,no,yes,no,no,never,never,yes,yes,yes,yes,yes,later,4.0,4.0,3.0,2.0,1.0,askrel,unknown,6m,low,no,no,5.0,4.0,3.0,3.0,unknown,symptoms,18-29
1272,m01273,2016-09-19,26,female,stable,unmarried,Grad,167.0,54.0,hanoi,19.36247266,yes,<12mo,<12mo,volunteer,yes,no,no,no,no,yes ,no,no,no,never,never,yes,no,yes,no,yes,partly ,4.0,4.0,3.0,4.0,4.0,clinic,good,12m,low,yes,yes,4.0,4.0,4.0,4.0,150,symptoms,18-29
1273,m01274,2016-09-24,30,female,stable,married,Grad,160.0,50.0,hanoi,19.53125,yes,<12mo,<12mo,volunteer,yes,no,no,no,no,no,no,no,yes,never,yes,yes,yes,yes,yes,yes,partly ,3.0,3.0,2.0,5.0,4.0,selfstudy,quite,6m,low,maybe,maybe,4.0,4.0,3.0,2.0,140,symptoms,30-39
1274,m01275,2016-09-24,23,male,stable,unmarried,Grad,171.0,65.0,hanoi,22.22906193,yes,12-24mo,<12mo,request,yes,yes,no,no,yes,yes ,yes,yes,yes,never,never,yes,yes,yes,yes,no,partly ,3.0,4.0,2.0,3.0,4.0,askrel,bad,12m,low,maybe,maybe,5.0,1.0,3.0,4.0,unknown,symptoms,18-29
1275,m01276,2016-09-24,24,male,stable,unmarried,Grad,170.0,65.0,hanoi,22.49134948,yes,12-24mo,12-24mo,symptoms,yes,yes,yes,yes,yes,yes ,yes,yes,no,never,never,yes,yes,no,yes,yes,partly ,5.0,5.0,5.0,5.0,5.0,clinic,bad,12m,med,yes,yes,4.0,4.0,4.0,4.0,unknown,symptoms,18-29
1276,m01277,2016-09-24,28,male,stable,married,Grad,160.0,62.0,hanoi,24.21875,yes,<12mo,<12mo,request,yes,no,yes,yes,yes,yes ,no,no,yes,yes,never,yes,yes,no,yes,yes,allsoon,3.0,4.0,3.0,4.0,3.5,clinic,quite,12m,med,maybe,maybe,3.5,3.0,3.0,4.0,unknown,disease_concern,18-29
1277,m01278,2016-09-24,30,female,unstable,married,Grad,154.0,46.0,hanoi,19.39618823,yes,<12mo,<12mo,volunteer,yes,yes,no,no,no,yes ,no,no,no,never,yes,yes,yes,no,no,yes,allsoon,1.0,1.0,1.0,3.0,2.0,askrel,bad,6m,low,maybe,maybe,2.0,1.0,1.0,3.0,unknown,symptoms,30-39
1278,m01279,2016-09-24,28,female,unstable,married,Grad,154.0,45.0,hanoi,18.97453196,no,unknown,unknown,symptoms,yes,yes,no,no,no,yes ,no,yes,yes,never,never,yes,no,no,yes,yes,allsoon,1.0,1.0,1.0,3.0,1.0,askrel,bad,6m,med,maybe,maybe,5.0,3.0,3.0,2.0,unknown,symptoms,18-29
1279,m01280,2016-09-24,28,male,stable,unmarried,PostGrad,172.0,68.0,hanoi,22.98539751,no,<12mo,<12mo,volunteer,no,yes,no,yes,no,yes ,no,no,yes,never,never,yes,yes,no,no,no,later,3.0,3.0,2.0,4.0,2.0,clinic,good,6m,med,no,maybe,3.0,3.0,2.0,2.0,180,disease_concern,18-29
1280,m01281,2016-09-19,26,female,stable,unmarried,PostGrad,162.0,46.0,hanoi,17.52781588,yes,<12mo,<12mo,request,yes,no,no,no,yes,yes ,yes,yes,yes,never,never,yes,yes,yes,yes,yes,allsoon,4.0,3.0,4.0,5.0,3.0,selfstudy,bad,6m,med,maybe,maybe,4.0,2.0,3.0,1.0,unknown,symptoms,18-29
1281,m01282,2016-09-21,24,male,student,unmarried,Grad,170.0,69.0,hanoi,23.87543253,yes,unknown,unknown,request,yes,yes,no,no,no,yes ,no,no,no,never,yes,no,yes,yes,yes,no,partly ,3.0,2.0,3.0,1.0,4.0,selfstudy,quite,12m,med,maybe,maybe,3.0,1.0,2.0,4.0,unknown,disease_concern,18-29
1282,m01283,2016-09-18,38,female,stable,married,Grad,155.0,50.0,hanoi,20.81165453,yes,<12mo,<12mo,request,yes,no,no,no,yes,yes ,yes,yes,yes,never,never,yes,yes,yes,yes,yes,allsoon,3.0,4.0,2.0,3.0,2.0,clinic,quite,6m,low,yes,maybe,2.0,2.0,3.0,2.0,210,symptoms,30-39
1283,m01284,2016-09-19,42,female,stable,married,Middle,152.0,50.0,hanoi,21.64127424,yes,<12mo,<12mo,request,yes,no,yes,yes,yes,yes ,yes,yes,no,never,never,yes,yes,no,yes,no,partly ,3.0,3.0,3.0,3.0,3.0,clinic,good,6m,low,maybe,maybe,2.0,2.0,1.0,2.0,180,disease_concern,40-49
1284,m01285,2016-09-18,39,female,stable,unmarried,Middle,155.0,50.0,hanoi,20.81165453,no,<12mo,<12mo,symptoms,no,yes,no,no,no,yes ,yes,yes,yes,never,never,yes,yes,no,yes,no,partly ,3.0,2.0,2.0,2.0,1.0,clinic,good,6m,low,maybe,maybe,3.0,3.0,3.0,2.0,180,disease_concern,30-39
1285,m01286,2016-09-19,42,female,stable,married,Grad,160.0,65.0,hanoi,25.390625,yes,<12mo,unknown,disease_concern,yes,yes,no,yes,no,yes ,yes,no,no,never,yes,yes,yes,no,no,yes,later,2.0,3.0,2.0,3.0,2.0,clinic,good,6m,low,maybe,maybe,1.0,1.0,1.0,1.0,180,symptoms,40-49
1286,m01287,2016-09-19,33,female,stable,married,Middle,160.0,67.0,hanoi,26.171875,yes,<12mo,<12mo,volunteer,yes,yes,yes,yes,no,yes ,yes,no,no,never,yes,yes,yes,yes,yes,no,partly ,2.0,2.0,2.0,2.0,2.0,clinic,good,6m,low,maybe,maybe,2.0,1.0,2.0,2.0,180,symptoms,30-39
1287,m01288,2016-09-19,22,male,unstable,unmarried,Middle,168.0,75.0,hanoi,26.57312925,no,<12mo,<12mo,volunteer,no,no,no,yes,no,yes ,no,yes,no,never,never,yes,yes,yes,no,no,later,3.0,3.0,3.0,3.0,2.0,clinic,good,6m,low,maybe,maybe,2.0,2.0,2.0,2.0,180,disease_concern,18-29
1288,m01289,2016-09-19,24,female,stable,unmarried,Grad,158.0,52.0,hanoi,20.82999519,yes,<12mo,<12mo,volunteer,yes,yes,yes,yes,yes,yes ,no,no,no,never,yes,yes,yes,no,yes,yes,allsoon,3.0,2.0,2.0,2.0,1.0,clinic,good,6m,low,maybe,maybe,3.0,2.0,3.0,2.0,180,symptoms,18-29
1289,m01290,2016-09-19,34,female,stable,married,Grad,156.0,54.0,hanoi,22.18934911,yes,<12mo,<12mo,volunteer,yes,no,no,yes,no,yes ,no,no,yes,never,never,yes,yes,no,yes,yes,later,3.0,3.0,2.0,5.0,4.0,clinic,quite,12m,low,yes,yes,5.0,4.0,5.0,5.0,540,symptoms,30-39
1290,m01291,2016-09-18,43,female,stable,married,Middle,156.0,54.0,hanoi,22.18934911,yes,<12mo,<12mo,symptoms,no,no,no,no,no,yes ,yes,yes,yes,never,never,yes,yes,no,yes,no,allsoon,3.0,2.0,2.0,2.0,2.0,clinic,quite,6m,low,maybe,maybe,2.0,2.0,2.0,2.0,180,disease_concern,40-49
1291,m01292,2016-09-19,34,female,stable,married,Middle,158.0,56.0,hanoi,22.43230252,yes,<12mo,<12mo,request,no,no,no,no,no,yes ,no,no,yes,never,never,yes,yes,no,no,no,allsoon,3.0,2.0,2.0,2.0,2.0,clinic,good,6m,low,yes,yes,1.0,2.0,2.0,1.0,unknown,disease_concern,30-39
1292,m01293,2016-09-20,28,female,stable,married,Middle,160.0,52.0,hanoi,20.3125,yes,unknown,<12mo,volunteer,no,no,no,yes,no,yes ,yes,yes,yes,never,never,yes,yes,yes,no,yes,allsoon,2.0,2.0,2.0,2.0,2.0,clinic,quite,6m,low,yes,maybe,2.0,2.0,2.0,2.0,unknown,symptoms,18-29
1293,m01294,2016-09-20,48,female,stable,married,Grad,155.0,59.0,hanoi,24.55775234,yes,unknown,unknown,request,yes,no,yes,no,no,yes ,yes,yes,yes,never,never,yes,yes,yes,no,yes,allsoon,3.0,3.0,3.0,3.0,2.0,clinic,bad,18m,low,no,no,2.0,2.0,2.0,2.0,unknown,symptoms,40-49
1294,m01295,2016-09-20,33,female,stable,married,Middle,157.0,52.0,hanoi,21.09619051,yes,<12mo,<12mo,volunteer,no,no,no,yes,no,yes ,yes,yes,yes,never,never,yes,yes,yes,no,yes,allsoon,3.0,3.0,3.0,3.0,3.0,clinic,good,6m,low,yes,maybe,2.0,2.0,2.0,2.0,unknown,symptoms,30-39
1295,m01296,2016-09-20,27,female,stable,married,Middle,160.0,49.0,hanoi,19.140625,yes,unknown,<12mo,volunteer,no,no,no,no,no,yes ,yes,yes,yes,never,never,yes,yes,yes,no,yes,partly ,3.0,2.0,3.0,3.0,2.0,clinic,good,6m,low,yes,maybe,2.0,3.0,2.0,2.0,unknown,symptoms,18-29
1296,m01297,2016-09-19,38,female,stable,married,Middle,170.0,74.0,hanoi,25.60553633,yes,<12mo,<12mo,request,no,no,no,no,yes,yes ,yes,no,no,never,never,yes,yes,yes,no,yes,allsoon,5.0,4.0,4.0,4.0,4.0,clinic,quite,6m,low,yes,yes,2.0,2.0,2.0,2.0,unknown,symptoms,30-39
1297,m01298,2016-09-19,30,female,stable,married,Grad,158.0,65.0,hanoi,26.03749399,yes,<12mo,<12mo,volunteer,no,no,no,no,yes,yes ,no,no,no,never,never,yes,yes,no,no,no,allsoon,5.0,4.0,4.0,4.0,4.0,clinic,quite,6m,low,yes,yes,2.0,2.0,2.0,2.0,unknown,symptoms,30-39
1298,m01299,2016-09-17,27,female,stable,unmarried,Grad,160.0,50.0,hanoi,19.53125,yes,<12mo,<12mo,request,no,no,no,no,yes,yes ,no,yes,yes,never,never,yes,no,no,no,yes,later,3.0,3.0,3.0,3.0,3.0,clinic,quite,6m,med,no,no,3.0,3.0,3.0,3.0,unknown,disease_concern,18-29
1299,m01300,2016-09-17,32,male,stable,married,Grad,175.0,69.0,hanoi,22.53061224,yes,<12mo,12-24mo,request,yes,yes,no,yes,yes,yes ,yes,yes,yes,never,never,yes,yes,yes,no,yes,allsoon,2.0,2.0,2.0,2.0,2.0,askrel,quite,12m,med,yes,maybe,3.0,3.0,3.0,3.0,unknown,symptoms,30-39
1300,m01301,2016-09-26,30,male,stable,unmarried,Grad,170.0,67.0,hanoi,23.183391,yes,unknown,<12mo,request,yes,yes,no,yes,yes,yes ,yes,yes,yes,never,never,yes,yes,yes,yes,yes,allsoon,4.0,3.0,2.0,3.0,4.0,selfstudy,good,12m,low,yes,maybe,4.0,3.0,3.0,3.0,unknown,symptoms,30-39
1301,m01302,2016-09-26,27,male,stable,married,Grad,172.0,61.0,hanoi,20.61925365,yes,<12mo,<12mo,request,yes,no,no,no,no,yes ,no,yes,yes,never,never,yes,no,no,no,no,allsoon,5.0,5.0,5.0,5.0,5.0,selfstudy,quite,12m,hi,maybe,maybe,5.0,5.0,5.0,5.0,600,disease_concern,18-29
1302,m01303,2016-09-26,32,male,stable,married,Grad,173.0,76.0,hanoi,25.39343112,yes,<12mo,<12mo,request,no,yes,no,yes,yes,no,yes,yes,no,never,never,yes,yes,no,no,no,partly ,5.0,4.0,3.0,2.0,5.0,askrel,bad,6m,low,maybe,maybe,5.0,4.0,3.0,2.0,unknown,symptoms,30-39
1303,m01304,2016-09-28,27,female,stable,married,Grad,162.0,47.0,hanoi,17.90885536,yes,<12mo,<12mo,request,no,yes,yes,yes,yes,yes ,yes,yes,no,never,never,yes,yes,no,no,no,partly ,4.0,3.0,3.0,4.0,5.0,askrel,unknown,6m,low,maybe,maybe,2.0,2.0,1.0,2.0,unknown,disease_concern,18-29
1304,m01305,2016-09-26,30,male,stable,unmarried,PostGrad,166.0,64.0,hungyen,23.22543185,yes,<12mo,<12mo,volunteer,no,no,yes,yes,no,yes ,no,no,yes,never,never,yes,yes,no,no,yes,allsoon,5.0,5.0,5.0,4.0,4.0,askrel,unknown,12m,low,no,no,4.0,4.0,4.0,4.0,unknown,symptoms,30-39
1305,m01306,2016-09-27,29,female,stable,unmarried,Grad,164.0,51.0,hanoi,18.96192742,yes,<12mo,<12mo,request,no,no,no,no,no,yes ,yes,yes,yes,never,never,yes,yes,yes,yes,yes,allsoon,4.0,4.0,4.0,4.0,4.0,clinic,quite,6m,low,maybe,maybe,3.0,2.0,2.0,3.0,unknown,symptoms,18-29
1306,m01307,2016-09-26,33,male,stable,married,Grad,168.0,64.0,hanoi,22.67573696,yes,<12mo,<12mo,request,no,yes,no,yes,no,yes ,no,yes,yes,never,yes,yes,yes,no,yes,yes,allsoon,5.0,4.0,4.0,5.0,5.0,clinic,unknown,12m,low,yes,yes,3.0,3.0,3.0,5.0,unknown,symptoms,30-39
1307,m01308,2016-09-26,33,male,stable,unmarried,PostGrad,164.0,64.0,hanoi,23.7953599,yes,<12mo,<12mo,request,yes,no,no,no,yes,yes ,yes,yes,yes,never,never,yes,yes,no,yes,no,allsoon,5.0,5.0,5.0,5.0,5.0,askrel,good,12m,med,maybe,maybe,4.0,4.0,4.0,4.0,360,disease_concern,30-39
1308,m01309,2016-09-26,25,male,stable,unmarried,Grad,181.0,81.0,hanoi,24.72452001,yes,unknown,unknown,request,no,no,yes,no,yes,yes ,yes,yes,yes,never,never,yes,no,yes,yes,yes,allsoon,4.0,5.0,5.0,4.0,3.0,askrel,quite,6m,low,yes,yes,4.0,4.0,4.0,4.0,180,symptoms,18-29
1309,m01310,2016-09-26,25,male,stable,married,Grad,163.0,62.0,hanoi,23.33546614,yes,<12mo,<12mo,request,yes,yes,yes,yes,yes,yes ,yes,yes,yes,never,never,yes,yes,yes,yes,yes,allsoon,3.0,4.0,3.0,4.0,5.0,clinic,quite,12m,med,maybe,maybe,4.0,4.0,4.0,4.0,420,disease_concern,18-29
1310,m01311,2016-09-26,31,male,stable,married,Grad,170.0,58.0,hanoi,20.06920415,yes,<12mo,<12mo,request,yes,yes,no,yes,yes,no,yes,yes,yes,never,yes,yes,no,no,no,no,allsoon,2.0,3.0,3.0,1.0,1.0,selfstudy,unknown,g18m,med,no,maybe,2.0,3.0,1.0,2.0,130,symptoms,30-39
1311,m01312,2016-09-26,24,female,stable,unmarried,Grad,159.0,47.0,hanoi,18.59103675,yes,unknown,<12mo,request,yes,yes,yes,no,yes,yes ,yes,yes,no,never,never,yes,yes,yes,yes,yes,partly ,4.0,4.0,4.0,4.0,4.0,askrel,quite,6m,low,maybe,yes,4.0,4.0,4.0,4.0,100,symptoms,18-29
1312,m01313,2016-09-26,40,female,stable,married,Grad,153.0,52.0,hanoi,22.2136785,yes,<12mo,unknown,request,yes,yes,no,yes,yes,yes ,no,no,yes,never,never,yes,yes,yes,no,no,allsoon,4.0,3.0,3.0,4.0,5.0,selfstudy,quite,12m,med,yes,maybe,2.0,1.0,2.0,2.0,unknown,symptoms,40-49
1313,m01314,2016-09-28,30,male,stable,married,Grad,175.0,70.0,hanoi,22.85714286,yes,<12mo,<12mo,volunteer,no,no,no,no,no,yes ,yes,yes,yes,never,never,yes,yes,yes,yes,yes,allsoon,5.0,4.0,4.0,5.0,5.0,clinic,good,6m,med,yes,yes,5.0,5.0,5.0,5.0,240,disease_concern,30-39
1314,m01315,2016-09-26,35,male,stable,married,PostGrad,165.0,55.0,hanoi,20.2020202,yes,<12mo,<12mo,request,no,no,no,no,no,yes ,yes,yes,yes,yes,never,yes,yes,yes,yes,yes,allsoon,3.0,4.0,4.0,4.0,4.0,clinic,quite,12m,hi,yes,maybe,4.0,5.0,4.0,5.0,unknown,symptoms,30-39
1315,m01316,2016-09-26,31,female,stable,married,Grad,150.0,48.0,hanoi,21.33333333,yes,<12mo,<12mo,request,no,no,no,no,no,yes ,yes,yes,yes,yes,never,yes,yes,yes,no,no,allsoon,4.0,4.0,5.0,5.0,5.0,clinic,quite,12m,med,yes,yes,3.0,3.0,3.0,3.0,600,symptoms,30-39
1316,m01317,2016-09-26,29,male,stable,unmarried,Grad,170.0,73.0,hanoi,25.25951557,yes,12-24mo,12-24mo,volunteer,no,no,no,no,yes,yes ,no,no,no,never,never,yes,no,no,no,yes,allsoon,5.0,4.0,5.0,4.0,4.0,clinic,quite,6m,med,yes,yes,5.0,4.0,4.0,4.0,unknown,disease_concern,18-29
1317,m01318,2016-09-26,32,female,stable,married,PostGrad,153.0,47.0,hanoi,20.07774787,yes,<12mo,<12mo,request,no,no,yes,yes,yes,yes ,yes,yes,yes,never,yes,yes,yes,no,yes,yes,allsoon,3.0,3.0,5.0,4.0,5.0,askrel,good,12m,med,no,maybe,4.0,4.0,4.0,4.0,210,symptoms,30-39
1318,m01319,2016-09-26,32,male,stable,married,PostGrad,165.0,52.0,hanoi,19.10009183,yes,<12mo,<12mo,request,no,no,no,yes,no,yes ,yes,yes,yes,never,never,yes,yes,yes,yes,yes,allsoon,4.0,4.0,4.0,4.0,4.0,askrel,quite,6m,hi,maybe,yes,3.0,3.0,3.0,3.0,unknown,symptoms,30-39
1319,m01320,2016-09-26,34,male,stable,married,Grad,167.0,61.0,hanoi,21.87242282,yes,<12mo,<12mo,request,yes,yes,no,yes,yes,yes ,yes,no,no,never,never,yes,no,no,no,yes,later,3.0,3.0,3.0,4.0,4.0,clinic,good,12m,low,no,no,3.0,3.0,3.0,3.0,unknown,symptoms,30-39
1320,m01321,2016-09-26,43,female,stable,married,Grad,160.0,52.0,hanoi,20.3125,yes,<12mo,<12mo,request,yes,no,no,no,yes,yes ,yes,no,no,yes,yes,no,no,yes,yes,yes,allsoon,4.0,4.0,3.0,4.0,4.0,clinic,bad,6m,hi,yes,yes,2.0,4.0,3.0,5.0,350,symptoms,40-49
1321,m01322,2016-09-26,42,female,stable,married,Grad,162.0,57.0,hanoi,21.71925011,yes,<12mo,<12mo,request,yes,yes,yes,yes,yes,yes ,yes,yes,yes,never,never,yes,yes,no,yes,yes,partly ,4.0,3.0,5.0,3.0,3.0,selfstudy,unknown,12m,low,yes,yes,4.0,1.0,2.0,2.0,210,symptoms,40-49
1322,m01323,2016-09-26,29,female,stable,married,Grad,150.0,62.0,hanoi,27.55555556,yes,<12mo,<12mo,request,no,yes,yes,yes,no,yes ,yes,no,no,never,never,yes,yes,no,no,yes,allsoon,3.0,4.0,2.0,4.0,5.0,clinic,quite,6m,low,yes,maybe,3.0,2.0,2.0,3.0,420,symptoms,18-29
1323,m01324,2016-09-26,32,male,stable,married,Grad,170.0,68.0,hanoi,23.52941176,yes,<12mo,<12mo,request,yes,yes,yes,yes,yes,yes ,yes,yes,no,never,never,yes,yes,no,no,no,allsoon,3.0,3.0,3.0,3.0,3.0,clinic,good,12m,med,yes,yes,3.0,3.0,3.0,3.0,unknown,symptoms,30-39
1324,m01325,2016-09-28,34,male,stable,married,Grad,172.0,75.0,hanoi,25.35154137,yes,<12mo,<12mo,request,yes,yes,yes,yes,yes,yes ,yes,no,yes,never,never,yes,no,no,no,no,allsoon,3.0,3.0,3.0,3.0,3.0,clinic,good,12m,med,yes,yes,3.0,3.0,3.0,3.0,unknown,symptoms,30-39
1325,m01326,2016-09-26,35,male,stable,married,Grad,170.0,71.0,hanoi,24.56747405,yes,12-24mo,12-24mo,request,yes,yes,no,yes,yes,yes ,yes,no,yes,never,never,yes,no,no,no,yes,partly ,3.0,4.0,5.0,3.0,4.0,clinic,quite,12m,med,maybe,maybe,4.0,5.0,4.0,5.0,unknown,symptoms,30-39
1326,m01327,2016-09-28,34,male,stable,married,Grad,170.0,70.0,hanoi,24.22145329,yes,unknown,unknown,symptoms,yes,yes,yes,yes,yes,yes ,no,no,no,never,never,yes,yes,yes,no,no,allsoon,5.0,4.0,3.0,4.0,3.0,askrel,good,12m,med,yes,yes,3.0,4.0,3.0,4.0,unknown,symptoms,30-39
1327,m01328,2016-09-26,24,female,stable,married,Grad,157.0,43.0,hanoi,17.44492677,yes,<12mo,<12mo,request,yes,yes,yes,yes,yes,yes ,yes,yes,yes,never,never,yes,yes,yes,yes,yes,allsoon,3.0,3.5,3.0,3.0,3.0,selfstudy,quite,12m,med,yes,yes,3.0,3.0,3.0,3.0,60,disease_concern,18-29
1328,m01329,2016-09-28,37,female,stable,married,Grad,150.0,48.0,hanoi,21.33333333,yes,<12mo,<12mo,volunteer,yes,yes,yes,yes,yes,yes ,yes,no,no,never,never,yes,yes,yes,no,yes,allsoon,5.0,3.0,4.0,3.0,4.0,clinic,good,12m,med,yes,yes,4.0,4.0,3.0,3.0,unknown,symptoms,30-39
1329,m01330,2016-09-28,33,male,stable,married,Grad,170.0,68.0,hanoi,23.52941176,yes,<12mo,<12mo,request,yes,yes,yes,no,no,yes ,no,yes,yes,yes,yes,yes,yes,yes,yes,no,allsoon,4.0,4.0,4.0,3.0,4.0,askrel,bad,6m,hi,no,no,4.0,3.0,3.0,3.0,200,symptoms,30-39
1330,m01331,2016-09-26,34,male,stable,married,Grad,160.0,62.0,hanoi,24.21875,yes,12-24mo,12-24mo,symptoms,no,no,no,yes,no,yes ,no,no,no,never,yes,no,no,yes,yes,no,partly ,1.0,1.0,1.0,1.0,1.0,selfstudy,quite,12m,med,yes,yes,2.0,2.0,2.0,2.0,unknown,symptoms,30-39
1331,m01332,2016-09-26,26,female,stable,married,Grad,163.0,50.0,hanoi,18.81892431,yes,<12mo,<12mo,request,yes,yes,yes,yes,yes,yes ,yes,yes,yes,never,never,yes,yes,yes,yes,yes,allsoon,3.0,3.0,3.0,3.0,3.0,selfstudy,quite,12m,med,no,no,3.0,3.0,3.0,3.0,60,disease_concern,18-29
1332,m01333,2016-09-27,32,male,stable,married,Grad,165.0,73.0,hanoi,26.81359045,yes,unknown,12-24mo,request,no,no,yes,yes,yes,yes ,yes,yes,yes,never,never,yes,yes,yes,no,yes,allsoon,4.0,3.0,3.0,3.0,2.0,clinic,unknown,6m,low,yes,maybe,2.0,3.0,2.0,1.0,unknown,symptoms,30-39
1333,m01334,2016-09-26,30,female,stable,married,Grad,154.0,48.0,hanoi,20.23950076,yes,<12mo,<12mo,request,yes,yes,no,yes,yes,yes ,yes,yes,yes,never,never,yes,yes,yes,yes,yes,allsoon,3.0,4.0,5.0,4.0,3.0,clinic,bad,6m,low,no,no,3.0,4.0,2.0,1.0,unknown,symptoms,30-39
1334,m01335,2016-09-26,27,male,stable,married,PostGrad,170.0,78.0,hanoi,26.98961938,yes,<12mo,<12mo,request,yes,yes,yes,yes,yes,yes ,no,yes,yes,never,never,yes,yes,no,yes,yes,allsoon,3.0,3.0,3.0,3.0,3.0,askrel,quite,6m,hi,maybe,no,3.0,3.0,3.0,3.0,300,symptoms,18-29
1335,m01336,2016-09-26,29,female,stable,unmarried,PostGrad,157.0,42.0,hanoi,17.0392308,yes,<12mo,<12mo,request,yes,yes,yes,yes,no,yes ,yes,no,no,never,yes,no,no,yes,yes,yes,allsoon,3.0,3.0,3.0,3.0,3.0,selfstudy,quite,6m,med,maybe,maybe,3.0,3.0,3.0,3.0,unknown,symptoms,18-29
1336,m01337,2016-09-26,33,male,stable,married,PostGrad,167.0,47.0,hanoi,16.8525225,yes,<12mo,<12mo,request,yes,yes,yes,yes,yes,yes ,yes,yes,yes,never,yes,yes,yes,yes,yes,yes,partly ,3.0,3.0,3.0,3.0,3.0,selfstudy,quite,6m,med,maybe,maybe,4.0,4.0,4.0,4.0,unknown,symptoms,30-39
1337,m01338,2016-09-27,35,male,stable,married,Grad,163.0,62.0,hanoi,23.33546614,yes,<12mo,<12mo,request,yes,yes,no,no,no,yes ,no,no,no,never,never,yes,yes,no,no,no,partly ,4.0,3.0,2.0,2.0,3.0,clinic,quite,12m,low,maybe,maybe,2.0,2.0,2.0,2.0,180,disease_concern,30-39
1338,m01339,2016-09-26,36,male,stable,married,PostGrad,170.0,60.0,hanoi,20.76124567,yes,<12mo,<12mo,request,no,no,no,yes,no,yes ,no,no,no,never,never,yes,no,yes,no,no,allsoon,5.0,5.0,5.0,5.0,5.0,selfstudy,bad,g18m,hi,maybe,maybe,5.0,5.0,5.0,5.0,500,disease_concern,30-39
1339,m01340,2016-09-25,29,male,stable,unmarried,Grad,174.0,65.0,hanoi,21.46915048,yes,<12mo,<12mo,request,yes,yes,yes,yes,yes,yes ,yes,no,no,yes,never,yes,yes,yes,yes,yes,allsoon,4.0,4.0,4.0,5.0,4.0,clinic,quite,12m,med,yes,yes,4.0,3.0,3.0,3.0,150,disease_concern,18-29
1340,m01341,2016-09-26,31,female,stable,married,Grad,156.0,50.0,hanoi,20.54569362,yes,<12mo,<12mo,request,no,no,no,no,no,yes ,yes,yes,yes,yes,yes,yes,yes,yes,yes,yes,allsoon,4.0,4.0,4.0,4.0,4.0,clinic,quite,12m,med,yes,yes,3.0,4.0,4.0,3.0,100,disease_concern,30-39
1341,m01342,2016-09-26,30,female,stable,married,PostGrad,163.0,49.0,hanoi,18.44254582,yes,<12mo,<12mo,request,no,no,no,no,no,yes ,yes,yes,yes,never,yes,yes,yes,yes,yes,yes,allsoon,5.0,4.0,5.0,5.0,4.0,clinic,quite,6m,med,yes,yes,3.0,4.0,4.0,3.0,120,disease_concern,30-39
1342,m01343,2016-09-26,33,male,stable,married,Grad,165.0,65.0,hanoi,23.87511478,yes,<12mo,<12mo,request,no,no,no,no,no,yes ,yes,yes,yes,never,yes,yes,yes,yes,no,no,allsoon,4.0,5.0,4.0,5.0,4.0,clinic,quite,12m,med,yes,yes,4.0,3.0,3.0,3.0,150,disease_concern,30-39
1343,m01344,2016-09-26,35,male,stable,married,Grad,174.0,66.0,hanoi,21.79944511,yes,<12mo,<12mo,request,no,no,no,no,no,yes ,yes,yes,yes,never,yes,yes,yes,yes,yes,yes,allsoon,5.0,5.0,4.0,5.0,4.0,clinic,good,12m,med,yes,yes,4.0,4.0,4.0,4.0,150,disease_concern,30-39
1344,m01345,2016-09-26,32,female,stable,married,PostGrad,157.0,49.0,hanoi,19.8791026,yes,<12mo,<12mo,request,no,no,no,no,no,yes ,yes,yes,yes,never,yes,yes,yes,no,yes,yes,allsoon,5.0,5.0,5.0,5.0,5.0,clinic,quite,12m,med,yes,yes,4.0,4.0,4.0,3.0,450,symptoms,30-39
1345,m01346,2016-09-26,26,female,stable,unmarried,Grad,163.0,50.0,hanoi,18.81892431,yes,<12mo,<12mo,request,yes,no,no,no,yes,yes ,yes,no,yes,never,never,yes,yes,no,yes,no,allsoon,4.0,3.0,3.0,2.0,3.0,clinic,unknown,12m,med,maybe,maybe,3.0,3.0,4.0,4.0,unknown,symptoms,18-29
1346,m01347,2016-09-26,34,female,stable,married,Grad,160.0,50.0,hanoi,19.53125,yes,<12mo,<12mo,request,yes,no,no,no,no,yes ,yes,yes,yes,never,never,yes,yes,yes,yes,yes,allsoon,5.0,4.0,4.0,5.0,4.0,clinic,good,12m,med,yes,yes,4.0,4.0,4.0,3.0,180,disease_concern,30-39
1347,m01348,2016-09-26,28,female,stable,married,Grad,155.0,48.0,hanoi,19.97918835,yes,<12mo,<12mo,request,no,no,no,no,no,yes ,yes,yes,yes,never,yes,yes,yes,yes,yes,no,allsoon,4.0,5.0,4.0,5.0,4.0,clinic,quite,12m,med,yes,yes,3.0,3.0,3.0,3.0,120,disease_concern,18-29
1348,m01349,2016-09-26,33,male,stable,married,PostGrad,170.0,65.0,hanoi,22.49134948,yes,<12mo,<12mo,request,no,no,no,no,no,yes ,yes,yes,yes,never,never,no,yes,no,yes,yes,allsoon,5.0,5.0,5.0,5.0,5.0,askrel,quite,12m,med,yes,yes,4.0,3.0,3.0,3.0,unknown,symptoms,30-39
1349,m01350,2016-09-26,31,male,stable,unmarried,Grad,170.0,69.0,hanoi,23.87543253,yes,<12mo,<12mo,request,yes,yes,no,yes,yes,yes ,yes,yes,no,yes,yes,yes,no,no,yes,no,allsoon,4.0,2.0,4.0,3.0,4.0,selfstudy,unknown,12m,med,yes,yes,3.0,3.0,3.0,4.0,unknown,symptoms,30-39
1350,m01351,2016-09-26,28,male,stable,married,Grad,168.0,68.0,hanoi,24.09297052,yes,<12mo,<12mo,request,yes,no,yes,no,yes,yes ,yes,no,no,never,never,yes,yes,yes,yes,yes,later,5.0,5.0,5.0,5.0,5.0,clinic,good,12m,low,yes,maybe,4.0,4.0,4.0,4.0,180,disease_concern,18-29
1351,m01352,2016-09-27,30,male,stable,married,Grad,167.0,60.0,hanoi,21.51385851,yes,<12mo,<12mo,request,yes,no,yes,yes,yes,yes ,yes,no,no,never,never,yes,yes,yes,yes,yes,later,5.0,5.0,5.0,5.0,5.0,clinic,good,12m,low,yes,maybe,4.0,4.0,4.0,4.0,180,symptoms,30-39
1352,m01353,2016-09-26,25,male,stable,unmarried,Grad,170.0,55.0,hanoi,19.03114187,yes,<12mo,<12mo,volunteer,yes,no,no,no,no,yes ,yes,no,no,never,never,yes,yes,yes,yes,no,allsoon,3.0,3.0,3.0,3.0,3.0,selfstudy,unknown,6m,hi,maybe,maybe,4.0,3.0,3.0,3.0,400,symptoms,18-29
1353,m01354,2016-09-26,28,male,stable,married,PostGrad,164.0,64.0,hanoi,23.7953599,yes,<12mo,<12mo,request,no,no,no,no,no,yes ,yes,yes,yes,never,yes,yes,no,no,yes,yes,allsoon,5.0,5.0,5.0,5.0,5.0,selfstudy,quite,12m,med,yes,yes,5.0,5.0,5.0,5.0,unknown,symptoms,18-29
1354,m01355,2016-09-26,32,female,stable,married,Grad,155.0,49.0,hanoi,20.39542144,yes,<12mo,<12mo,volunteer,no,no,no,no,yes,yes ,no,no,no,never,yes,no,yes,no,no,no,allsoon,4.0,3.0,4.0,2.0,4.0,selfstudy,quite,6m,hi,maybe,maybe,1.0,1.0,1.0,1.0,210,symptoms,30-39
1355,m01356,2016-09-26,29,male,stable,married,Grad,165.0,67.0,hanoi,24.6097337,yes,<12mo,<12mo,request,yes,yes,no,no,yes,yes ,yes,yes,yes,never,never,yes,yes,no,yes,no,later,4.0,5.0,5.0,5.0,5.0,askrel,quite,6m,low,maybe,maybe,4.0,4.0,4.0,4.0,unknown,symptoms,18-29
1356,m01357,2016-09-26,26,male,stable,unmarried,Grad,173.0,61.0,hanoi,20.38156971,yes,<12mo,<12mo,request,yes,yes,no,yes,no,yes ,yes,yes,yes,never,yes,yes,no,yes,yes,no,allsoon,4.0,3.0,1.0,4.0,5.0,selfstudy,quite,6m,low,maybe,no,3.0,3.0,2.0,2.0,1045,disease_concern,18-29
1357,m01358,2016-09-26,25,male,stable,unmarried,Grad,178.0,74.0,hanoi,23.35563691,yes,<12mo,<12mo,request,no,no,no,no,no,yes ,yes,yes,yes,never,never,yes,no,yes,yes,no,partly ,4.0,4.0,4.0,3.0,3.0,clinic,quite,6m,low,maybe,maybe,4.0,4.0,3.0,4.0,450,symptoms,18-29
1358,m01359,2016-09-27,38,female,stable,married,Grad,159.0,59.0,hanoi,23.33768443,yes,<12mo,<12mo,symptoms,no,no,yes,yes,no,yes ,yes,yes,no,never,never,yes,yes,no,yes,no,allsoon,4.0,4.0,3.0,3.0,4.0,clinic,unknown,6m,low,yes,maybe,2.0,1.0,2.0,2.0,15,symptoms,30-39
1359,m01360,2016-09-26,38,male,stable,married,Grad,172.0,60.0,hanoi,20.2812331,yes,<12mo,<12mo,request,no,no,no,yes,no,yes ,yes,yes,yes,never,never,yes,yes,yes,yes,yes,allsoon,4.0,5.0,5.0,5.0,4.0,clinic,bad,6m,med,maybe,yes,4.0,4.0,3.0,3.0,150,symptoms,30-39
1360,m01361,2016-09-27,31,female,stable,married,Grad,150.0,50.0,hanoi,22.22222222,yes,<12mo,<12mo,request,yes,yes,yes,yes,no,yes ,yes,yes,no,never,never,yes,no,yes,yes,no,partly ,2.0,1.0,5.0,1.0,5.0,selfstudy,unknown,12m,low,no,no,5.0,1.0,3.0,3.0,60,symptoms,30-39
1361,m01362,2016-09-27,29,male,stable,married,Grad,170.0,60.0,hanoi,20.76124567,yes,<12mo,<12mo,request,yes,yes,no,yes,yes,yes ,yes,yes,no,never,never,yes,yes,yes,no,no,partly ,4.0,5.0,5.0,3.0,5.0,clinic,quite,6m,med,maybe,maybe,3.0,4.0,5.0,5.0,420,disease_concern,18-29
1362,m01363,2016-09-26,31,male,stable,married,Grad,176.0,66.0,hanoi,21.30681818,yes,<12mo,<12mo,symptoms,no,no,no,yes,yes,yes ,yes,yes,yes,never,yes,no,yes,yes,yes,no,later,3.0,3.0,4.0,3.0,3.0,selfstudy,bad,6m,low,yes,maybe,3.0,3.0,3.0,3.0,200,disease_concern,30-39
1363,m01364,2016-09-26,35,female,stable,married,Grad,152.0,49.0,hanoi,21.20844875,yes,<12mo,<12mo,symptoms,yes,no,no,no,no,no,no,no,yes,never,never,yes,yes,no,no,no,later,5.0,3.0,4.0,2.0,4.0,clinic,quite,6m,hi,no,no,2.0,1.0,2.0,1.0,80,symptoms,30-39
1364,m01365,2016-09-27,25,female,stable,married,Grad,160.0,47.0,hanoi,18.359375,yes,<12mo,<12mo,request,yes,no,no,no,yes,yes ,yes,no,yes,never,never,yes,yes,no,yes,no,allsoon,3.0,2.0,3.0,4.0,3.0,clinic,bad,12m,med,maybe,maybe,3.0,3.0,4.0,4.0,unknown,symptoms,18-29
1365,m01366,2016-09-26,37,female,stable,married,Grad,168.0,68.0,hanoi,24.09297052,yes,<12mo,>24mo,volunteer,no,no,no,no,no,yes ,no,no,no,never,never,yes,yes,no,yes,no,allsoon,3.0,3.2,3.5,3.3,3.1,clinic,quite,6m,med,yes,yes,3.0,3.5,3.3,3.2,480,disease_concern,30-39
1366,m01367,2016-09-26,30,male,stable,married,Grad,170.0,77.0,hanoi,26.64359862,yes,<12mo,<12mo,request,yes,yes,no,no,yes,yes ,no,no,no,never,never,yes,no,yes,no,yes,partly ,3.0,3.0,3.0,3.0,4.0,selfstudy,quite,12m,hi,yes,maybe,2.0,2.0,2.0,3.0,unknown,symptoms,30-39
1367,m01368,2016-09-26,27,female,stable,married,Grad,157.0,51.0,hanoi,20.69049454,yes,>24mo,>24mo,request,yes,yes,no,no,yes,yes ,yes,no,no,never,never,yes,no,no,no,no,partly ,3.0,3.0,3.0,4.0,4.0,selfstudy,quite,12m,med,yes,maybe,2.0,2.0,2.0,3.0,unknown,symptoms,18-29
1368,m01369,2016-09-26,31,female,stable,married,Grad,155.0,54.0,hanoi,22.47658689,yes,<12mo,<12mo,request,yes,no,no,no,yes,yes ,yes,yes,no,never,yes,yes,yes,yes,yes,yes,allsoon,3.0,3.0,3.0,3.0,4.0,selfstudy,bad,12m,med,yes,yes,3.0,2.0,2.0,2.0,500,symptoms,30-39
1369,m01370,2016-09-27,35,male,stable,married,Grad,165.0,60.0,hanoi,22.03856749,no,<12mo,12-24mo,volunteer,yes,yes,yes,yes,yes,yes ,yes,yes,yes,never,yes,yes,no,no,yes,yes,allsoon,3.0,2.0,3.0,3.0,2.0,clinic,quite,12m,med,no,maybe,2.5,3.0,2.0,2.0,unknown,disease_concern,30-39
1370,m01371,2016-09-26,37,female,stable,married,Grad,157.0,52.0,hanoi,21.09619051,yes,<12mo,<12mo,request,yes,no,no,no,yes,yes ,no,yes,yes,never,yes,yes,yes,yes,no,yes,allsoon,5.0,4.0,4.0,5.0,5.0,clinic,good,6m,med,yes,yes,4.0,4.0,4.0,4.0,105,disease_concern,30-39
1371,m01372,2016-09-26,34,male,stable,married,Grad,170.0,67.0,hanoi,23.183391,yes,<12mo,<12mo,request,yes,no,no,no,yes,yes ,no,no,yes,yes,never,yes,yes,yes,yes,yes,allsoon,5.0,4.0,4.0,5.0,5.0,clinic,good,12m,hi,yes,yes,4.0,4.0,5.0,5.0,420,symptoms,30-39
1372,m01373,2016-09-26,31,female,stable,married,Grad,158.0,52.0,hanoi,20.82999519,yes,<12mo,<12mo,request,no,no,no,yes,no,yes ,yes,yes,yes,never,yes,yes,yes,yes,yes,yes,allsoon,5.0,3.0,3.0,2.0,4.0,clinic,quite,6m,med,yes,yes,2.0,2.0,2.0,3.0,300,symptoms,30-39
1373,m01374,2016-09-26,33,male,stable,married,Grad,165.0,51.0,hanoi,18.73278237,yes,<12mo,<12mo,request,no,no,no,no,no,yes ,yes,yes,yes,yes,never,yes,no,no,yes,no,allsoon,4.0,5.0,4.0,4.0,4.0,clinic,quite,12m,hi,maybe,maybe,4.0,4.0,4.0,4.0,210,symptoms,30-39
1374,m01375,2016-09-26,25,male,stable,unmarried,Grad,170.0,52.0,hanoi,17.99307958,yes,<12mo,<12mo,request,no,no,no,no,no,yes ,yes,yes,yes,never,never,yes,yes,yes,yes,yes,later,5.0,5.0,5.0,4.0,5.0,clinic,good,12m,med,maybe,maybe,4.0,3.0,4.0,3.0,120,symptoms,18-29
1375,m01376,2016-09-26,29,male,stable,married,Grad,167.0,78.0,hanoi,27.96801606,yes,<12mo,<12mo,request,no,no,no,no,yes,yes ,yes,yes,yes,never,never,yes,yes,no,yes,yes,allsoon,4.0,4.0,4.0,4.0,4.0,askrel,quite,12m,med,maybe,maybe,3.0,3.0,3.0,3.0,unknown,symptoms,18-29
1376,m01377,2016-09-26,32,male,stable,married,Grad,165.0,65.0,hanoi,23.87511478,yes,12-24mo,unknown,symptoms,no,no,no,no,yes,yes ,yes,yes,yes,yes,yes,no,no,yes,yes,no,allsoon,3.0,3.0,3.0,3.0,3.0,askrel,bad,12m,med,yes,maybe,4.0,2.0,2.0,3.0,unknown,symptoms,30-39
1377,m01378,2016-09-26,32,female,stable,married,Grad,167.0,52.0,hanoi,18.64534404,yes,<12mo,<12mo,request,no,no,no,no,yes,no,no,no,yes,never,never,yes,yes,yes,yes,yes,later,5.0,5.0,4.0,4.0,5.0,selfstudy,good,6m,low,yes,yes,5.0,4.0,4.0,4.0,unknown,symptoms,30-39
1378,m01379,2016-09-26,35,male,stable,married,Grad,175.0,75.0,hanoi,24.48979592,yes,<12mo,<12mo,request,no,no,no,no,yes,yes ,yes,yes,yes,never,never,yes,yes,yes,yes,yes,allsoon,3.0,3.0,4.0,3.0,3.0,askrel,good,6m,med,yes,yes,3.0,3.0,3.0,3.0,420,symptoms,30-39
1379,m01380,2016-09-26,30,female,stable,married,Grad,170.0,52.0,hanoi,17.99307958,yes,>24mo,<12mo,request,no,yes,yes,yes,no,yes ,yes,yes,no,yes,yes,no,no,yes,yes,yes,allsoon,4.0,5.0,5.0,5.0,4.0,askrel,bad,6m,med,maybe,maybe,5.0,3.0,3.0,5.0,unknown,symptoms,30-39
1380,m01381,2016-09-26,29,male,stable,unmarried,Grad,168.0,71.0,danang,25.15589569,yes,<12mo,<12mo,request,no,no,no,no,yes,no,no,yes,no,never,yes,no,yes,no,no,no,allsoon,4.0,3.0,4.0,4.0,4.0,clinic,unknown,12m,med,maybe,maybe,4.0,4.0,4.0,3.0,60,symptoms,18-29
1381,m01382,2016-09-26,31,male,stable,married,Grad,168.0,63.0,danang,22.32142857,yes,<12mo,<12mo,request,yes,no,no,yes,yes,yes ,yes,yes,no,never,yes,yes,yes,no,yes,yes,allsoon,4.0,3.0,4.0,4.0,4.0,clinic,unknown,12m,med,maybe,maybe,4.0,4.0,4.0,3.0,120,symptoms,30-39
1382,m01383,2016-09-26,33,male,stable,married,Grad,165.0,67.0,danang,24.6097337,yes,<12mo,<12mo,request,no,no,yes,no,yes,yes ,yes,yes,yes,never,yes,yes,yes,no,yes,yes,allsoon,3.0,4.0,4.0,4.0,3.0,askrel,quite,6m,med,yes,yes,4.0,4.0,4.0,4.0,210,symptoms,30-39
1383,m01384,2016-09-26,28,male,stable,married,Grad,170.0,53.0,danang,18.33910035,yes,<12mo,<12mo,request,yes,yes,no,yes,yes,yes ,yes,yes,yes,never,yes,yes,yes,yes,yes,yes,allsoon,4.0,4.0,5.0,1.0,1.0,clinic,good,12m,med,no,yes,4.0,3.0,3.0,3.0,315,symptoms,18-29
1384,m01385,2016-09-26,41,male,stable,married,PostGrad,163.0,64.0,danang,24.08822312,yes,unknown,<12mo,request,no,yes,no,yes,yes,yes ,yes,yes,no,never,never,yes,yes,no,no,no,allsoon,2.0,2.0,3.0,2.0,4.0,clinic,quite,12m,low,maybe,maybe,1.0,1.0,1.0,1.0,unknown,symptoms,40-49
1385,m01386,2016-09-26,31,male,stable,married,Grad,172.0,72.0,danang,24.33747972,yes,<12mo,<12mo,request,yes,yes,no,no,no,yes ,yes,yes,yes,yes,never,yes,no,no,yes,yes,allsoon,4.0,4.0,3.0,3.0,4.0,clinic,good,6m,hi,yes,yes,3.0,3.0,4.0,3.0,unknown,symptoms,30-39
1386,m01387,2016-09-26,29,male,stable,married,PostGrad,177.0,61.0,danang,19.47077787,yes,<12mo,<12mo,request,no,no,no,yes,no,yes ,yes,yes,no,never,yes,yes,no,no,yes,no,later,4.0,4.0,3.0,3.0,3.0,askrel,quite,12m,med,maybe,maybe,2.0,2.0,2.0,2.0,360,disease_concern,18-29
1387,m01388,2016-09-25,40,female,stable,married,Middle,158.0,57.0,hanoi,22.83287935,yes,<12mo,<12mo,request,no,yes,yes,no,no,yes ,yes,no,yes,never,never,yes,yes,yes,yes,yes,allsoon,4.0,4.0,3.5,4.0,5.0,clinic,good,12m,hi,yes,yes,2.0,2.0,3.0,2.0,30,symptoms,40-49
1388,m01389,2016-09-27,45,male,stable,married,PostGrad,163.0,78.0,hanoi,29.35752192,yes,<12mo,<12mo,volunteer,yes,no,no,no,no,yes ,no,yes,yes,never,yes,yes,yes,yes,yes,yes,allsoon,4.0,4.0,4.0,4.0,4.0,clinic,quite,6m,hi,yes,yes,3.0,3.0,3.0,2.0,400,disease_concern,40-49
1389,m01390,2016-09-26,24,female,stable,unmarried,Grad,158.0,51.0,hanoi,20.42941836,yes,unknown,<12mo,request,yes,yes,no,yes,yes,yes ,yes,yes,yes,never,yes,yes,yes,yes,yes,yes,allsoon,4.0,4.0,5.0,5.0,5.0,askrel,quite,6m,med,yes,maybe,5.0,4.0,4.0,3.0,210,symptoms,18-29
1390,m01391,2016-09-25,31,male,stable,married,Middle,165.0,60.0,hanoi,22.03856749,no,unknown,12-24mo,request,yes,yes,yes,yes,yes,yes ,yes,yes,yes,never,yes,yes,no,no,yes,yes,partly ,3.0,4.0,3.0,3.0,3.0,askrel,quite,6m,med,maybe,maybe,4.0,2.0,2.0,3.0,unknown,symptoms,30-39
1391,m01392,2016-09-27,34,male,stable,married,Grad,173.0,71.0,hanoi,23.72281065,yes,unknown,unknown,request,yes,yes,yes,yes,no,yes ,yes,yes,yes,never,yes,yes,yes,yes,yes,yes,partly ,4.0,2.0,2.0,2.0,3.0,askrel,quite,6m,med,maybe,maybe,5.0,4.0,4.0,3.0,210,disease_concern,30-39
1392,m01393,2016-09-26,28,female,stable,married,Grad,159.0,62.0,hanoi,24.52434635,yes,unknown,<12mo,request,yes,yes,no,yes,yes,yes ,yes,yes,yes,never,yes,yes,yes,yes,yes,yes,allsoon,4.0,5.0,5.0,4.0,5.0,clinic,good,6m,med,yes,maybe,4.0,4.0,5.0,3.0,180,disease_concern,18-29
1393,m01394,2016-09-26,29,female,stable,married,Grad,160.0,55.0,hanoi,21.484375,yes,<12mo,<12mo,request,no,no,yes,yes,no,yes ,yes,yes,yes,never,never,yes,yes,yes,yes,yes,partly ,4.0,5.0,4.0,4.0,4.0,clinic,quite,12m,med,yes,maybe,4.0,2.0,3.0,3.0,200,disease_concern,18-29
1394,m01395,2016-09-25,26,female,stable,married,Grad,161.5,54.0,hanoi,20.7037353,yes,<12mo,<12mo,request,yes,yes,no,yes,no,yes ,yes,yes,yes,never,never,yes,yes,yes,yes,yes,later,5.0,4.0,4.0,4.0,4.0,clinic,quite,12m,med,yes,maybe,4.0,2.0,3.0,3.0,200,disease_concern,18-29
1395,m01396,2016-09-26,27,female,stable,unmarried,PostGrad,156.0,44.0,hanoi,18.08021039,yes,<12mo,<12mo,request,yes,no,no,no,no,yes ,yes,no,yes,never,yes,yes,yes,yes,no,yes,later,4.0,3.0,4.0,3.0,4.0,selfstudy,good,6m,low,yes,maybe,3.0,2.0,3.0,3.0,420,disease_concern,18-29
1396,m01397,2016-09-26,44,male,stable,married,PostGrad,164.0,62.0,hanoi,23.05175491,yes,<12mo,<12mo,request,yes,no,no,no,no,yes ,yes,yes,yes,never,yes,yes,yes,yes,yes,yes,later,5.0,4.0,4.0,4.0,4.0,askrel,good,6m,low,maybe,maybe,4.0,4.0,3.0,4.0,300,disease_concern,40-49
1397,m01398,2016-09-28,32,male,stable,married,Middle,160.0,53.0,hanoi,20.703125,yes,<12mo,unknown,symptoms,no,no,yes,yes,yes,yes ,yes,yes,yes,yes,yes,yes,yes,yes,yes,yes,allsoon,3.0,3.0,3.0,3.0,3.0,clinic,unknown,6m,med,maybe,maybe,5.0,5.0,5.0,5.0,unknown,symptoms,30-39
1398,m01399,2016-09-26,25,male,stable,unmarried,Grad,177.0,71.0,hanoi,22.66270867,yes,<12mo,<12mo,request,yes,no,no,yes,no,yes ,yes,yes,no,yes,yes,no,yes,no,yes,no,partly ,4.0,3.0,3.0,2.0,2.0,askrel,unknown,12m,med,yes,yes,2.0,3.0,2.0,2.0,832,symptoms,18-29
1399,m01400,2016-09-27,59,female,stable,married,PostGrad,153.0,50.5,hanoi,21.57289931,yes,>24mo,<12mo,request,yes,no,no,no,yes,yes ,yes,no,no,never,yes,yes,yes,yes,yes,yes,allsoon,4.0,4.0,4.0,4.0,5.0,selfstudy,unknown,18m,med,yes,yes,3.0,2.5,3.0,3.0,630,disease_concern,>=50
1400,m01401,2016-09-27,29,male,stable,married,Grad,172.0,75.0,hochiminh,25.35154137,yes,<12mo,<12mo,request,yes,yes,yes,yes,no,yes ,yes,no,no,never,never,yes,yes,yes,no,yes,allsoon,4.0,4.0,4.0,4.0,4.0,askrel,quite,6m,low,yes,yes,4.0,4.0,4.0,4.0,unknown,symptoms,18-29
1401,m01402,2016-09-27,21,female,student,unmarried,Grad,158.0,47.0,hanoi,18.82711104,yes,unknown,<12mo,symptoms,yes,yes,yes,yes,no,yes ,no,no,no,never,never,yes,yes,no,yes,no,allsoon,5.0,5.0,5.0,5.0,5.0,selfstudy,good,g18m,low,yes,maybe,5.0,5.0,5.0,5.0,30,symptoms,18-29
1402,m01403,2016-09-27,25,male,stable,unmarried,Middle,170.0,65.0,hanoi,22.49134948,yes,<12mo,<12mo,request,no,no,no,no,yes,no,yes,no,no,never,never,yes,yes,no,no,no,allsoon,4.0,4.0,4.0,4.0,4.0,clinic,quite,6m,hi,maybe,maybe,4.0,4.0,4.0,4.0,420,disease_concern,18-29
1403,m01404,2016-09-27,23,male,student,unmarried,Middle,172.0,70.0,hanoi,23.66143862,yes,<12mo,<12mo,symptoms,yes,yes,yes,yes,yes,yes ,yes,yes,yes,never,never,yes,yes,no,no,no,allsoon,4.0,3.0,4.0,4.0,4.0,clinic,quite,6m,hi,maybe,maybe,5.0,5.0,5.0,5.0,420,disease_concern,18-29
1404,m01405,2016-09-27,27,male,student,unmarried,Middle,170.0,60.0,hanoi,20.76124567,yes,<12mo,<12mo,request,yes,yes,no,yes,no,yes ,no,yes,no,never,never,yes,yes,no,no,no,allsoon,5.0,5.0,5.0,5.0,5.0,clinic,quite,6m,hi,maybe,maybe,3.0,3.0,3.0,3.0,unknown,disease_concern,18-29
1405,m01406,2016-09-27,21,male,unstable,unmarried,Middle,175.0,68.0,hanoi,22.20408163,yes,<12mo,<12mo,volunteer,no,no,no,no,no,yes ,no,yes,yes,never,yes,yes,yes,no,yes,yes,allsoon,4.0,5.0,4.0,5.0,5.0,askrel,unknown,12m,med,no,maybe,5.0,4.0,5.0,4.0,200,symptoms,18-29
1406,m01407,2016-09-27,20,male,stable,unmarried,Middle,176.0,90.0,hanoi,29.05475207,yes,<12mo,unknown,disease_concern,no,no,yes,no,no,yes ,yes,yes,yes,yes,yes,yes,yes,yes,yes,yes,allsoon,3.0,3.0,3.0,3.0,3.0,clinic,unknown,6m,med,maybe,maybe,5.0,5.0,5.0,5.0,unknown,symptoms,18-29
1407,m01408,2016-09-27,36,male,stable,married,Grad,168.0,65.0,hanoi,23.03004535,yes,<12mo,unknown,volunteer,no,no,yes,yes,yes,yes ,yes,yes,yes,yes,yes,yes,yes,yes,yes,yes,allsoon,3.0,3.0,3.0,3.0,3.0,clinic,unknown,6m,med,yes,maybe,5.0,5.0,5.0,5.0,unknown,symptoms,30-39
1408,m01409,2016-09-27,30,female,stable,married,Middle,164.0,67.0,hanoi,24.9107674,yes,<12mo,unknown,disease_concern,no,no,yes,yes,yes,yes ,yes,yes,yes,yes,yes,yes,yes,yes,yes,yes,allsoon,3.0,3.0,3.0,3.0,3.0,clinic,unknown,6m,med,maybe,maybe,5.0,5.0,5.0,5.0,unknown,symptoms,30-39
1409,m01410,2016-09-27,27,male,student,married,Middle,160.0,55.0,hanoi,21.484375,yes,<12mo,unknown,disease_concern,yes,yes,yes,yes,yes,yes ,yes,yes,yes,never,never,yes,no,no,no,no,allsoon,3.0,2.0,3.0,2.0,2.0,clinic,unknown,12m,low,maybe,maybe,5.0,5.0,5.0,5.0,unknown,symptoms,18-29
1410,m01411,2016-09-27,33,male,stable,unmarried,Middle,168.0,70.0,hanoi,24.8015873,yes,<12mo,unknown,disease_concern,no,no,yes,no,yes,yes ,yes,yes,yes,yes,yes,yes,yes,yes,yes,yes,allsoon,3.0,3.0,3.0,3.0,3.0,clinic,unknown,6m,med,maybe,maybe,5.0,5.0,5.0,5.0,unknown,symptoms,30-39
1411,m01412,2016-09-27,19,male,stable,unmarried,Middle,165.0,51.0,hanoi,18.73278237,yes,<12mo,<12mo,symptoms,no,no,no,no,no,yes ,yes,yes,yes,never,yes,yes,yes,no,yes,yes,allsoon,4.0,3.0,4.0,4.0,4.0,clinic,quite,12m,hi,maybe,maybe,5.0,5.0,5.0,5.0,460,disease_concern,18-29
1412,m01413,2016-09-27,25,female,stable,unmarried,Grad,175.0,65.0,hanoi,21.2244898,yes,<12mo,<12mo,symptoms,no,no,no,no,no,yes ,yes,yes,yes,never,yes,yes,yes,no,yes,yes,allsoon,4.0,3.0,4.0,4.0,4.0,clinic,quite,12m,hi,maybe,maybe,5.0,5.0,5.0,5.0,170,disease_concern,18-29
1413,m01414,2016-09-27,41,male,stable,married,Grad,175.0,60.0,hanoi,19.59183673,yes,<12mo,unknown,symptoms,no,no,yes,yes,yes,yes ,yes,yes,yes,yes,yes,yes,yes,yes,yes,yes,allsoon,3.0,3.0,3.0,3.0,3.0,clinic,unknown,6m,med,maybe,maybe,5.0,5.0,5.0,5.0,unknown,symptoms,40-49
1414,m01415,2016-09-27,35,male,stable,unmarried,Grad,165.0,70.0,hanoi,25.71166208,yes,<12mo,<12mo,disease_concern,no,no,yes,yes,yes,yes ,yes,yes,yes,never,yes,yes,yes,yes,yes,yes,allsoon,3.0,3.0,3.0,3.0,3.0,clinic,unknown,6m,med,maybe,maybe,5.0,5.0,5.0,5.0,unknown,symptoms,30-39
1415,m01416,2016-09-27,35,male,stable,married,Middle,176.0,83.0,hanoi,26.79493802,yes,unknown,<12mo,request,yes,no,no,yes,yes,yes ,yes,no,yes,never,yes,yes,yes,yes,yes,yes,allsoon,5.0,1.0,1.0,1.0,2.0,clinic,unknown,12m,low,yes,maybe,5.0,5.0,5.0,5.0,unknown,symptoms,30-39
1416,m01417,2016-09-27,61,male,retirer,married,Grad,176.0,63.0,hanoi,20.33832645,yes,12-24mo,12-24mo,request,no,no,no,yes,no,no,yes,no,no,yes,never,no,no,no,yes,no,allsoon,2.0,2.0,1.0,2.0,1.0,clinic,bad,6m,med,yes,yes,2.0,1.0,2.0,2.0,210,symptoms,>=50
1417,m01418,2016-09-27,62,male,retirer,married,Grad,160.0,63.0,hanoi,24.609375,yes,<12mo,unknown,request,no,no,no,yes,no,yes ,yes,yes,yes,never,yes,yes,yes,yes,yes,yes,partly ,2.0,3.0,3.0,3.0,3.0,clinic,quite,12m,med,maybe,yes,2.0,2.0,2.0,3.0,480,disease_concern,>=50
1418,m01419,2016-09-17,30,female,stable,married,Grad,162.0,52.0,hanoi,19.81405274,yes,<12mo,<12mo,request,no,no,no,no,yes,yes ,no,yes,yes,never,never,yes,no,no,no,yes,later,2.0,2.0,2.0,2.0,2.0,clinic,quite,6m,med,no,no,2.0,2.0,2.0,2.0,unknown,disease_concern,30-39
1419,m01420,2016-09-17,28,female,stable,unmarried,Grad,159.0,49.0,hanoi,19.38214469,yes,<12mo,<12mo,request,yes,no,no,no,yes,yes ,yes,yes,yes,never,yes,yes,yes,yes,no,no,allsoon,3.0,2.0,2.0,3.0,2.0,clinic,good,12m,med,maybe,maybe,2.0,2.0,2.0,2.0,unknown,symptoms,18-29
1420,m01421,2016-09-17,30,female,stable,married,Grad,165.0,55.0,hanoi,20.2020202,yes,<12mo,<12mo,request,yes,no,no,no,yes,yes ,yes,yes,yes,never,yes,yes,yes,yes,no,no,allsoon,2.0,2.0,2.0,2.0,2.0,clinic,good,12m,low,maybe,maybe,2.0,2.0,2.0,2.0,unknown,symptoms,30-39
1421,m01422,2016-09-17,30,male,stable,married,Grad,170.0,60.0,hanoi,20.76124567,yes,<12mo,<12mo,request,no,no,no,no,yes,yes ,no,yes,yes,never,never,yes,no,no,no,yes,later,2.0,2.0,2.0,2.0,2.0,clinic,quite,6m,med,no,no,2.0,2.0,2.0,2.0,unknown,disease_concern,30-39
1422,m01423,2016-09-17,25,male,stable,unmarried,Grad,165.0,57.0,hanoi,20.93663912,yes,<12mo,<12mo,request,no,no,no,no,yes,yes ,no,yes,yes,never,never,yes,no,no,no,yes,later,2.0,2.0,2.0,2.0,2.0,clinic,quite,6m,med,no,no,2.0,2.0,2.0,2.0,unknown,disease_concern,18-29
1423,m01424,2016-09-17,25,male,stable,unmarried,Grad,178.0,75.0,hanoi,23.67125363,yes,<12mo,<12mo,request,no,no,no,no,no,yes ,yes,no,yes,yes,never,no,yes,yes,yes,yes,later,3.0,3.0,3.0,4.0,4.0,clinic,quite,6m,med,yes,maybe,3.0,3.0,3.0,3.0,unknown,symptoms,18-29
1424,m01425,2016-09-18,25,female,stable,married,Grad,158.0,49.0,hanoi,19.6282647,yes,<12mo,<12mo,volunteer,yes,no,no,yes,no,yes ,yes,yes,yes,never,yes,yes,yes,yes,yes,yes,allsoon,4.0,3.0,3.0,3.0,4.0,askrel,quite,6m,med,yes,yes,4.0,4.0,3.0,4.0,100,symptoms,18-29
1425,m01426,2016-09-18,23,female,stable,unmarried,Grad,155.0,48.0,hanoi,19.97918835,yes,<12mo,12-24mo,symptoms,yes,no,no,yes,yes,yes ,yes,no,no,never,yes,yes,yes,no,yes,yes,later,4.0,4.0,4.0,4.0,3.0,askrel,good,6m,low,yes,yes,4.0,3.0,3.0,4.0,120,symptoms,18-29
1426,m01427,2016-09-18,21,female,stable,unmarried,Grad,165.0,50.0,hanoi,18.36547291,yes,<12mo,<12mo,volunteer,yes,no,no,no,yes,yes ,yes,no,no,never,never,yes,no,yes,yes,no,allsoon,3.0,3.0,3.0,3.0,3.0,clinic,quite,12m,low,maybe,maybe,3.0,3.0,3.0,3.0,unknown,disease_concern,18-29
1427,m01428,2016-09-17,19,female,student,unmarried,Grad,162.0,49.0,hanoi,18.67093431,yes,>24mo,12-24mo,request,no,yes,no,yes,yes,no,yes,no,no,never,yes,yes,no,yes,yes,no,allsoon,3.0,3.0,1.0,3.0,2.0,askrel,bad,12m,low,yes,maybe,4.0,3.0,3.0,2.0,210,disease_concern,18-29
1428,m01429,2016-09-06,20,female,student,unmarried,Grad,158.0,51.0,hanoi,20.42941836,no,12-24mo,<12mo,symptoms,yes,yes,no,yes,no,yes ,no,no,yes,yes,never,yes,yes,no,no,no,allsoon,3.0,4.0,2.0,1.0,5.0,askrel,quite,12m,hi,maybe,no,2.0,1.0,2.0,3.0,420,disease_concern,18-29
1429,m01430,2016-09-15,21,female,student,unmarried,Grad,155.0,46.0,hanoi,19.14672216,yes,<12mo,12-24mo,symptoms,yes,yes,no,no,yes,yes ,yes,no,no,yes,never,no,yes,no,yes,yes,partly ,3.0,2.0,1.0,3.0,2.0,askrel,quite,6m,med,maybe,yes,2.0,3.0,2.0,1.0,75,disease_concern,18-29
1430,m01431,2016-09-16,25,male,stable,unmarried,Middle,173.0,68.0,hanoi,22.72043837,no,12-24mo,>24mo,symptoms,yes,yes,yes,no,no,yes ,yes,no,no,yes,never,no,yes,no,no,yes,partly ,2.0,3.0,4.0,1.0,2.0,askrel,unknown,12m,hi,maybe,yes,3.0,2.0,4.0,1.0,420,disease_concern,18-29
1431,m01432,2016-09-16,26,male,stable,unmarried,Grad,173.0,70.0,hanoi,23.38868656,yes,<12mo,<12mo,symptoms,yes,yes,no,no,yes,yes ,yes,no,no,yes,never,yes,yes,yes,no,yes,partly ,3.0,2.0,1.0,2.0,3.0,askrel,quite,12m,low,maybe,maybe,3.0,2.0,1.0,3.0,210,disease_concern,18-29
1432,m01433,2016-09-16,18,female,unstable,unmarried,Middle,165.0,60.0,hanoi,22.03856749,no,<12mo,12-24mo,symptoms,yes,no,no,yes,yes,no,yes,yes,no,yes,never,yes,yes,no,yes,yes,partly ,3.0,2.0,2.0,1.0,2.0,askrel,quite,6m,low,yes,maybe,3.0,4.0,2.0,1.0,420,disease_concern,18-29
1433,m01434,2016-09-16,30,male,stable,married,PostGrad,180.0,73.0,hanoi,22.5308642,yes,<12mo,12-24mo,symptoms,yes,yes,no,no,yes,yes ,yes,no,no,yes,yes,no,yes,yes,no,no,partly ,3.0,3.0,2.0,3.0,2.0,clinic,quite,12m,med,maybe,maybe,2.0,2.0,2.0,2.0,unknown,symptoms,30-39
1434,m01435,2016-09-15,22,female,stable,unmarried,Middle,157.0,49.0,hanoi,19.8791026,yes,<12mo,<12mo,symptoms,yes,yes,no,no,yes,yes ,no,yes,yes,yes,yes,no,no,yes,yes,no,partly ,4.0,3.0,2.0,3.0,3.0,askrel,quite,12m,low,maybe,maybe,2.0,3.0,2.0,2.0,unknown,symptoms,18-29
1435,m01436,2016-09-15,24,female,stable,married,Middle,153.0,45.0,hanoi,19.22337562,yes,<12mo,<12mo,symptoms,yes,yes,no,no,yes,yes ,yes,no,no,yes,yes,no,yes,yes,no,no,partly ,3.0,2.0,2.0,3.0,2.0,askrel,bad,12m,low,maybe,maybe,3.0,2.0,2.0,3.0,unknown,symptoms,18-29
1436,m01437,2016-09-15,21,female,unstable,unmarried,Middle,159.0,46.0,hanoi,18.19548277,no,<12mo,<12mo,disease_concern,yes,yes,no,no,yes,yes ,yes,no,no,yes,never,yes,yes,yes,no,no,partly ,3.0,2.0,1.0,1.0,3.0,askrel,quite,12m,low,yes,maybe,2.0,3.0,4.0,1.0,420,disease_concern,18-29
1437,m01438,2016-09-17,25,female,stable,married,Grad,168.0,52.0,hanoi,18.42403628,yes,<12mo,<12mo,request,yes,no,yes,no,no,yes ,yes,no,yes,yes,never,yes,yes,no,yes,no,partly ,3.0,4.0,3.0,2.0,1.0,askrel,quite,6m,low,maybe,maybe,4.0,3.0,3.0,2.0,420,disease_concern,18-29
1438,m01439,2016-09-18,31,male,student,unmarried,Grad,168.0,58.0,hanoi,20.54988662,yes,<12mo,<12mo,symptoms,yes,no,no,yes,yes,yes ,yes,no,yes,yes,never,yes,yes,yes,no,yes,partly ,4.0,3.0,3.0,2.0,2.0,askrel,quite,6m,low,yes,maybe,4.0,2.0,2.0,3.0,210,disease_concern,30-39
1439,m01440,2016-09-16,22,female,unstable,unmarried,Grad,156.0,48.0,hanoi,19.72386588,no,<12mo,<12mo,symptoms,yes,no,yes,no,no,yes ,yes,no,yes,yes,never,no,yes,no,yes,yes,partly ,3.0,2.0,2.0,3.0,3.0,askrel,good,6m,low,maybe,maybe,3.0,2.0,4.0,1.0,420,disease_concern,18-29
1440,m01441,2016-09-17,35,male,stable,married,PostGrad,185.0,75.0,hanoi,21.9138057,yes,<12mo,<12mo,symptoms,yes,yes,no,no,yes,yes ,yes,no,yes,never,yes,no,yes,no,yes,yes,partly ,4.0,2.0,2.0,3.0,1.0,askrel,good,6m,low,maybe,maybe,3.0,2.0,1.0,2.0,420,disease_concern,30-39
1441,m01442,2016-09-18,26,female,stable,married,Grad,155.0,47.0,hanoi,19.56295525,no,<12mo,<12mo,request,yes,no,yes,no,no,yes ,yes,no,yes,never,yes,yes,yes,yes,no,yes,allsoon,3.0,2.0,2.0,3.0,2.0,askrel,quite,6m,low,maybe,maybe,3.0,4.0,2.0,2.0,420,disease_concern,18-29
1442,m01443,2016-09-18,25,male,unstable,married,Grad,172.0,65.0,hanoi,21.97133586,yes,<12mo,<12mo,volunteer,yes,yes,no,no,yes,yes ,no,no,yes,never,yes,yes,yes,no,yes,yes,partly ,3.0,4.0,2.0,2.0,1.0,askrel,quite,6m,low,maybe,yes,3.0,2.0,4.0,1.0,420,disease_concern,18-29
1443,m01444,2016-09-17,30,male,stable,married,PostGrad,180.0,70.0,hanoi,21.60493827,yes,<12mo,<12mo,disease_concern,yes,no,no,yes,yes,yes ,no,no,yes,yes,never,yes,yes,yes,no,no,allsoon,4.0,3.0,2.0,3.0,1.0,askrel,quite,6m,low,yes,maybe,3.0,4.0,4.0,3.0,60,disease_concern,30-39
1444,m01445,2016-09-17,22,female,unstable,unmarried,Grad,160.0,50.0,hanoi,19.53125,no,<12mo,<12mo,disease_concern,yes,yes,no,no,yes,yes ,yes,no,no,yes,yes,no,yes,yes,no,no,allsoon,3.0,2.0,2.0,3.0,2.0,askrel,quite,12m,low,yes,yes,4.0,3.0,4.0,2.0,420,disease_concern,18-29
1445,m01446,2016-09-17,25,male,stable,unmarried,Grad,170.0,75.0,hanoi,25.95155709,yes,<12mo,<12mo,disease_concern,yes,yes,yes,yes,yes,no,yes,yes,yes,never,never,yes,yes,yes,yes,yes,allsoon,3.0,3.0,4.0,3.0,5.0,clinic,bad,6m,low,yes,yes,3.0,3.0,4.0,3.0,200,symptoms,18-29
1446,m01447,2016-09-18,53,male,stable,married,PostGrad,165.0,65.0,hanoi,23.87511478,yes,<12mo,<12mo,disease_concern,yes,yes,yes,yes,yes,yes ,no,yes,no,yes,yes,yes,yes,yes,yes,yes,partly ,3.0,4.0,3.0,3.0,4.0,clinic,good,6m,low,yes,yes,3.0,4.0,4.0,3.0,100,symptoms,>=50
1447,m01448,2016-09-18,46,female,stable,married,Grad,155.0,50.0,hanoi,20.81165453,yes,<12mo,<12mo,symptoms,yes,yes,yes,yes,yes,no,yes,yes,no,yes,yes,yes,yes,yes,yes,yes,allsoon,2.0,3.0,4.0,2.0,5.0,clinic,good,6m,low,yes,yes,3.0,4.0,5.0,4.0,150,disease_concern,40-49
1448,m01449,2016-09-18,35,male,stable,married,Grad,165.0,65.0,hanoi,23.87511478,yes,12-24mo,12-24mo,disease_concern,yes,yes,yes,yes,yes,no,yes,yes,no,never,yes,yes,yes,no,no,yes,allsoon,3.0,5.0,2.0,4.0,1.0,clinic,quite,12m,med,maybe,maybe,3.0,2.0,4.0,3.0,100,disease_concern,30-39
1449,m01450,2016-09-17,18,female,unstable,unmarried,Grad,160.0,45.0,hanoi,17.578125,no,12-24mo,12-24mo,request,no,yes,yes,yes,yes,no,no,yes,yes,never,never,no,yes,yes,yes,yes,allsoon,3.0,2.0,4.0,4.0,2.0,askrel,good,12m,med,maybe,maybe,3.0,2.0,2.0,4.0,480,symptoms,18-29
1450,m01451,2016-09-19,24,female,stable,unmarried,Grad,160.0,46.0,hanoi,17.96875,yes,<12mo,12-24mo,symptoms,yes,yes,yes,yes,yes,yes ,no,no,no,yes,yes,no,yes,no,yes,no,allsoon,3.0,3.0,2.0,2.0,2.0,selfstudy,bad,18m,low,yes,yes,2.0,3.0,2.0,2.0,unknown,symptoms,18-29
1451,m01452,2016-09-19,21,female,student,unmarried,Grad,161.0,51.0,hanoi,19.67516685,yes,<12mo,<12mo,request,yes,no,yes,yes,yes,yes ,yes,no,yes,never,never,yes,yes,yes,yes,yes,allsoon,2.0,2.0,2.0,2.0,2.0,askrel,good,12m,low,yes,yes,3.0,3.0,3.0,3.0,unknown,symptoms,18-29
1452,m01453,2016-09-19,31,male,stable,married,Grad,170.0,73.0,hanoi,25.25951557,yes,12-24mo,12-24mo,request,yes,yes,no,yes,yes,yes ,yes,no,yes,never,yes,yes,no,no,yes,no,partly ,2.0,3.0,1.0,2.0,2.0,selfstudy,bad,6m,low,yes,yes,1.0,2.0,1.0,1.0,420,disease_concern,30-39
1453,m01454,2016-09-19,31,female,stable,married,Middle,173.0,62.0,hanoi,20.71569381,yes,<12mo,<12mo,request,no,no,no,no,no,yes ,yes,yes,yes,never,never,yes,yes,yes,yes,yes,allsoon,3.0,3.0,3.0,3.0,3.0,clinic,quite,6m,med,yes,maybe,3.0,3.0,3.0,3.0,420,disease_concern,30-39
1454,m01455,2016-09-19,30,male,stable,married,Middle,177.0,64.0,hanoi,20.42835711,yes,<12mo,<12mo,request,yes,yes,no,yes,no,yes ,yes,yes,yes,never,never,yes,yes,yes,yes,yes,allsoon,3.0,3.0,3.0,3.0,3.0,clinic,good,12m,med,yes,yes,3.0,3.0,3.0,3.0,210,symptoms,30-39
1455,m01456,2016-09-19,47,male,stable,married,Middle,183.0,79.0,hanoi,23.58983547,yes,<12mo,<12mo,request,no,no,no,no,no,yes ,yes,yes,yes,never,never,yes,yes,yes,yes,yes,allsoon,3.0,3.0,3.0,3.0,3.0,clinic,quite,6m,med,yes,maybe,3.0,3.0,3.0,3.0,420,disease_concern,40-49
1456,m01457,2016-09-20,42,female,stable,married,Grad,150.0,60.0,hanoi,26.66666667,yes,<12mo,unknown,symptoms,yes,no,no,yes,yes,yes ,no,yes,yes,never,never,yes,yes,no,yes,yes,allsoon,2.0,2.0,2.0,2.0,2.0,clinic,bad,12m,low,yes,yes,2.0,2.0,2.0,2.0,720,disease_concern,40-49
1457,m01458,2016-09-20,40,female,stable,married,Grad,158.0,47.0,hanoi,18.82711104,no,<12mo,unknown,symptoms,yes,no,yes,yes,yes,yes ,yes,no,yes,never,yes,yes,yes,yes,yes,yes,allsoon,4.0,3.0,3.0,2.0,3.0,askrel,bad,18m,hi,yes,yes,2.0,1.0,2.0,3.0,630,symptoms,40-49
1458,m01459,2016-09-20,36,female,stable,married,Grad,162.0,54.0,hanoi,20.57613169,yes,<12mo,<12mo,symptoms,yes,no,no,no,yes,yes ,no,no,no,never,never,yes,yes,yes,no,yes,allsoon,2.0,2.0,1.0,2.0,1.0,selfstudy,bad,6m,low,yes,yes,1.0,1.0,3.0,3.0,60,disease_concern,30-39
1459,m01460,2016-09-20,25,female,unstable,unmarried,PostGrad,150.0,45.0,namdinh,20.0,no,<12mo,<12mo,symptoms,no,no,no,no,no,yes ,no,no,yes,never,yes,yes,yes,yes,no,yes,allsoon,5.0,4.0,5.0,5.0,5.0,clinic,bad,12m,hi,yes,yes,2.0,1.0,2.0,2.0,315,disease_concern,18-29
1460,m01461,2016-09-20,33,female,stable,married,Grad,156.0,50.0,hanoi,20.54569362,yes,<12mo,<12mo,request,yes,no,yes,yes,yes,yes ,yes,no,yes,never,never,yes,no,no,no,no,allsoon,1.5,1.0,2.0,4.0,3.0,selfstudy,bad,6m,hi,yes,yes,2.0,1.0,2.0,3.0,720,disease_concern,30-39
1461,m01462,2016-09-21,19,female,student,unmarried,Middle,165.0,55.0,haiphong,20.2020202,yes,>24mo,>24mo,volunteer,yes,no,no,no,no,yes ,no,no,no,never,never,yes,yes,yes,yes,yes,later,3.0,3.0,3.0,3.0,3.0,clinic,unknown,6m,low,yes,yes,3.0,3.0,3.0,3.0,unknown,symptoms,18-29
1462,m01463,2016-09-21,19,male,student,unmarried,Grad,175.0,60.0,hanoi,19.59183673,yes,unknown,unknown,symptoms,yes,no,no,yes,yes,yes ,yes,no,no,never,yes,yes,yes,yes,yes,yes,later,2.0,2.0,4.0,1.0,1.0,askrel,good,6m,med,yes,maybe,1.0,1.0,1.0,1.0,420,symptoms,18-29
1463,m01464,2016-09-22,19,female,student,unmarried,Grad,158.0,48.0,hanoi,19.22768787,yes,<12mo,12-24mo,volunteer,yes,no,no,no,yes,yes ,yes,yes,yes,never,never,yes,yes,yes,no,yes,later,5.0,5.0,4.0,5.0,5.0,askrel,quite,6m,med,yes,yes,3.0,3.0,4.0,3.0,unknown,symptoms,18-29
1464,m01465,2016-09-22,19,female,student,other,Grad,147.0,55.0,haiphong,25.45235781,no,unknown,unknown,request,yes,yes,no,yes,no,yes ,no,yes,yes,never,yes,no,no,no,no,yes,later,3.0,1.0,2.0,2.0,2.0,askrel,quite,6m,low,no,maybe,3.0,1.0,2.0,3.0,unknown,symptoms,18-29
1465,m01466,2016-09-22,19,female,student,unmarried,Grad,163.0,52.0,hanoi,19.57168128,yes,<12mo,<12mo,request,no,yes,no,no,yes,yes ,no,yes,no,yes,yes,yes,yes,yes,yes,yes,allsoon,4.0,4.0,4.0,4.0,4.0,selfstudy,good,12m,low,yes,yes,1.0,1.0,1.0,1.0,unknown,symptoms,18-29
1466,m01467,2016-09-23,20,female,student,unmarried,Grad,161.0,46.5,hanoi,17.93912272,yes,unknown,unknown,symptoms,no,no,no,no,yes,yes ,no,no,no,never,never,yes,yes,no,yes,no,later,3.0,4.0,2.0,4.0,3.0,askrel,quite,12m,low,maybe,maybe,3.0,3.0,3.0,3.0,unknown,symptoms,18-29
1467,m01468,2016-09-23,19,male,student,unmarried,Grad,178.0,65.0,thaibinh,20.51508648,yes,unknown,unknown,request,yes,yes,no,no,no,yes ,yes,no,no,never,never,yes,yes,yes,yes,yes,partly ,4.0,5.0,4.0,5.0,4.0,selfstudy,quite,12m,med,no,maybe,3.0,2.0,4.0,1.0,unknown,symptoms,18-29
1468,m01469,2016-09-21,19,female,student,unmarried,Grad,165.0,50.0,hanoi,18.36547291,yes,<12mo,<12mo,symptoms,yes,yes,yes,yes,yes,yes ,yes,yes,yes,never,never,no,yes,no,yes,no,partly ,5.0,4.0,3.0,2.0,1.0,askrel,unknown,12m,low,maybe,no,5.0,4.0,3.0,2.0,unknown,symptoms,18-29
1469,m01470,2016-09-21,18,female,student,unmarried,Grad,168.0,60.0,hanoi,21.2585034,yes,<12mo,<12mo,volunteer,no,no,no,yes,yes,yes ,yes,no,no,never,never,yes,yes,yes,yes,yes,partly ,5.0,4.0,5.0,4.0,5.0,askrel,good,6m,low,yes,yes,3.0,4.0,3.0,2.0,210,symptoms,18-29
1470,m01471,2016-09-21,19,female,student,unmarried,Grad,159.0,50.0,hanoi,19.77769867,yes,unknown,unknown,request,yes,yes,no,yes,yes,yes ,yes,no,no,never,yes,yes,yes,no,no,no,later,3.0,4.0,4.0,4.0,3.0,askrel,quite,18m,med,maybe,maybe,4.0,3.0,4.0,3.0,360,symptoms,18-29
1471,m01472,2016-09-21,18,female,student,unmarried,Grad,155.0,54.0,hanoi,22.47658689,yes,unknown,<12mo,request,yes,yes,no,no,yes,yes ,no,yes,no,never,yes,yes,yes,no,no,yes,later,1.0,1.0,1.0,1.0,1.0,askrel,good,6m,low,maybe,yes,3.0,3.0,3.0,1.0,unknown,symptoms,18-29
1472,m01473,2016-09-21,19,female,student,unmarried,Grad,163.0,50.0,hanoi,18.81892431,yes,12-24mo,12-24mo,request,no,no,no,no,yes,yes ,yes,yes,no,never,never,yes,yes,no,no,no,partly ,4.0,3.0,3.0,4.0,3.0,askrel,quite,6m,low,yes,maybe,3.0,2.0,2.0,2.0,unknown,symptoms,18-29
1473,m01474,2016-09-21,19,female,student,unmarried,Grad,170.0,52.0,hanoi,17.99307958,no,<12mo,unknown,request,yes,yes,no,yes,no,yes ,no,no,no,never,yes,yes,no,yes,no,no,allsoon,5.0,4.0,5.0,2.0,2.0,askrel,bad,18m,hi,no,yes,1.0,2.0,2.0,3.0,unknown,symptoms,18-29
1474,m01475,2016-09-21,19,male,student,unmarried,Grad,173.0,70.0,hanoi,23.38868656,yes,unknown,>24mo,disease_concern,yes,yes,yes,yes,yes,yes ,yes,yes,no,never,never,yes,yes,no,no,no,later,2.0,3.0,2.0,4.0,3.0,askrel,bad,18m,med,maybe,maybe,3.0,3.0,1.0,1.0,unknown,symptoms,18-29
1475,m01476,2016-09-21,19,female,student,unmarried,Grad,165.0,50.0,hanoi,18.36547291,yes,unknown,unknown,volunteer,yes,no,no,yes,yes,yes ,no,no,no,never,never,yes,no,yes,no,yes,partly ,4.0,3.0,1.0,2.0,5.0,selfstudy,bad,18m,hi,maybe,no,2.0,1.0,1.0,1.0,unknown,disease_concern,18-29
1476,m01477,2016-09-21,19,male,student,unmarried,Grad,173.0,67.0,hanoi,22.38631428,yes,unknown,unknown,request,yes,yes,yes,yes,yes,yes ,no,no,no,never,yes,yes,yes,yes,yes,yes,allsoon,4.0,4.0,2.0,4.0,3.0,selfstudy,bad,12m,low,maybe,yes,3.0,2.0,2.0,2.0,unknown,symptoms,18-29
1477,m01478,2016-09-21,19,male,student,unmarried,Grad,164.0,48.0,nghean,17.84651993,yes,12-24mo,<12mo,symptoms,yes,no,no,yes,yes,yes ,no,no,no,never,never,yes,yes,yes,yes,yes,later,4.0,4.0,2.0,1.0,1.0,selfstudy,unknown,18m,med,yes,yes,1.0,4.0,3.0,3.0,210,symptoms,18-29
1478,m01479,2016-09-21,20,female,student,unmarried,Grad,160.0,60.0,hanoi,23.4375,yes,unknown,12-24mo,request,yes,yes,yes,yes,yes,no,yes,no,no,never,never,yes,yes,yes,yes,no,allsoon,3.0,1.0,1.0,2.0,1.0,selfstudy,bad,18m,med,yes,maybe,1.0,1.0,1.0,1.0,420,symptoms,18-29
1479,m01480,2016-09-21,19,male,student,unmarried,Grad,175.0,65.0,hanoi,21.2244898,yes,unknown,unknown,request,yes,no,no,yes,yes,yes ,yes,no,no,never,never,yes,no,no,no,yes,partly ,5.0,5.0,5.0,5.0,5.0,askrel,quite,12m,med,yes,yes,3.0,3.0,3.0,3.0,840,symptoms,18-29
1480,m01481,2016-09-21,19,female,student,unmarried,Grad,165.0,54.0,hanoi,19.83471074,yes,unknown,unknown,symptoms,yes,yes,no,no,yes,yes ,yes,yes,yes,never,never,yes,yes,yes,yes,yes,later,3.0,4.0,3.0,4.0,2.0,selfstudy,quite,6m,low,maybe,maybe,3.0,3.0,2.0,2.0,180,disease_concern,18-29
1481,m01482,2016-09-21,19,male,student,unmarried,Grad,176.0,66.0,haiphong,21.30681818,yes,unknown,unknown,request,yes,yes,no,yes,yes,yes ,yes,yes,yes,never,never,yes,yes,yes,no,no,partly ,5.0,4.0,5.0,5.0,5.0,selfstudy,quite,12m,hi,yes,yes,5.0,4.0,5.0,4.0,unknown,symptoms,18-29
1482,m01483,2016-09-21,19,female,student,unmarried,Grad,160.0,45.0,hanoi,17.578125,yes,<12mo,<12mo,request,yes,no,yes,yes,yes,yes ,yes,no,no,yes,yes,yes,yes,yes,yes,yes,allsoon,4.0,4.0,2.0,3.0,3.0,selfstudy,bad,12m,med,no,maybe,2.0,2.0,3.0,3.0,unknown,symptoms,18-29
1483,m01484,2016-09-21,19,female,student,unmarried,Grad,175.0,60.0,hanoi,19.59183673,yes,<12mo,<12mo,symptoms,yes,no,no,yes,no,yes ,no,no,no,never,yes,yes,yes,yes,yes,no,allsoon,5.0,5.0,3.0,5.0,5.0,askrel,good,12m,low,yes,yes,2.0,5.0,5.0,5.0,300,disease_concern,18-29
1484,m01485,2016-09-21,19,female,student,unmarried,Grad,165.0,50.0,hanoi,18.36547291,yes,unknown,unknown,symptoms,yes,yes,no,no,yes,yes ,yes,no,no,never,yes,yes,yes,yes,yes,no,partly ,3.0,3.0,3.0,3.0,3.0,askrel,bad,12m,low,maybe,maybe,2.0,2.0,2.0,2.0,unknown,symptoms,18-29
1485,m01486,2016-09-21,19,male,student,unmarried,Grad,171.0,60.0,hanoi,20.51913409,yes,unknown,unknown,volunteer,yes,yes,no,no,yes,yes ,yes,yes,yes,yes,yes,yes,yes,yes,yes,yes,allsoon,4.0,3.0,3.0,4.0,2.0,askrel,good,12m,low,maybe,maybe,5.0,2.0,3.0,4.0,unknown,symptoms,18-29
1486,m01487,2016-09-21,19,female,student,unmarried,Grad,160.0,50.0,hanoi,19.53125,yes,12-24mo,12-24mo,request,no,yes,no,no,no,yes ,yes,yes,yes,never,yes,yes,yes,yes,yes,yes,partly ,4.0,4.0,4.0,3.0,3.0,askrel,good,12m,low,yes,maybe,5.0,3.0,2.0,3.0,unknown,symptoms,18-29
1487,m01488,2016-09-21,19,female,student,unmarried,Grad,170.0,60.0,hanoi,20.76124567,yes,unknown,<12mo,request,no,no,no,yes,yes,yes ,yes,yes,yes,never,never,yes,yes,yes,no,no,allsoon,4.0,3.0,3.0,2.0,3.0,selfstudy,quite,12m,low,yes,maybe,4.0,3.0,4.0,4.0,120,symptoms,18-29
1488,m01489,2016-09-19,30,female,stable,married,PostGrad,163.0,63.0,hanoi,23.71184463,yes,<12mo,<12mo,request,yes,no,no,yes,yes,yes ,yes,yes,yes,yes,yes,yes,yes,no,yes,yes,allsoon,3.0,3.0,5.0,3.0,4.0,askrel,bad,12m,med,no,no,3.0,2.0,2.0,3.0,315,symptoms,30-39
1489,m01490,2016-09-19,35,male,stable,married,Grad,165.0,85.0,hanoi,31.22130395,yes,12-24mo,12-24mo,request,yes,yes,no,yes,yes,yes ,yes,yes,yes,never,never,yes,no,no,yes,yes,allsoon,4.0,3.0,3.0,3.0,3.0,selfstudy,bad,12m,med,maybe,maybe,4.0,3.0,2.0,4.0,120,symptoms,30-39
1490,m01491,2016-09-24,34,male,stable,married,Grad,170.0,65.0,hanoi,22.49134948,yes,<12mo,<12mo,request,no,no,no,yes,no,yes ,no,no,no,never,never,yes,no,no,no,yes,allsoon,3.0,3.0,2.0,2.0,2.0,selfstudy,quite,12m,hi,yes,yes,4.0,3.0,3.0,3.0,180,disease_concern,30-39
1491,m01492,2016-09-24,28,female,stable,married,Grad,158.0,53.0,hanoi,21.23057202,yes,<12mo,<12mo,request,yes,yes,yes,yes,yes,yes ,yes,yes,yes,never,never,yes,yes,no,no,no,allsoon,3.0,2.0,3.0,3.0,2.0,askrel,bad,12m,med,yes,maybe,1.0,1.0,2.0,2.0,unknown,symptoms,18-29
1492,m01493,2016-09-19,23,female,stable,unmarried,Grad,158.0,51.0,hanoi,20.42941836,yes,<12mo,<12mo,request,yes,yes,no,yes,yes,yes ,yes,no,no,never,never,yes,yes,yes,yes,no,later,5.0,4.0,1.0,3.0,3.0,askrel,quite,6m,med,maybe,maybe,3.0,3.0,2.0,4.0,unknown,symptoms,18-29
1493,m01494,2016-09-19,24,female,unstable,married,Grad,158.0,45.0,hanoi,18.02595738,yes,<12mo,<12mo,request,no,no,no,no,no,yes ,yes,yes,yes,never,never,yes,yes,yes,yes,no,later,4.0,2.0,1.0,3.0,5.0,clinic,quite,6m,low,yes,maybe,1.0,2.0,3.0,4.0,140,symptoms,18-29
1494,m01495,2016-09-19,24,female,stable,married,Grad,167.0,47.0,hanoi,16.8525225,yes,<12mo,<12mo,request,yes,no,no,yes,no,no,yes,no,no,never,never,yes,no,yes,no,no,later,5.0,4.0,1.0,3.0,2.0,selfstudy,quite,6m,med,maybe,maybe,3.0,2.0,1.0,4.0,210,symptoms,18-29
1495,m01496,2016-09-24,30,male,stable,married,Grad,156.0,53.0,hanoi,21.77843524,yes,<12mo,<12mo,volunteer,yes,yes,yes,yes,yes,yes ,yes,no,no,never,never,yes,yes,no,no,no,allsoon,3.0,3.0,2.0,2.0,2.0,clinic,good,6m,med,yes,yes,2.0,1.0,2.0,2.0,unknown,disease_concern,30-39
1496,m01497,2016-09-17,23,female,stable,unmarried,Grad,157.0,48.0,hanoi,19.47340663,yes,<12mo,<12mo,disease_concern,yes,yes,yes,yes,yes,no,yes,no,no,never,yes,yes,yes,no,no,no,partly ,2.0,3.0,2.0,3.0,2.0,clinic,quite,12m,med,maybe,maybe,5.0,2.0,3.0,4.0,420,symptoms,18-29
1497,m01498,2016-09-17,23,female,stable,unmarried,Middle,163.0,50.0,thainguyen,18.81892431,yes,<12mo,<12mo,disease_concern,yes,yes,yes,yes,yes,yes ,no,yes,yes,yes,yes,yes,yes,yes,yes,yes,allsoon,3.0,2.0,2.0,2.0,1.0,askrel,good,6m,low,yes,yes,3.0,1.0,2.0,5.0,100,symptoms,18-29
1498,m01499,2016-09-17,25,male,stable,married,Middle,165.0,60.0,hanoi,22.03856749,yes,12-24mo,12-24mo,request,yes,no,no,no,yes,no,yes,yes,yes,yes,yes,yes,yes,yes,yes,yes,allsoon,2.0,3.0,4.0,5.0,2.0,askrel,quite,12m,med,maybe,maybe,3.0,2.0,2.0,5.0,180,symptoms,18-29
1499,m01500,2016-09-17,25,female,stable,married,Grad,150.0,45.0,hanoi,20.0,yes,12-24mo,12-24mo,disease_concern,yes,yes,yes,yes,yes,yes ,no,yes,yes,yes,yes,yes,yes,no,yes,yes,allsoon,3.0,2.0,5.0,1.0,2.0,clinic,good,6m,low,yes,yes,3.0,3.0,4.0,2.0,100,symptoms,18-29
1500,m01501,2016-09-17,25,male,stable,married,Middle,175.0,65.0,hanoi,21.2244898,yes,<12mo,<12mo,disease_concern,yes,yes,yes,yes,no,yes ,yes,yes,yes,yes,yes,yes,yes,yes,yes,yes,allsoon,5.0,2.0,3.0,4.0,2.0,askrel,quite,6m,low,yes,yes,3.0,3.0,3.0,2.0,unknown,symptoms,18-29
1501,m01502,2016-09-17,30,female,stable,married,Grad,156.0,45.0,hanoi,18.49112426,yes,<12mo,12-24mo,request,no,no,no,yes,yes,no,yes,yes,yes,yes,yes,yes,yes,no,yes,yes,allsoon,3.0,2.0,5.0,2.0,3.0,askrel,quite,12m,med,yes,yes,2.0,3.0,2.0,5.0,180,disease_concern,30-39
1502,m01503,2016-09-17,23,male,stable,unmarried,Grad,167.0,60.0,hanoi,21.51385851,yes,12-24mo,12-24mo,symptoms,no,yes,yes,yes,yes,no,yes,yes,yes,yes,yes,yes,yes,no,yes,yes,partly ,3.0,2.0,5.0,5.0,4.0,askrel,good,6m,low,yes,yes,3.0,2.0,4.0,2.0,180,disease_concern,18-29
1503,m01504,2016-09-17,25,female,stable,unmarried,Middle,160.0,47.0,hanoi,18.359375,no,12-24mo,12-24mo,symptoms,yes,no,yes,yes,no,yes ,no,yes,yes,never,yes,yes,yes,no,yes,yes,partly ,3.0,2.0,3.0,3.0,3.0,askrel,good,6m,low,yes,yes,3.0,5.0,2.0,5.0,180,symptoms,18-29
1504,m01505,2016-09-17,35,female,housewife,married,Middle,150.0,45.0,hanoi,20.0,yes,>24mo,>24mo,volunteer,no,yes,yes,no,no,no,no,yes,yes,yes,never,yes,yes,yes,no,no,later,3.0,3.0,3.0,2.0,4.0,askrel,quite,12m,med,yes,yes,3.0,2.0,2.0,2.0,480,symptoms,30-39
1505,m01506,2016-09-17,50,male,stable,married,Middle,170.0,60.0,hanoi,20.76124567,yes,12-24mo,12-24mo,disease_concern,yes,no,no,no,no,yes ,yes,no,no,yes,yes,no,yes,no,no,no,allsoon,3.0,4.0,2.0,2.0,5.0,clinic,good,6m,low,maybe,maybe,3.0,3.0,3.0,2.0,100,symptoms,>=50
1506,m01507,2016-09-17,35,male,stable,married,Grad,165.0,60.0,hanoi,22.03856749,yes,<12mo,12-24mo,symptoms,no,no,yes,yes,no,no,yes,yes,yes,never,never,yes,yes,no,yes,yes,allsoon,3.0,3.0,3.0,2.0,5.0,clinic,good,6m,low,yes,yes,3.0,3.0,3.0,4.0,480,symptoms,30-39
1507,m01508,2016-09-17,32,female,stable,married,Middle,160.0,50.0,hanoi,19.53125,yes,12-24mo,12-24mo,disease_concern,no,yes,yes,yes,yes,no,yes,no,yes,yes,never,yes,yes,yes,yes,yes,allsoon,4.0,4.0,4.0,2.0,3.0,askrel,good,6m,low,yes,yes,3.0,3.0,4.0,2.0,80,symptoms,30-39
1508,m01509,2016-09-17,25,female,stable,married,Middle,160.0,60.0,hanoi,23.4375,yes,<12mo,<12mo,disease_concern,yes,no,yes,yes,yes,yes ,no,no,no,never,never,yes,yes,yes,yes,no,allsoon,3.0,2.0,4.0,4.0,4.0,clinic,quite,12m,med,no,no,3.0,2.0,2.0,2.0,180,symptoms,18-29
1509,m01510,2016-09-17,23,female,stable,unmarried,PostGrad,170.0,60.0,hanoi,20.76124567,yes,<12mo,<12mo,disease_concern,yes,yes,yes,yes,yes,yes ,no,yes,yes,yes,yes,yes,yes,yes,yes,yes,allsoon,2.0,3.0,2.0,3.0,3.0,clinic,good,6m,low,yes,yes,3.0,4.0,4.0,4.0,180,symptoms,18-29
1510,m01511,2016-09-16,26,female,student,married,Middle,155.0,40.0,hanoi,16.64932362,no,<12mo,12-24mo,disease_concern,no,no,no,no,yes,yes ,no,no,no,never,never,yes,yes,no,no,no,allsoon,4.0,4.0,4.0,4.0,4.0,clinic,bad,6m,med,no,maybe,3.0,3.0,3.0,3.0,unknown,symptoms,18-29
1511,m01512,2016-09-26,21,male,student,unmarried,Middle,165.0,55.0,caobang,20.2020202,no,<12mo,12-24mo,disease_concern,no,no,no,no,yes,yes ,no,no,no,never,never,yes,yes,no,no,no,allsoon,3.0,3.0,3.0,3.0,3.0,clinic,bad,6m,med,no,maybe,2.0,3.0,2.0,3.0,unknown,symptoms,18-29
1512,m01513,2016-09-26,20,male,stable,unmarried,Middle,168.0,52.0,hanoi,18.42403628,yes,12-24mo,12-24mo,symptoms,no,yes,no,no,no,yes ,yes,no,no,never,yes,yes,no,no,yes,no,allsoon,3.0,3.0,3.0,4.0,3.0,askrel,quite,6m,low,maybe,no,2.0,3.0,2.0,2.0,unknown,symptoms,18-29
1513,m01514,2016-09-26,30,male,unstable,married,Middle,164.0,56.0,hanoi,20.82093992,no,unknown,unknown,volunteer,yes,yes,no,yes,yes,yes ,no,yes,no,never,yes,no,yes,yes,yes,yes,later,4.0,5.0,4.0,5.0,5.0,askrel,quite,g18m,med,yes,yes,2.0,2.0,3.0,2.0,unknown,symptoms,30-39
1514,m01515,2016-09-26,20,female,unstable,unmarried,Grad,160.0,58.0,hanoi,22.65625,no,<12mo,unknown,volunteer,yes,yes,yes,yes,yes,yes ,no,yes,no,never,never,yes,yes,yes,yes,no,allsoon,3.0,3.0,4.0,3.0,3.0,selfstudy,quite,g18m,low,yes,maybe,3.0,2.0,2.0,2.0,unknown,symptoms,18-29
1515,m01516,2016-09-26,24,female,unstable,unmarried,Middle,156.0,48.0,hanoi,19.72386588,no,12-24mo,unknown,symptoms,yes,yes,no,yes,yes,yes ,yes,no,no,yes,yes,no,yes,yes,yes,no,allsoon,3.0,4.0,4.0,4.0,3.0,selfstudy,bad,6m,low,maybe,maybe,3.0,3.0,3.0,2.0,unknown,symptoms,18-29
1516,m01517,2016-09-26,21,female,unstable,unmarried,Middle,167.0,42.0,hanoi,15.05970096,no,unknown,unknown,symptoms,no,yes,yes,no,no,yes ,yes,no,no,never,yes,yes,yes,yes,yes,yes,later,3.0,2.0,2.0,2.0,3.0,askrel,bad,18m,med,yes,yes,2.0,3.0,2.0,3.0,unknown,symptoms,18-29
1517,m01518,2016-09-26,27,female,stable,unmarried,Middle,150.0,49.0,hanoi,21.77777778,yes,unknown,unknown,volunteer,yes,yes,no,no,yes,yes ,yes,no,yes,never,never,yes,no,no,yes,yes,later,3.0,3.0,2.0,3.0,3.0,clinic,unknown,6m,med,maybe,maybe,5.0,5.0,5.0,5.0,30,disease_concern,18-29
1518,m01519,2016-09-26,20,female,stable,unmarried,Middle,168.0,47.0,hanoi,16.65249433,no,unknown,unknown,volunteer,no,no,no,yes,no,yes ,no,no,no,never,never,yes,no,no,no,no,later,3.0,3.0,2.0,3.0,2.0,clinic,unknown,g18m,low,maybe,maybe,3.0,2.0,2.0,2.0,unknown,symptoms,18-29
1519,m01520,2016-09-26,34,female,stable,married,Middle,154.0,49.0,hanoi,20.66115702,yes,<12mo,<12mo,symptoms,no,no,no,no,no,yes ,no,no,yes,never,never,yes,yes,no,yes,yes,allsoon,2.0,3.0,3.0,2.0,2.0,clinic,quite,12m,hi,maybe,maybe,3.0,2.0,2.0,2.0,unknown,symptoms,30-39
1520,m01521,2016-09-26,23,female,unstable,unmarried,Middle,167.0,58.0,laocaI,20.79672989,yes,unknown,unknown,symptoms,yes,yes,yes,no,no,yes ,yes,no,no,never,yes,no,no,no,yes,no,partly ,3.0,4.0,4.0,4.0,4.0,clinic,unknown,18m,low,maybe,maybe,2.0,2.0,2.0,2.0,unknown,symptoms,18-29
1521,m01522,2016-09-26,21,female,stable,unmarried,Middle,160.0,50.0,namdinh,19.53125,yes,unknown,unknown,volunteer,yes,yes,no,no,yes,yes ,yes,no,no,never,never,yes,no,no,yes,yes,later,3.0,3.0,1.0,3.0,2.0,clinic,unknown,18m,med,maybe,maybe,3.0,5.0,2.0,3.0,30,disease_concern,18-29
1522,m01523,2016-09-20,49,female,stable,married,Middle,160.0,55.0,hanoi,21.484375,yes,unknown,<12mo,request,no,no,no,yes,no,yes ,yes,no,yes,never,yes,yes,yes,no,yes,yes,allsoon,3.0,2.0,2.0,2.0,2.0,selfstudy,quite,6m,med,yes,yes,2.0,1.0,2.0,2.0,90,symptoms,40-49
1523,m01524,2016-09-19,46,female,stable,married,Middle,155.0,53.0,hanoi,22.0603538,yes,<12mo,<12mo,request,no,no,no,yes,no,yes ,yes,yes,yes,never,never,yes,yes,yes,no,no,allsoon,2.0,3.0,2.0,2.0,2.0,clinic,bad,6m,low,maybe,maybe,2.0,2.0,2.0,3.0,unknown,symptoms,40-49
1524,m01525,2016-09-19,42,female,stable,married,Grad,160.0,55.0,hanoi,21.484375,yes,<12mo,<12mo,request,no,no,no,yes,no,yes ,yes,yes,yes,never,never,yes,yes,no,no,no,partly ,3.0,2.0,2.0,3.0,2.0,clinic,good,6m,low,maybe,maybe,2.0,2.0,2.0,2.0,unknown,symptoms,40-49
1525,m01526,2016-09-19,48,female,stable,married,Grad,160.0,60.0,hanoi,23.4375,yes,<12mo,<12mo,request,no,no,no,yes,no,yes ,yes,yes,yes,never,never,yes,no,no,no,no,allsoon,3.0,2.0,2.0,3.0,2.0,clinic,bad,6m,low,maybe,maybe,2.0,2.0,2.0,2.0,unknown,disease_concern,40-49
1526,m01527,2016-09-19,37,female,stable,married,Grad,160.0,52.0,hanoi,20.3125,yes,<12mo,<12mo,symptoms,no,no,no,no,yes,yes ,no,no,no,never,never,yes,no,no,yes,yes,later,3.0,3.0,3.0,3.0,3.0,selfstudy,bad,12m,low,yes,maybe,3.0,3.0,3.0,3.0,unknown,symptoms,30-39
1527,m01528,2016-09-19,28,female,stable,married,Grad,150.0,48.0,hanoi,21.33333333,yes,<12mo,<12mo,symptoms,yes,no,no,no,no,yes ,no,yes,no,never,never,yes,yes,no,no,yes,allsoon,4.0,4.0,4.0,4.0,4.0,clinic,unknown,12m,hi,maybe,maybe,4.0,4.0,4.0,4.0,210,symptoms,18-29
1528,m01529,2016-09-19,36,male,stable,unmarried,Grad,167.0,75.0,hanoi,26.89232314,yes,unknown,<12mo,request,no,no,no,no,yes,yes ,no,yes,yes,never,never,yes,yes,yes,yes,no,later,3.0,5.0,4.0,5.0,4.0,askrel,quite,12m,med,maybe,maybe,3.0,3.0,3.0,3.0,unknown,symptoms,30-39
1529,m01530,2016-09-19,23,male,stable,unmarried,Grad,160.0,48.0,hanoi,18.75,yes,<12mo,<12mo,volunteer,yes,no,no,no,no,yes ,no,no,no,never,yes,no,yes,no,no,no,allsoon,2.0,4.0,4.0,5.0,5.0,clinic,unknown,12m,med,yes,yes,2.0,2.0,3.0,2.0,330,symptoms,18-29
1530,m01531,2016-09-19,35,female,unstable,married,Middle,180.0,65.0,hanoi,20.0617284,yes,12-24mo,12-24mo,disease_concern,yes,no,no,no,no,yes ,yes,yes,yes,never,never,yes,yes,yes,yes,no,partly ,2.0,3.0,3.0,4.0,2.0,askrel,quite,12m,med,maybe,maybe,3.0,3.0,2.0,5.0,100,symptoms,30-39
1531,m01532,2016-09-19,23,male,stable,unmarried,Grad,169.0,56.0,quangninh,19.60715661,no,<12mo,<12mo,request,no,yes,no,no,yes,yes ,yes,yes,yes,yes,yes,yes,no,no,yes,yes,allsoon,4.0,3.0,2.0,3.0,2.0,clinic,bad,12m,low,yes,yes,1.0,1.0,2.0,2.0,360,symptoms,18-29
1532,m01533,2016-09-19,32,female,stable,married,Grad,150.0,44.0,hanoi,19.55555556,no,<12mo,<12mo,symptoms,no,yes,no,no,no,yes ,no,no,no,never,never,yes,no,no,yes,no,allsoon,4.0,4.0,5.0,3.0,3.0,clinic,bad,12m,med,maybe,maybe,3.0,2.0,2.0,3.0,100,symptoms,30-39
1533,m01534,2016-09-16,33,female,stable,married,Grad,160.0,70.0,hanoi,27.34375,yes,<12mo,12-24mo,request,yes,yes,no,yes,yes,yes ,yes,yes,yes,never,never,yes,yes,yes,no,yes,allsoon,4.0,4.0,4.0,4.0,4.0,askrel,quite,12m,med,yes,maybe,4.0,4.0,4.0,4.0,unknown,symptoms,30-39
1534,m01535,2016-09-17,37,female,stable,unmarried,Grad,158.0,50.0,hanoi,20.02884153,yes,12-24mo,12-24mo,volunteer,yes,yes,yes,yes,yes,yes ,yes,yes,yes,never,never,yes,yes,yes,no,yes,later,3.0,3.0,3.0,3.0,3.0,clinic,good,12m,med,maybe,maybe,3.0,3.0,3.0,3.0,unknown,symptoms,30-39
1535,m01536,2016-09-17,28,female,stable,married,Grad,165.0,50.0,hanoi,18.36547291,yes,<12mo,<12mo,request,yes,yes,no,yes,yes,yes ,yes,yes,yes,never,yes,yes,yes,yes,no,yes,allsoon,2.0,2.0,2.0,2.0,2.0,clinic,good,12m,med,maybe,maybe,2.0,2.0,2.0,2.0,unknown,symptoms,18-29
1536,m01537,2016-09-17,24,female,unstable,unmarried,Grad,167.0,48.0,hanoi,17.21108681,yes,unknown,unknown,request,yes,yes,no,yes,yes,yes ,yes,no,no,never,never,yes,yes,yes,yes,no,allsoon,5.0,3.0,3.0,3.0,3.0,clinic,good,12m,low,yes,yes,3.0,2.0,3.0,2.0,unknown,symptoms,18-29
1537,m01538,2016-09-17,40,female,stable,married,Grad,160.0,50.0,hanoi,19.53125,yes,<12mo,<12mo,request,no,no,no,no,yes,yes ,no,yes,yes,never,never,yes,no,no,no,yes,later,2.0,2.0,2.0,2.0,2.0,clinic,quite,6m,med,no,no,2.0,2.0,2.0,2.0,unknown,disease_concern,40-49
1538,m01539,2016-09-17,40,male,stable,married,Grad,175.0,60.0,hanoi,19.59183673,yes,<12mo,<12mo,request,no,no,no,no,yes,yes ,no,yes,yes,never,never,yes,no,no,no,yes,later,2.0,1.0,1.0,1.0,1.0,clinic,quite,6m,med,no,no,2.0,2.0,2.0,2.0,unknown,symptoms,40-49
1539,m01540,2016-09-17,38,female,stable,married,Grad,160.0,55.0,hanoi,21.484375,yes,<12mo,<12mo,request,no,no,no,no,yes,yes ,no,yes,yes,never,never,yes,no,no,no,yes,allsoon,2.0,2.0,2.0,2.0,2.0,clinic,good,6m,med,no,no,2.0,2.0,2.0,2.0,unknown,disease_concern,30-39
1540,m01541,2016-09-18,50,female,stable,married,Middle,158.0,48.0,hanoi,19.22768787,yes,<12mo,<12mo,request,no,no,no,no,yes,yes ,no,yes,yes,never,never,yes,no,no,no,yes,later,2.0,2.0,2.0,2.0,2.0,clinic,quite,6m,med,no,no,2.0,2.0,2.0,2.0,unknown,symptoms,>=50
1541,m01542,2016-09-17,31,male,stable,married,Grad,180.0,70.0,hanoi,21.60493827,yes,<12mo,<12mo,request,no,no,no,no,yes,yes ,no,yes,yes,never,never,yes,no,no,no,yes,later,2.0,2.0,2.0,2.0,2.0,clinic,quite,6m,med,no,no,2.0,2.0,2.0,2.0,unknown,disease_concern,30-39
1542,m01543,2016-09-17,30,male,stable,married,Grad,172.0,75.0,hanoi,25.35154137,yes,<12mo,<12mo,request,no,no,no,no,yes,yes ,no,yes,yes,never,never,yes,no,no,no,yes,later,2.0,2.0,2.0,2.0,2.0,clinic,quite,6m,med,no,no,3.0,3.0,3.0,3.0,unknown,disease_concern,30-39
1543,m01544,2016-09-17,29,male,stable,unmarried,Grad,175.0,68.0,hanoi,22.20408163,yes,<12mo,<12mo,request,no,no,no,no,yes,yes ,no,yes,yes,never,never,yes,no,no,no,yes,later,2.0,2.0,2.0,2.0,2.0,clinic,quite,6m,med,no,no,2.0,2.0,2.0,2.0,unknown,disease_concern,18-29
1544,m01545,2016-09-20,26,male,stable,unmarried,Grad,170.0,90.0,hanoi,31.14186851,no,<12mo,<12mo,request,no,yes,no,yes,no,yes ,yes,yes,no,never,never,yes,no,no,yes,no,allsoon,3.5,3.0,4.0,3.5,4.0,clinic,bad,18m,med,maybe,maybe,3.0,3.5,4.0,4.0,3000,disease_concern,18-29
1545,m01546,2016-09-20,30,male,stable,married,Grad,174.0,81.0,bachmai,26.75386445,no,<12mo,<12mo,request,yes,yes,no,no,yes,no,yes,no,no,never,yes,yes,no,no,yes,no,allsoon,3.0,1.0,3.0,3.0,4.0,selfstudy,quite,12m,med,yes,yes,1.0,2.0,3.0,4.0,unknown,symptoms,30-39
1546,m01547,2016-09-20,24,male,stable,unmarried,Grad,166.0,63.0,hanoi,22.86253448,yes,<12mo,<12mo,request,yes,yes,yes,no,yes,yes ,yes,no,yes,never,never,yes,yes,no,yes,no,allsoon,5.0,5.0,5.0,5.0,5.0,clinic,good,6m,low,yes,yes,5.0,5.0,5.0,5.0,unknown,symptoms,18-29
1547,m01548,2016-09-20,24,male,unstable,unmarried,Grad,172.0,65.0,hanoi,21.97133586,no,<12mo,<12mo,volunteer,yes,yes,no,no,yes,no,yes,yes,no,never,never,yes,no,no,no,no,partly ,5.0,5.0,5.0,5.0,5.0,askrel,bad,12m,low,yes,maybe,1.0,2.0,3.0,4.0,200,symptoms,18-29
1548,m01549,2016-09-20,27,male,stable,unmarried,Grad,180.0,95.0,hanoi,29.32098765,no,unknown,unknown,symptoms,yes,no,yes,yes,yes,yes ,no,no,yes,never,never,yes,yes,yes,yes,yes,allsoon,3.0,3.0,3.0,4.0,2.0,askrel,unknown,12m,med,maybe,maybe,4.0,3.0,3.0,3.0,unknown,symptoms,18-29
1549,m01550,2016-09-20,30,female,stable,married,Grad,150.0,52.0,hanoi,23.11111111,yes,unknown,unknown,request,yes,yes,no,yes,yes,yes ,yes,no,no,never,never,yes,yes,yes,yes,yes,partly ,2.0,2.0,2.0,2.0,1.0,askrel,quite,18m,low,yes,maybe,2.0,1.0,2.0,1.0,unknown,symptoms,30-39
1550,m01551,2016-09-20,24,male,stable,unmarried,Grad,169.0,52.0,hanoi,18.20664543,no,12-24mo,<12mo,request,yes,yes,no,yes,yes,no,no,yes,no,never,never,yes,no,no,no,yes,allsoon,3.0,2.0,2.0,2.0,3.0,askrel,quite,g18m,med,maybe,maybe,2.0,1.0,3.0,2.0,410,symptoms,18-29
1551,m01552,2016-09-20,30,male,stable,married,Grad,176.0,105.0,hanoi,33.89721074,yes,<12mo,<12mo,request,no,no,no,yes,no,yes ,yes,yes,yes,never,yes,yes,yes,yes,yes,yes,allsoon,3.0,4.0,4.0,4.0,4.0,clinic,bad,6m,hi,no,no,4.0,4.0,4.0,4.0,210,disease_concern,30-39
1552,m01553,2016-09-20,25,female,stable,unmarried,PostGrad,150.0,55.0,hanoi,24.44444444,no,<12mo,>24mo,symptoms,no,no,yes,no,no,yes ,yes,yes,yes,never,yes,yes,no,no,no,yes,allsoon,3.0,3.0,4.0,3.0,3.0,askrel,bad,6m,low,yes,maybe,3.0,3.0,3.0,3.0,210,symptoms,18-29
1553,m01554,2016-09-20,28,female,stable,married,Grad,163.0,50.0,hanoi,18.81892431,no,<12mo,unknown,symptoms,yes,yes,yes,no,yes,yes ,yes,no,no,never,never,yes,yes,yes,no,no,allsoon,1.0,5.0,2.0,4.0,3.0,askrel,quite,12m,low,maybe,maybe,4.0,3.0,5.0,2.0,unknown,symptoms,18-29
1554,m01555,2016-09-20,38,female,stable,married,Grad,161.0,60.0,hanoi,23.14725512,yes,12-24mo,<12mo,request,yes,no,no,no,no,yes ,yes,yes,yes,never,yes,yes,yes,yes,yes,no,later,4.0,4.0,4.0,4.0,5.0,askrel,quite,12m,med,yes,maybe,4.0,4.0,4.0,5.0,unknown,symptoms,30-39
1555,m01556,2016-09-20,27,male,stable,unmarried,Grad,177.0,67.0,hanoi,21.38593635,yes,<12mo,<12mo,volunteer,yes,no,no,no,yes,yes ,yes,yes,yes,never,never,yes,yes,no,yes,no,allsoon,4.0,3.0,2.0,2.0,2.0,askrel,good,12m,low,yes,yes,3.0,3.0,3.0,3.0,unknown,disease_concern,18-29
1556,m01557,2016-09-23,33,female,stable,married,PostGrad,160.0,55.0,hanoi,21.484375,yes,<12mo,<12mo,request,no,no,yes,yes,no,yes ,yes,no,no,yes,yes,yes,yes,no,yes,yes,allsoon,3.0,3.0,4.0,3.0,3.0,clinic,quite,6m,med,yes,yes,3.0,3.0,3.0,3.0,200,symptoms,30-39
1557,m01558,2016-09-20,32,female,stable,married,Grad,158.0,50.0,hanoi,20.02884153,yes,<12mo,<12mo,request,yes,no,yes,yes,no,yes ,yes,no,yes,never,never,yes,no,yes,yes,no,allsoon,5.0,4.0,4.0,4.0,4.0,selfstudy,quite,12m,hi,yes,maybe,4.0,4.0,4.0,4.0,210,symptoms,30-39
1558,m01559,2016-09-23,27,female,stable,married,Grad,162.0,47.0,hanoi,17.90885536,yes,unknown,unknown,symptoms,yes,yes,yes,no,yes,yes ,yes,no,no,never,yes,no,yes,yes,yes,no,allsoon,3.0,3.0,3.0,4.0,3.0,selfstudy,bad,12m,low,yes,maybe,4.0,3.0,3.0,3.0,210,symptoms,18-29
1559,m01560,2016-09-22,24,female,stable,unmarried,PostGrad,160.0,55.0,hanoi,21.484375,yes,<12mo,<12mo,request,no,no,yes,no,no,no,yes,no,no,never,never,yes,no,no,yes,yes,later,4.0,4.0,4.0,4.0,4.5,askrel,unknown,12m,low,maybe,maybe,4.0,4.0,4.0,3.5,250,symptoms,18-29
1560,m01561,2016-09-22,34,female,stable,married,PostGrad,155.0,45.0,hanoi,18.73048907,yes,<12mo,<12mo,request,no,no,no,yes,yes,yes ,yes,yes,yes,never,yes,yes,yes,yes,yes,yes,allsoon,5.0,4.0,3.0,4.0,4.0,clinic,quite,6m,med,yes,maybe,4.0,3.0,3.0,4.0,300,symptoms,30-39
1561,m01562,2016-09-22,24,female,stable,unmarried,Grad,166.0,57.0,hanoi,20.68515024,yes,unknown,unknown,symptoms,yes,yes,yes,no,yes,yes ,yes,no,no,never,yes,yes,yes,yes,yes,no,partly ,2.5,3.0,2.5,4.0,3.0,selfstudy,bad,g18m,low,yes,maybe,4.0,3.0,4.0,3.0,500,symptoms,18-29
1562,m01563,2016-09-22,26,female,unstable,unmarried,Grad,155.0,47.0,haiduong,19.56295525,no,>24mo,unknown,symptoms,yes,yes,yes,yes,yes,yes ,no,no,no,never,yes,yes,no,no,yes,no,allsoon,2.0,4.0,1.0,3.0,2.0,selfstudy,unknown,12m,low,yes,yes,3.0,2.0,1.0,1.0,unknown,symptoms,18-29
1563,m01564,2016-09-22,31,female,unstable,married,PostGrad,157.0,57.0,hanoi,23.12467037,yes,<12mo,>24mo,symptoms,yes,yes,yes,no,yes,yes ,no,no,no,never,never,yes,yes,no,no,no,allsoon,3.0,3.0,2.0,4.0,2.0,selfstudy,bad,12m,low,yes,maybe,3.0,3.0,2.0,2.0,280,symptoms,30-39
1564,m01565,2016-09-22,32,male,stable,married,PostGrad,170.0,70.0,hanoi,24.22145329,yes,<12mo,<12mo,request,no,no,no,no,no,yes ,yes,no,yes,never,yes,yes,yes,no,yes,no,allsoon,3.0,4.0,1.0,3.0,2.0,askrel,bad,6m,med,no,yes,4.0,1.0,2.0,4.0,210,symptoms,30-39
1565,m01566,2016-09-22,30,female,stable,married,Grad,157.0,60.0,hanoi,24.34175829,yes,<12mo,>24mo,volunteer,yes,no,no,no,yes,yes ,yes,yes,yes,never,never,yes,yes,yes,yes,yes,allsoon,2.0,3.0,4.0,4.0,4.0,clinic,bad,12m,med,yes,yes,1.0,2.0,2.0,2.0,210,symptoms,30-39
1566,m01567,2016-09-22,31,female,unstable,married,PostGrad,152.0,46.0,hanoi,19.9099723,yes,12-24mo,12-24mo,symptoms,yes,yes,no,yes,yes,yes ,no,no,no,yes,never,no,yes,yes,yes,yes,allsoon,3.0,5.0,5.0,5.0,5.0,selfstudy,quite,12m,low,maybe,maybe,5.0,4.0,4.0,4.0,150,symptoms,30-39
1567,m01568,2016-09-28,46,male,other,married,Middle,168.0,53.0,hanoi,18.77834467,yes,unknown,unknown,request,yes,no,no,no,yes,no,yes,no,no,yes,yes,no,no,no,yes,no,allsoon,3.0,3.0,4.0,4.0,3.0,askrel,unknown,12m,low,maybe,maybe,3.0,4.0,2.0,3.0,unknown,symptoms,40-49
1568,m01569,2016-09-28,33,male,stable,unmarried,PostGrad,157.0,41.0,bacgiang,16.63353483,yes,<12mo,unknown,request,yes,no,no,no,yes,no,yes,no,no,yes,yes,no,no,no,yes,yes,allsoon,4.0,3.0,2.0,4.0,3.0,clinic,bad,6m,med,maybe,maybe,3.0,4.0,4.0,4.0,unknown,symptoms,30-39
1569,m01570,2016-09-27,33,male,other,married,PostGrad,160.0,47.0,bacninh,18.359375,yes,<12mo,unknown,request,yes,no,no,no,no,no,yes,no,no,yes,yes,no,no,no,yes,yes,allsoon,4.0,3.0,2.0,4.0,3.0,askrel,bad,6m,med,maybe,maybe,4.0,3.0,4.0,3.0,300,symptoms,30-39
1570,m01571,2016-09-27,40,male,other,married,High,163.0,56.0,hanoi,21.07719523,yes,<12mo,<12mo,request,no,yes,no,no,no,yes ,yes,no,no,yes,yes,no,yes,no,yes,yes,allsoon,3.0,3.0,4.0,4.0,3.0,askrel,bad,12m,low,maybe,maybe,3.0,2.0,4.0,2.0,unknown,symptoms,40-49
1571,m01572,2016-09-27,68,male,retirer,married,High,161.0,64.0,hanoi,24.69040546,yes,<12mo,<12mo,volunteer,no,no,no,no,no,yes ,no,yes,yes,yes,yes,yes,no,yes,yes,yes,allsoon,4.0,4.0,3.0,4.0,3.0,clinic,quite,6m,med,maybe,maybe,3.0,4.0,3.0,2.0,400,symptoms,>=50
1572,m01573,2016-09-27,62,female,retirer,married,High,152.0,49.0,hanoi,21.20844875,yes,unknown,unknown,request,no,no,no,no,yes,no,no,yes,no,yes,yes,no,yes,yes,yes,yes,later,4.0,3.0,2.0,4.0,3.0,clinic,bad,6m,med,maybe,maybe,4.0,3.0,3.0,3.0,unknown,symptoms,>=50
1573,m01574,2016-09-27,54,female,retirer,married,Middle,150.0,36.5,hanoi,16.22222222,yes,<12mo,<12mo,request,yes,no,no,no,no,yes ,yes,no,no,yes,yes,no,yes,no,yes,yes,allsoon,4.0,3.0,3.0,4.0,3.0,clinic,bad,6m,med,maybe,maybe,4.0,3.0,4.0,3.0,unknown,symptoms,>=50
1574,m01575,2016-09-26,49,female,housewife,married,Middle,151.0,46.0,ninhbinh,20.17455375,yes,<12mo,<12mo,symptoms,no,yes,no,no,no,no,no,yes,no,never,yes,no,no,yes,yes,yes,allsoon,3.0,4.0,3.0,4.0,3.0,askrel,bad,6m,low,maybe,maybe,3.0,2.0,4.0,3.0,unknown,symptoms,40-49
1575,m01576,2016-09-26,39,female,housewife,married,High,150.0,42.0,hanoi,18.66666667,yes,unknown,unknown,request,yes,yes,no,no,yes,no,yes,no,no,yes,yes,no,no,no,yes,yes,allsoon,4.0,4.0,3.0,4.0,2.0,askrel,unknown,12m,low,maybe,maybe,4.0,3.0,4.0,4.0,unknown,symptoms,30-39
1576,m01577,2016-09-26,33,female,housewife,married,Middle,158.0,48.0,namdinh,19.22768787,yes,<12mo,unknown,symptoms,no,no,no,no,yes,no,yes,no,no,yes,yes,no,no,no,yes,yes,allsoon,4.0,3.0,3.0,4.0,2.0,askrel,bad,6m,med,yes,maybe,4.0,3.0,4.0,4.0,unknown,symptoms,30-39
1577,m01578,2016-09-28,22,female,unstable,unmarried,PostGrad,158.0,53.0,thaibinh,21.23057202,yes,unknown,unknown,request,yes,no,no,no,yes,no,yes,no,yes,never,never,no,no,no,no,no,allsoon,4.0,3.0,2.0,4.0,2.0,selfstudy,unknown,6m,low,maybe,maybe,4.0,3.0,3.0,2.0,200,symptoms,18-29
1578,m01579,2016-09-27,62,female,retirer,married,PostGrad,158.0,41.0,thaibinh,16.42365006,yes,<12mo,<12mo,symptoms,no,no,no,no,yes,yes ,no,yes,yes,never,never,no,yes,yes,no,yes,allsoon,4.0,3.0,4.0,3.0,2.0,clinic,quite,6m,med,maybe,maybe,4.0,4.0,3.0,3.0,250,symptoms,>=50
1579,m01580,2016-09-27,24,male,unstable,unmarried,PostGrad,145.0,35.0,hoabinh,16.64684899,yes,unknown,unknown,request,no,yes,no,no,no,no,yes,no,no,yes,yes,yes,no,yes,yes,yes,allsoon,3.0,3.0,4.0,4.0,3.0,selfstudy,unknown,6m,low,maybe,maybe,3.0,3.0,4.0,2.0,300,symptoms,18-29
1580,m01581,2016-09-27,28,male,unstable,unmarried,Middle,155.0,45.0,hungyen,18.73048907,yes,12-24mo,unknown,request,yes,yes,no,no,yes,no,yes,no,no,yes,yes,yes,no,yes,yes,yes,allsoon,4.0,3.0,3.0,4.0,4.0,askrel,bad,6m,low,yes,maybe,4.0,3.0,3.0,4.0,400,symptoms,18-29
1581,m01582,2016-09-25,17,female,student,unmarried,Middle,157.0,45.0,hungyen,18.25631871,yes,unknown,unknown,request,yes,no,no,no,yes,no,yes,no,no,yes,yes,yes,no,no,yes,yes,allsoon,3.0,2.0,4.0,4.0,2.0,askrel,bad,6m,low,yes,maybe,4.0,3.0,4.0,4.0,400,symptoms,<18
1582,m01583,2016-09-26,28,male,unstable,unmarried,PostGrad,167.0,47.0,bacgiang,16.8525225,yes,<12mo,unknown,request,yes,yes,no,no,no,no,yes,no,no,yes,yes,yes,no,yes,yes,yes,allsoon,3.0,4.0,2.0,4.0,3.0,selfstudy,unknown,6m,low,yes,maybe,3.0,2.0,3.0,3.0,unknown,symptoms,18-29
1583,m01584,2016-09-26,19,male,student,unmarried,Grad,180.0,64.0,hungyen,19.75308642,yes,12-24mo,12-24mo,symptoms,no,no,no,no,yes,yes ,yes,no,yes,never,never,yes,no,no,yes,no,allsoon,3.0,2.0,4.0,4.0,2.0,selfstudy,quite,g18m,low,yes,maybe,1.0,1.0,3.0,2.0,450,disease_concern,18-29
1584,m01585,2016-09-26,36,male,other,unmarried,Grad,162.0,45.0,thaibinh,17.14677641,yes,<12mo,<12mo,symptoms,no,yes,no,no,yes,yes ,yes,no,no,yes,yes,yes,no,yes,yes,yes,allsoon,3.0,2.0,4.0,4.0,2.0,askrel,bad,6m,low,maybe,maybe,3.0,4.0,2.0,2.0,400,symptoms,30-39
1585,m01586,2016-09-28,30,male,unstable,unmarried,Grad,160.0,44.0,thainguyen,17.1875,yes,unknown,unknown,request,no,yes,no,no,no,no,yes,no,no,never,yes,no,no,yes,yes,yes,allsoon,4.0,3.0,3.0,4.0,3.0,selfstudy,bad,6m,low,maybe,maybe,3.0,3.0,4.0,2.0,200,symptoms,30-39
1586,m01587,2016-09-27,44,female,unstable,married,High,150.0,40.0,hanam,17.77777778,yes,<12mo,<12mo,request,yes,yes,no,no,yes,no,yes,no,no,yes,yes,no,no,yes,yes,yes,allsoon,4.0,3.0,3.0,4.0,2.0,askrel,bad,12m,low,maybe,maybe,4.0,3.0,4.0,3.0,unknown,symptoms,40-49
1587,m01588,2016-09-26,18,male,student,unmarried,Grad,174.0,54.0,hungyen,17.83590963,yes,unknown,unknown,disease_concern,yes,yes,no,no,no,no,no,no,no,never,never,yes,yes,yes,yes,yes,partly ,5.0,3.0,2.0,3.0,5.0,clinic,quite,12m,low,no,maybe,4.0,2.0,3.0,2.0,210,symptoms,18-29
1588,m01589,2016-09-28,38,female,stable,married,Grad,162.0,57.0,haiduong,21.71925011,yes,<12mo,<12mo,symptoms,no,no,no,no,no,yes ,no,no,yes,never,yes,yes,yes,no,no,no,allsoon,3.0,2.0,4.0,3.0,4.0,clinic,bad,6m,med,maybe,maybe,4.0,2.0,3.0,3.0,420,disease_concern,30-39
1589,m01590,2016-09-26,19,female,student,unmarried,Grad,158.0,50.0,hungyen,20.02884153,yes,unknown,unknown,volunteer,no,yes,no,no,no,yes ,no,yes,yes,never,never,yes,no,yes,yes,no,allsoon,3.0,2.0,3.0,2.0,3.0,askrel,unknown,6m,med,yes,yes,1.0,2.0,1.0,2.0,unknown,symptoms,18-29
1590,m01591,2016-09-26,18,female,student,unmarried,Grad,150.0,40.0,nghean,17.77777778,yes,<12mo,unknown,volunteer,no,no,no,no,no,yes ,no,no,no,never,never,yes,no,no,no,yes,later,5.0,4.0,2.0,3.0,5.0,askrel,unknown,18m,low,yes,yes,5.0,5.0,4.0,3.0,unknown,symptoms,18-29
1591,m01592,2016-09-25,43,male,stable,married,Middle,173.0,60.0,phutho,20.04744562,yes,>24mo,>24mo,disease_concern,no,no,no,no,yes,no,no,no,no,never,yes,yes,yes,yes,no,no,allsoon,3.0,3.0,2.0,3.0,3.0,clinic,unknown,6m,low,no,no,3.0,1.0,2.0,3.0,unknown,symptoms,40-49
1592,m01593,2016-09-25,51,male,stable,married,High,165.0,51.0,thanhhoa,18.73278237,no,unknown,unknown,symptoms,yes,yes,no,no,no,no,yes,no,no,never,yes,yes,no,no,no,no,allsoon,4.0,3.0,1.0,4.0,4.0,clinic,bad,12m,med,no,no,4.0,3.0,4.0,2.0,unknown,symptoms,>=50
1593,m01594,2016-09-25,38,female,stable,married,High,160.0,48.0,phutho,18.75,yes,unknown,unknown,disease_concern,no,no,no,no,yes,no,no,no,no,never,yes,yes,yes,yes,no,no,allsoon,3.0,4.0,3.0,2.0,3.0,clinic,bad,6m,low,no,no,3.0,2.0,5.0,3.0,unknown,symptoms,30-39
1594,m01595,2016-09-26,18,female,student,unmarried,Grad,152.0,46.0,hanoi,19.9099723,yes,unknown,unknown,volunteer,no,no,yes,no,no,yes ,no,no,no,yes,yes,no,yes,no,no,no,allsoon,4.0,3.0,3.0,5.0,4.0,clinic,quite,6m,low,yes,maybe,2.0,3.0,3.0,4.0,unknown,symptoms,18-29
1595,m01596,2016-09-26,18,male,student,unmarried,Grad,165.0,50.0,hanoi,18.36547291,yes,<12mo,>24mo,disease_concern,yes,yes,no,no,no,yes ,no,yes,no,never,yes,yes,yes,yes,no,yes,later,4.0,4.0,3.0,4.0,4.0,clinic,good,6m,hi,yes,yes,4.0,3.0,3.0,3.0,450,disease_concern,18-29
1596,m01597,2016-09-28,46,female,housewife,married,Middle,155.0,60.0,thanhhoa,24.97398543,no,12-24mo,12-24mo,symptoms,no,yes,no,no,no,no,yes,no,no,yes,never,yes,no,no,no,no,later,3.0,4.0,2.0,3.0,4.0,clinic,unknown,6m,low,no,no,3.0,2.0,3.0,3.0,420,disease_concern,40-49
1597,m01598,2016-09-28,32,female,stable,married,Grad,153.0,53.0,hanoi,22.64086462,yes,<12mo,<12mo,symptoms,no,no,yes,no,no,yes ,yes,yes,yes,never,yes,yes,yes,no,no,no,allsoon,3.0,2.0,3.0,5.0,2.0,clinic,bad,6m,low,maybe,maybe,3.0,3.0,2.0,4.0,210,symptoms,30-39
1598,m01599,2016-09-26,50,female,other,married,High,155.0,45.0,bacninh,18.73048907,yes,<12mo,<12mo,symptoms,no,yes,no,no,no,no,yes,no,no,yes,yes,no,yes,yes,yes,yes,allsoon,3.0,4.0,2.0,4.0,4.0,clinic,bad,6m,low,no,no,3.0,4.0,3.0,4.0,140,symptoms,>=50
1599,m01600,2016-09-28,83,female,retirer,married,High,156.0,50.0,phutho,20.54569362,yes,<12mo,<12mo,symptoms,no,no,no,no,no,yes ,no,no,yes,yes,yes,no,yes,no,no,no,allsoon,3.0,2.0,5.0,2.0,3.0,clinic,unknown,6m,low,no,no,3.0,3.0,2.0,3.0,210,disease_concern,>=50
1600,m01601,2016-09-26,18,male,student,unmarried,Grad,170.0,57.0,hanoi,19.72318339,yes,<12mo,<12mo,volunteer,no,no,no,no,no,yes ,yes,yes,yes,never,never,yes,yes,yes,yes,yes,partly ,4.0,4.0,4.0,4.0,3.0,selfstudy,bad,6m,low,yes,yes,4.0,3.0,2.0,1.0,210,symptoms,18-29
1601,m01602,2016-09-26,18,female,student,unmarried,Grad,140.0,44.0,hanoi,22.44897959,yes,<12mo,<12mo,volunteer,no,no,no,no,no,yes ,yes,yes,yes,never,never,yes,yes,no,yes,yes,allsoon,5.0,3.0,2.0,4.0,3.0,clinic,bad,6m,low,yes,yes,3.0,3.0,2.0,3.0,210,symptoms,18-29
1602,m01603,2016-09-23,43,female,other,other,Middle,155.0,45.0,phutho,18.73048907,yes,<12mo,<12mo,request,no,yes,no,no,no,no,yes,no,no,yes,yes,yes,yes,yes,yes,no,allsoon,3.0,2.0,2.0,3.0,2.0,askrel,bad,6m,med,no,no,4.0,3.0,3.0,2.0,unknown,symptoms,40-49
1603,m01604,2016-09-23,43,female,housewife,married,High,156.0,47.0,hungyen,19.31295201,yes,<12mo,<12mo,symptoms,yes,yes,yes,yes,yes,no,no,no,yes,never,yes,yes,no,no,no,no,allsoon,4.0,2.0,4.0,3.0,2.0,clinic,bad,6m,med,no,no,3.0,2.0,2.0,2.0,unknown,symptoms,40-49
1604,m01605,2016-09-23,18,female,student,unmarried,Grad,157.0,58.0,phutho,23.53036634,yes,<12mo,<12mo,symptoms,no,no,no,no,no,yes ,no,no,no,yes,yes,yes,yes,yes,yes,no,allsoon,4.0,4.0,2.0,5.0,3.0,clinic,bad,6m,med,maybe,maybe,4.0,3.0,4.0,2.0,840,symptoms,18-29
1605,m01606,2016-09-24,23,male,stable,unmarried,Middle,170.0,65.0,hanoi,22.49134948,no,<12mo,<12mo,volunteer,yes,yes,yes,yes,yes,no,yes,yes,no,yes,never,no,yes,no,yes,yes,allsoon,4.0,2.0,1.0,3.0,5.0,clinic,good,18m,med,yes,maybe,1.0,2.0,1.0,5.0,unknown,symptoms,18-29
1606,m01607,2016-09-23,19,female,student,unmarried,Grad,162.0,56.0,hanoi,21.33821064,yes,12-24mo,12-24mo,symptoms,yes,no,no,no,no,yes ,no,no,yes,never,never,yes,yes,yes,yes,yes,allsoon,5.0,4.0,2.0,3.0,3.0,askrel,bad,6m,med,maybe,maybe,4.0,2.0,2.0,3.0,210,symptoms,18-29
1607,m01608,2016-09-26,18,female,student,unmarried,Grad,166.0,44.0,nghean,15.9674844,yes,<12mo,unknown,volunteer,no,yes,no,no,no,yes ,no,no,no,never,never,yes,no,no,no,yes,later,5.0,4.0,2.0,3.0,5.0,askrel,unknown,18m,low,yes,yes,5.0,5.0,4.0,3.0,unknown,symptoms,18-29
1608,m01609,2016-09-24,19,female,student,unmarried,Grad,170.0,85.0,phutho,29.41176471,yes,<12mo,<12mo,request,no,no,no,no,no,yes ,yes,yes,yes,never,yes,yes,yes,yes,yes,yes,allsoon,3.0,2.0,2.0,3.0,2.0,selfstudy,bad,6m,med,no,no,3.0,3.0,3.0,3.0,unknown,symptoms,18-29
1609,m01610,2016-09-26,20,female,student,unmarried,Grad,161.0,53.0,hanam,20.44674202,yes,12-24mo,12-24mo,volunteer,yes,yes,yes,no,yes,yes ,no,no,no,never,never,yes,no,no,yes,no,allsoon,3.0,4.0,5.0,3.0,4.0,selfstudy,unknown,18m,med,yes,maybe,4.0,3.0,2.0,2.0,105,disease_concern,18-29
1610,m01611,2016-09-23,18,female,student,unmarried,Grad,158.0,48.0,phutho,19.22768787,yes,<12mo,<12mo,symptoms,no,no,no,no,no,yes ,no,no,yes,never,never,yes,yes,yes,yes,no,allsoon,4.0,4.0,2.0,4.0,4.0,askrel,bad,6m,low,no,no,4.0,4.0,3.0,4.0,unknown,symptoms,18-29
1611,m01612,2016-09-23,20,female,student,unmarried,Grad,155.0,50.0,hanoi,20.81165453,yes,<12mo,<12mo,symptoms,yes,no,no,no,yes,yes ,no,yes,no,yes,yes,no,no,no,yes,no,allsoon,3.0,4.0,2.0,3.0,3.0,askrel,quite,6m,med,no,yes,2.0,2.0,3.0,3.0,420,disease_concern,18-29
1612,m01613,2016-09-23,36,female,stable,married,PostGrad,170.0,60.0,laocai,20.76124567,yes,unknown,unknown,request,no,no,no,no,yes,no,yes,yes,no,never,never,yes,no,no,no,no,allsoon,4.0,3.0,2.0,4.0,5.0,selfstudy,bad,g18m,low,yes,yes,2.0,2.0,3.0,3.0,420,disease_concern,30-39
1613,m01614,2016-09-23,65,female,retirer,married,PostGrad,167.0,56.0,thanhhoa,20.07960128,yes,<12mo,<12mo,symptoms,yes,no,no,yes,no,yes ,no,no,no,never,yes,no,yes,yes,yes,yes,allsoon,2.0,2.0,2.0,3.0,4.0,clinic,unknown,6m,low,no,no,3.0,3.0,4.0,2.0,210,disease_concern,>=50
1614,m01615,2016-09-26,19,male,student,unmarried,Grad,150.0,50.0,hungyen,22.22222222,yes,unknown,unknown,volunteer,no,no,no,no,no,yes ,no,no,no,never,never,yes,no,no,yes,no,later,5.0,4.0,3.0,5.0,4.0,clinic,good,12m,med,maybe,maybe,5.0,4.0,3.0,5.0,unknown,symptoms,18-29
1615,m01616,2016-09-23,56,female,other,married,High,159.0,60.0,hungyen,23.7332384,yes,<12mo,<12mo,request,yes,no,no,no,no,yes ,yes,no,yes,yes,yes,no,yes,yes,yes,yes,allsoon,3.0,3.0,4.0,4.0,4.0,clinic,bad,6m,low,no,no,4.0,4.0,4.0,4.0,420,symptoms,>=50
1616,m01617,2016-09-27,64,male,retirer,married,High,170.0,60.0,phutho,20.76124567,yes,unknown,unknown,symptoms,no,no,no,no,no,yes ,yes,yes,yes,yes,yes,yes,yes,no,yes,no,allsoon,4.0,4.0,3.0,4.0,4.0,selfstudy,bad,6m,hi,no,maybe,3.0,3.0,3.0,4.0,240,disease_concern,>=50
1617,m01618,2016-10-05,18,female,student,unmarried,Grad,165.0,43.0,hanoi,15.7943067,yes,unknown,unknown,disease_concern,yes,yes,no,no,no,yes ,yes,yes,yes,never,never,yes,yes,no,no,no,partly ,4.0,3.0,4.0,5.0,2.0,clinic,unknown,6m,low,yes,yes,4.0,4.0,4.0,3.0,210,symptoms,18-29
1618,m01619,2016-10-06,46,female,housewife,married,High,150.0,48.0,hanoi,21.33333333,yes,<12mo,<12mo,disease_concern,yes,yes,yes,yes,yes,yes ,no,no,no,never,yes,yes,yes,no,no,no,allsoon,3.0,2.0,4.0,3.0,3.0,clinic,unknown,12m,med,maybe,maybe,3.0,2.0,3.0,3.0,210,symptoms,40-49
1619,m01620,2016-10-05,18,male,student,unmarried,Grad,180.0,70.0,hanoi,21.60493827,yes,<12mo,<12mo,disease_concern,no,no,no,no,no,yes ,yes,yes,yes,yes,never,yes,yes,no,no,no,allsoon,3.0,2.0,3.0,4.0,3.0,clinic,bad,6m,low,maybe,maybe,3.0,3.0,2.0,3.0,210,symptoms,18-29
1620,m01621,2016-10-06,37,female,stable,married,Grad,158.0,47.0,hanoi,18.82711104,yes,<12mo,<12mo,request,yes,yes,no,no,no,no,yes,yes,no,never,yes,yes,yes,no,no,no,allsoon,3.0,4.0,2.0,1.0,3.0,clinic,bad,6m,low,maybe,maybe,3.0,3.0,2.0,3.0,unknown,symptoms,30-39
1621,m01622,2016-10-06,18,female,student,unmarried,Grad,150.0,47.0,hanoi,20.88888889,yes,<12mo,<12mo,symptoms,no,no,no,no,no,yes ,yes,yes,yes,yes,yes,yes,yes,no,no,no,allsoon,3.0,2.0,2.0,3.0,4.0,clinic,quite,6m,low,yes,yes,4.0,5.0,3.0,3.0,210,symptoms,18-29
1622,m01623,2016-10-05,18,female,student,unmarried,Grad,155.0,44.0,hungyen,18.31425598,yes,<12mo,<12mo,request,yes,yes,yes,no,no,no,yes,yes,no,yes,never,yes,yes,no,no,no,allsoon,3.0,2.0,4.0,3.0,3.0,clinic,bad,6m,low,maybe,maybe,3.0,4.0,3.0,4.0,unknown,symptoms,18-29
1623,m01624,2016-10-05,40,male,stable,married,High,170.0,68.0,hanoi,23.52941176,yes,<12mo,<12mo,symptoms,no,yes,no,no,no,yes ,no,yes,no,yes,yes,no,yes,no,no,no,allsoon,3.0,2.0,3.0,2.0,3.0,clinic,bad,6m,low,no,no,4.0,3.0,5.0,4.0,unknown,symptoms,40-49
1624,m01625,2016-10-06,67,female,retirer,married,High,143.0,46.0,phutho,22.49498753,yes,<12mo,<12mo,disease_concern,yes,yes,yes,yes,yes,yes ,no,no,no,yes,yes,no,yes,no,yes,no,allsoon,1.0,3.0,2.0,3.0,3.0,clinic,bad,6m,low,no,no,3.0,1.0,2.0,3.0,unknown,symptoms,>=50
1625,m01626,2016-10-06,36,male,stable,married,Grad,163.0,50.0,hanam,18.81892431,yes,<12mo,<12mo,symptoms,no,no,no,no,no,yes ,yes,no,no,yes,yes,no,yes,yes,no,yes,allsoon,3.0,2.0,3.0,3.0,3.0,clinic,bad,6m,low,no,no,3.0,2.0,3.0,3.0,210,symptoms,30-39
1626,m01627,2016-10-04,69,male,retirer,married,High,162.0,50.0,bacgiang,19.05197378,yes,<12mo,<12mo,disease_concern,no,no,no,no,no,yes ,yes,no,yes,yes,yes,yes,yes,yes,yes,yes,allsoon,3.0,3.0,3.0,3.0,3.0,clinic,bad,6m,med,maybe,maybe,3.0,3.0,3.0,3.0,unknown,disease_concern,>=50
1627,m01628,2016-10-06,60,female,retirer,married,High,150.0,41.0,bacgiang,18.22222222,yes,12-24mo,12-24mo,request,yes,yes,no,no,yes,no,yes,no,no,yes,yes,no,yes,yes,yes,yes,allsoon,4.0,4.0,4.0,4.0,3.0,clinic,quite,12m,med,maybe,maybe,3.0,3.0,2.0,2.0,unknown,symptoms,>=50
1628,m01629,2016-10-04,23,female,other,unmarried,High,150.0,35.0,namdinh,15.55555556,yes,<12mo,unknown,symptoms,no,no,no,no,no,yes ,yes,no,no,yes,yes,no,no,no,yes,no,allsoon,3.0,3.0,3.0,4.0,3.0,clinic,unknown,6m,low,maybe,maybe,3.0,3.0,2.0,3.0,unknown,symptoms,18-29
1629,m01630,2016-10-05,18,male,student,unmarried,Grad,168.0,58.0,tuyenquang,20.54988662,yes,<12mo,<12mo,disease_concern,yes,yes,yes,no,no,yes ,no,no,no,never,never,yes,yes,no,no,no,allsoon,2.0,1.0,1.0,1.0,2.0,clinic,unknown,12m,med,yes,yes,2.0,4.0,1.0,3.0,420,symptoms,18-29
1630,m01631,2016-10-05,18,female,student,unmarried,Grad,152.0,39.0,namdinh,16.88019391,yes,<12mo,<12mo,request,yes,yes,no,no,no,no,yes,yes,no,never,never,yes,yes,no,no,no,allsoon,4.0,3.0,2.0,3.0,4.0,clinic,unknown,6m,med,yes,yes,4.0,5.0,4.0,4.0,210,symptoms,18-29
1631,m01632,2016-10-02,51,female,stable,married,High,150.0,41.0,bacgiang,18.22222222,yes,12-24mo,12-24mo,symptoms,yes,yes,no,no,no,yes ,yes,no,no,never,yes,yes,no,no,yes,no,allsoon,3.0,4.0,3.0,4.0,3.0,clinic,quite,12m,med,yes,maybe,4.0,4.0,3.0,3.0,unknown,symptoms,>=50
1632,m01633,2016-10-04,25,female,other,unmarried,Middle,150.0,40.0,hanoi,17.77777778,yes,<12mo,<12mo,disease_concern,no,no,yes,no,no,no,yes,no,no,yes,yes,no,no,yes,yes,yes,allsoon,4.0,3.0,3.0,4.0,3.0,clinic,quite,6m,med,maybe,maybe,3.0,3.0,3.0,4.0,unknown,symptoms,18-29
1633,m01634,2016-10-04,22,male,other,unmarried,Middle,155.0,60.0,hanoi,24.97398543,yes,<12mo,<12mo,disease_concern,no,no,no,no,no,yes ,yes,no,yes,yes,yes,yes,no,yes,yes,yes,allsoon,3.0,4.0,3.0,4.0,3.0,clinic,quite,6m,med,maybe,maybe,4.0,3.0,3.0,4.0,unknown,symptoms,18-29
1634,m01635,2016-10-02,55,female,housewife,married,High,156.0,50.0,thanhhoa,20.54569362,yes,<12mo,<12mo,symptoms,no,no,no,no,no,yes ,yes,no,no,never,never,no,yes,no,no,no,partly ,3.0,3.0,3.0,3.0,3.0,clinic,bad,6m,med,maybe,maybe,4.0,3.0,3.0,3.0,420,disease_concern,>=50
1635,m01636,2016-10-02,38,female,other,married,Middle,158.0,47.0,ninhbinh,18.82711104,yes,<12mo,<12mo,symptoms,no,no,no,no,no,yes ,yes,no,yes,yes,yes,no,yes,no,no,no,allsoon,2.0,3.0,3.0,3.0,3.0,clinic,quite,6m,med,maybe,maybe,3.0,3.0,3.0,2.0,unknown,symptoms,30-39
1636,m01637,2016-10-02,55,female,other,married,High,162.0,48.0,vinhphuc,18.28989483,no,<12mo,<12mo,symptoms,yes,no,no,no,no,no,no,no,no,never,yes,yes,yes,no,yes,no,allsoon,4.0,4.0,3.0,4.0,3.0,selfstudy,unknown,12m,med,maybe,maybe,3.0,3.0,3.0,2.0,unknown,symptoms,>=50
1637,m01638,2016-10-02,60,female,other,married,High,150.0,43.0,hanam,19.11111111,yes,<12mo,<12mo,disease_concern,yes,yes,no,no,no,yes ,yes,no,no,never,yes,yes,no,no,yes,no,allsoon,3.0,4.0,3.0,4.0,3.0,clinic,quite,6m,med,yes,maybe,3.0,3.0,4.0,2.0,unknown,symptoms,>=50
1638,m01639,2016-10-04,62,female,other,married,High,155.0,44.0,namdinh,18.31425598,yes,unknown,unknown,symptoms,yes,yes,yes,no,yes,yes ,no,no,no,yes,yes,yes,no,no,yes,no,allsoon,4.0,4.0,3.0,4.0,3.0,clinic,quite,12m,med,no,no,3.0,3.0,3.0,2.0,unknown,symptoms,>=50
1639,m01640,2016-10-04,34,female,other,married,Middle,155.0,43.0,namdinh,17.89802289,no,unknown,unknown,symptoms,yes,yes,no,no,yes,yes ,no,no,no,never,yes,yes,no,no,yes,no,allsoon,4.0,4.0,3.0,4.0,3.0,clinic,unknown,12m,hi,maybe,maybe,3.0,3.0,3.0,3.0,unknown,symptoms,30-39
1640,m01641,2016-10-03,23,male,student,unmarried,Grad,169.0,66.0,phutho,23.10843458,yes,<12mo,<12mo,request,no,no,no,no,no,no,yes,yes,no,never,yes,yes,no,no,no,no,allsoon,4.0,4.0,4.0,4.0,3.0,askrel,quite,6m,low,maybe,maybe,4.0,4.0,3.0,3.0,240,disease_concern,18-29
1641,m01642,2016-10-05,18,female,student,unmarried,Grad,150.0,43.0,hanoi,19.11111111,yes,<12mo,<12mo,volunteer,yes,yes,no,no,no,no,yes,yes,no,never,yes,yes,yes,no,no,no,allsoon,3.0,3.0,3.0,3.0,3.0,clinic,bad,6m,low,yes,yes,3.0,3.0,3.0,3.0,210,symptoms,18-29
1642,m01643,2016-10-05,18,female,student,unmarried,Grad,163.0,58.0,hanoi,21.8299522,yes,<12mo,<12mo,request,yes,yes,no,no,no,yes ,no,no,no,never,never,yes,yes,no,no,no,allsoon,3.0,2.0,2.0,3.0,2.0,clinic,bad,6m,low,maybe,maybe,3.0,3.0,3.0,3.0,unknown,symptoms,18-29
1643,m01644,2016-10-05,18,female,student,unmarried,Grad,150.0,50.0,hanoi,22.22222222,yes,<12mo,<12mo,disease_concern,yes,yes,no,yes,no,yes ,yes,no,no,never,yes,yes,yes,no,yes,no,allsoon,3.0,3.0,2.0,3.0,3.0,clinic,quite,6m,med,maybe,maybe,3.0,3.0,2.0,3.0,210,disease_concern,18-29
1644,m01645,2016-10-06,33,female,housewife,married,Middle,151.0,56.0,hanam,24.5603263,yes,<12mo,<12mo,request,yes,yes,no,no,no,no,yes,no,no,never,yes,yes,yes,no,yes,no,allsoon,3.0,3.0,4.0,3.0,2.0,clinic,bad,6m,low,no,no,3.0,2.0,3.0,3.0,unknown,symptoms,30-39
1645,m01646,2016-10-05,18,male,student,unmarried,Grad,160.0,50.0,sonla,19.53125,yes,<12mo,<12mo,request,yes,yes,no,no,no,no,yes,yes,no,never,never,yes,yes,no,no,no,allsoon,2.0,3.0,2.0,3.0,2.0,clinic,bad,6m,low,yes,yes,1.0,3.0,2.0,1.0,420,disease_concern,18-29
1646,m01647,2016-10-06,18,male,student,unmarried,Grad,160.0,66.0,hungyen,25.78125,no,<12mo,<12mo,symptoms,yes,yes,no,no,no,yes ,no,no,no,yes,never,yes,yes,no,no,no,allsoon,2.0,3.0,2.0,1.0,3.0,clinic,bad,6m,low,maybe,maybe,4.0,5.0,3.0,4.0,420,symptoms,18-29
1647,m01648,2016-10-05,18,female,student,unmarried,Grad,152.0,55.0,hanoi,23.80540166,yes,12-24mo,12-24mo,symptoms,yes,yes,no,no,no,yes ,yes,yes,yes,never,never,yes,yes,no,no,no,allsoon,2.0,3.0,2.0,4.0,2.0,clinic,bad,6m,low,maybe,maybe,3.0,3.0,3.0,3.0,420,symptoms,18-29
1648,m01649,2016-09-16,30,female,stable,married,Grad,158.0,58.0,hanoi,23.23345618,yes,unknown,<12mo,request,no,no,no,no,yes,no,no,yes,no,never,never,yes,yes,yes,no,yes,allsoon,2.0,1.0,1.0,2.0,1.0,askrel,bad,12m,low,yes,yes,2.0,2.0,2.0,1.0,unknown,symptoms,30-39
1649,m01650,2016-10-05,67,female,retirer,married,Middle,156.0,50.0,hanoi,20.54569362,yes,unknown,unknown,request,yes,no,no,no,yes,yes ,no,no,no,yes,yes,no,yes,yes,yes,yes,allsoon,4.0,4.0,3.0,4.0,4.0,askrel,bad,12m,low,no,no,2.0,2.0,3.0,2.0,unknown,symptoms,>=50
1650,m01651,2016-10-05,42,male,unstable,unmarried,High,167.0,46.0,bacgiang,16.49395819,yes,unknown,unknown,request,no,yes,no,no,no,yes ,no,no,no,yes,yes,yes,yes,no,yes,yes,partly ,4.0,3.0,3.0,4.0,3.0,askrel,unknown,12m,low,maybe,maybe,3.0,3.0,4.0,3.0,unknown,symptoms,40-49
1651,m01652,2016-10-05,57,female,unstable,married,High,154.0,49.0,namdinh,20.66115702,yes,<12mo,<12mo,request,yes,no,no,no,no,yes ,no,no,no,yes,yes,no,no,no,no,yes,allsoon,4.0,3.0,2.0,4.0,3.0,askrel,bad,6m,low,no,no,3.0,2.0,2.0,3.0,unknown,symptoms,>=50
1652,m01653,2016-10-05,40,female,unstable,married,High,162.0,38.0,hoabinh,14.47950008,yes,<12mo,<12mo,request,yes,yes,no,no,no,yes ,no,no,no,yes,yes,yes,yes,no,yes,yes,partly ,4.0,3.0,2.0,4.0,3.0,askrel,bad,6m,low,maybe,maybe,3.0,3.0,4.0,3.0,unknown,symptoms,40-49
1653,m01654,2016-10-05,51,female,unstable,married,High,160.0,40.0,bacgiang,15.625,yes,<12mo,<12mo,request,yes,no,no,no,no,yes ,no,no,no,yes,yes,no,no,no,no,yes,partly ,3.0,3.0,3.0,4.0,3.0,askrel,bad,6m,low,maybe,maybe,3.0,3.0,2.0,3.0,unknown,symptoms,>=50
1654,m01655,2016-10-05,34,female,unstable,married,Middle,158.0,50.0,hanoi,20.02884153,yes,unknown,unknown,request,no,yes,no,no,no,yes ,no,no,no,yes,yes,no,yes,no,yes,yes,allsoon,4.0,3.0,3.0,4.0,2.0,askrel,bad,6m,low,maybe,maybe,4.0,3.0,3.0,3.0,unknown,symptoms,30-39
1655,m01656,2016-10-05,34,female,unstable,unmarried,Middle,150.0,35.0,bacninh,15.55555556,yes,<12mo,<12mo,request,yes,no,no,no,yes,yes ,no,no,yes,yes,yes,yes,yes,yes,yes,yes,later,4.0,3.0,2.0,4.0,2.0,askrel,bad,6m,med,maybe,maybe,3.0,3.0,2.0,3.0,unknown,symptoms,30-39
1656,m01657,2016-10-05,68,female,other,married,High,150.0,50.0,namdinh,22.22222222,yes,unknown,unknown,request,no,no,no,no,yes,yes ,yes,no,no,yes,yes,yes,yes,no,yes,yes,partly ,3.0,3.0,3.0,4.0,3.0,askrel,quite,6m,low,no,no,3.0,3.0,3.0,3.0,unknown,symptoms,>=50
1657,m01658,2016-10-05,61,male,unstable,married,High,160.0,70.0,thanhhoa,27.34375,yes,unknown,unknown,request,yes,no,no,no,yes,yes ,yes,no,no,yes,yes,no,no,no,yes,yes,later,3.0,3.0,2.0,4.0,3.0,clinic,bad,6m,med,maybe,maybe,3.0,3.0,4.0,3.0,unknown,symptoms,>=50
1658,m01659,2016-10-05,56,female,other,married,High,148.0,50.0,bacgiang,22.82688093,yes,unknown,unknown,request,yes,yes,no,no,no,yes ,no,no,no,yes,yes,no,yes,no,yes,yes,partly ,4.0,3.0,2.0,4.0,3.0,askrel,bad,6m,low,maybe,maybe,3.0,3.0,2.0,3.0,unknown,symptoms,>=50
1659,m01660,2016-10-04,32,male,unstable,married,High,175.0,70.0,sonla,22.85714286,yes,unknown,unknown,request,yes,yes,no,no,no,yes ,yes,no,no,yes,yes,no,no,no,yes,yes,allsoon,3.0,3.0,2.0,3.0,2.0,askrel,bad,6m,low,maybe,maybe,3.0,4.0,3.0,3.0,unknown,symptoms,30-39
1660,m01661,2016-10-04,66,male,other,married,High,155.0,60.0,hanoi,24.97398543,yes,<12mo,<12mo,symptoms,yes,no,no,no,yes,yes ,no,no,yes,never,never,no,no,no,no,yes,allsoon,4.0,3.0,3.0,4.0,2.0,askrel,bad,6m,med,maybe,maybe,3.0,4.0,4.0,3.0,unknown,symptoms,>=50
1661,m01662,2016-10-05,38,male,unstable,married,High,160.0,48.0,bacgiang,18.75,yes,<12mo,<12mo,request,no,yes,no,no,yes,no,no,no,yes,yes,yes,no,no,no,no,yes,allsoon,4.0,3.0,3.0,4.0,3.0,askrel,unknown,6m,med,maybe,maybe,4.0,4.0,3.0,4.0,300,symptoms,30-39
1662,m01663,2016-10-04,35,male,unstable,unmarried,Middle,156.0,49.0,hanam,20.13477975,yes,<12mo,<12mo,request,yes,yes,no,no,no,yes ,yes,no,no,yes,yes,no,no,no,no,yes,allsoon,4.0,3.0,2.0,5.0,3.0,askrel,unknown,12m,low,maybe,maybe,3.0,4.0,3.0,2.0,unknown,symptoms,30-39
1663,m01664,2016-10-05,43,female,unstable,married,High,150.0,38.0,hanoi,16.88888889,yes,<12mo,<12mo,request,yes,yes,no,no,no,yes ,yes,no,no,yes,yes,no,no,no,yes,yes,allsoon,4.0,3.0,2.0,3.0,4.0,askrel,bad,6m,low,maybe,maybe,3.0,3.0,4.0,3.0,unknown,symptoms,40-49
1664,m01665,2016-10-04,27,female,unstable,unmarried,High,140.0,32.0,hatinh,16.32653061,yes,<12mo,<12mo,request,yes,no,no,no,yes,yes ,no,no,yes,yes,yes,no,yes,no,yes,yes,allsoon,4.0,3.0,2.0,4.0,2.0,askrel,bad,6m,low,maybe,maybe,3.0,4.0,3.0,2.0,unknown,symptoms,18-29
1665,m01666,2016-10-05,44,male,unstable,married,High,150.0,40.0,phutho,17.77777778,yes,<12mo,<12mo,request,no,yes,no,no,no,yes ,yes,no,no,yes,yes,no,yes,yes,yes,yes,allsoon,4.0,3.0,2.0,4.0,3.0,askrel,bad,6m,med,maybe,maybe,3.0,4.0,2.0,2.0,unknown,symptoms,40-49
1666,m01667,2016-10-05,41,male,unstable,married,High,170.0,53.0,namdinh,18.33910035,yes,<12mo,<12mo,request,yes,no,no,no,no,yes ,yes,no,no,yes,yes,no,yes,no,yes,yes,allsoon,4.0,3.0,2.0,2.0,2.0,clinic,bad,6m,med,maybe,maybe,3.0,4.0,3.0,3.0,300,symptoms,40-49
1667,m01668,2016-10-05,50,male,unstable,married,High,165.0,75.0,hanoi,27.54820937,yes,<12mo,<12mo,request,no,no,no,no,yes,yes ,no,no,yes,yes,yes,no,yes,no,no,yes,later,3.0,3.0,2.0,4.0,2.0,clinic,bad,6m,med,no,no,3.0,4.0,3.0,2.0,unknown,symptoms,>=50
1668,m01669,2016-09-30,68,male,unstable,married,High,169.0,49.0,hanoi,17.15626204,yes,unknown,<12mo,symptoms,no,yes,no,no,no,yes ,no,no,no,yes,never,no,no,yes,yes,no,allsoon,3.0,3.0,3.0,3.0,1.0,clinic,bad,6m,low,no,no,5.0,5.0,3.0,3.0,unknown,symptoms,>=50
1669,m01670,2016-09-30,62,female,retirer,married,Middle,153.0,45.0,hanoi,19.22337562,yes,<12mo,<12mo,disease_concern,yes,yes,yes,no,yes,yes ,no,yes,no,yes,yes,no,yes,no,no,yes,partly ,2.0,3.0,5.0,5.0,3.0,clinic,bad,12m,low,maybe,no,2.0,2.0,2.0,2.0,70,symptoms,>=50
1670,m01671,2016-09-30,48,male,stable,married,Middle,168.0,68.0,hanoi,24.09297052,yes,<12mo,<12mo,request,no,no,no,no,yes,no,yes,no,no,never,yes,no,yes,no,no,no,allsoon,2.0,3.0,3.0,4.0,5.0,clinic,bad,6m,low,no,no,2.0,3.0,2.0,4.0,unknown,symptoms,40-49
1671,m01672,2016-09-30,30,male,unstable,married,High,168.0,54.0,hanam,19.13265306,yes,unknown,unknown,symptoms,no,no,yes,no,no,yes ,no,no,yes,yes,yes,no,yes,no,yes,yes,partly ,1.0,1.0,5.0,5.0,5.0,askrel,bad,g18m,med,maybe,no,3.0,2.0,2.0,1.0,unknown,symptoms,30-39
1672,m01673,2016-09-30,38,female,housewife,married,Middle,156.0,56.0,hanoi,23.01117686,yes,<12mo,<12mo,symptoms,yes,yes,no,no,no,yes ,yes,no,yes,yes,yes,yes,yes,yes,yes,yes,allsoon,1.0,1.0,1.0,1.0,1.0,selfstudy,bad,6m,low,yes,yes,1.0,1.0,1.0,1.0,420,symptoms,30-39
1673,m01674,2016-09-30,36,male,unstable,married,Middle,162.0,55.0,hungyen,20.95717116,yes,<12mo,<12mo,symptoms,no,yes,yes,no,no,yes ,yes,no,yes,yes,yes,yes,no,yes,no,yes,allsoon,1.0,1.0,1.0,1.0,1.0,selfstudy,bad,6m,hi,yes,yes,1.0,1.0,1.0,1.0,420,symptoms,30-39
1674,m01675,2016-09-29,68,female,housewife,married,High,153.0,45.0,hanoi,19.22337562,yes,unknown,unknown,symptoms,yes,no,no,no,no,yes ,yes,no,no,yes,never,no,yes,no,no,no,allsoon,5.0,3.0,3.0,3.0,3.0,clinic,bad,6m,low,no,no,3.0,2.0,2.0,2.0,unknown,symptoms,>=50
1675,m01676,2016-09-29,27,female,unstable,married,Middle,157.0,59.0,hanoi,23.93606231,yes,<12mo,<12mo,request,no,no,no,no,yes,no,yes,no,no,never,never,yes,no,yes,yes,no,allsoon,1.0,1.0,1.0,1.0,1.0,clinic,quite,6m,med,maybe,maybe,1.0,1.0,5.0,5.0,420,symptoms,18-29
1676,m01677,2016-09-29,26,male,stable,unmarried,Middle,169.0,45.0,hanoi,15.75575085,yes,<12mo,<12mo,request,yes,no,yes,no,no,yes ,no,no,no,yes,yes,yes,no,yes,yes,yes,allsoon,2.0,2.0,2.0,2.0,2.0,clinic,quite,6m,med,yes,yes,3.0,3.0,2.0,2.0,420,symptoms,18-29
1677,m01678,2016-09-29,34,male,stable,married,Middle,170.0,50.0,hanoi,17.30103806,yes,<12mo,<12mo,symptoms,no,no,no,yes,no,yes ,no,no,no,yes,never,no,yes,yes,yes,yes,allsoon,5.0,5.0,3.0,5.0,5.0,selfstudy,bad,12m,low,yes,yes,1.0,1.0,1.0,2.0,240,symptoms,30-39
1678,m01679,2016-09-29,29,female,housewife,married,Middle,150.0,50.0,vinhphuc,22.22222222,yes,<12mo,<12mo,symptoms,no,no,no,no,yes,no,yes,no,no,never,yes,yes,yes,no,no,no,allsoon,3.0,5.0,3.0,5.0,5.0,clinic,bad,6m,low,yes,maybe,3.0,1.0,1.0,3.0,unknown,symptoms,18-29
1679,m01680,2016-09-30,44,female,other,married,High,153.0,53.0,hanoi,22.64086462,yes,<12mo,<12mo,volunteer,no,no,no,no,no,yes ,no,yes,no,never,yes,no,no,no,yes,no,allsoon,5.0,3.0,4.0,5.0,3.0,clinic,quite,12m,low,yes,yes,5.0,3.0,4.0,5.0,unknown,symptoms,40-49
1680,m01681,2016-09-29,73,male,retirer,married,High,165.0,58.0,hanam,21.30394858,yes,<12mo,<12mo,symptoms,yes,no,no,no,no,no,no,yes,no,never,yes,no,no,no,yes,no,partly ,2.0,3.0,3.0,2.0,3.0,clinic,quite,6m,med,no,no,2.0,4.0,3.0,2.0,unknown,symptoms,>=50
1681,m01682,2016-09-29,38,female,housewife,married,High,150.0,51.0,hanoi,22.66666667,yes,<12mo,12-24mo,symptoms,yes,no,no,no,no,yes ,no,no,no,never,never,yes,no,no,yes,no,allsoon,3.0,2.0,3.0,3.0,4.0,clinic,bad,6m,med,no,no,2.0,1.0,3.0,2.0,unknown,symptoms,30-39
1682,m01683,2016-09-29,21,female,unstable,unmarried,High,160.0,58.0,hanoi,22.65625,no,unknown,unknown,symptoms,yes,no,no,no,no,no,yes,no,no,never,never,yes,no,yes,yes,yes,allsoon,3.0,2.0,3.0,4.0,2.0,askrel,bad,6m,low,no,no,3.0,2.0,3.0,2.0,unknown,symptoms,18-29
1683,m01684,2016-09-29,23,male,unstable,unmarried,High,167.0,60.0,hanoi,21.51385851,yes,unknown,<12mo,request,yes,no,no,no,no,yes ,no,no,no,never,never,yes,yes,no,no,no,allsoon,2.0,3.0,4.0,2.0,5.0,clinic,unknown,6m,low,yes,yes,2.0,3.0,2.0,4.0,unknown,symptoms,18-29
1684,m01685,2016-09-29,46,female,unstable,married,High,165.0,66.0,hanoi,24.24242424,yes,<12mo,unknown,symptoms,yes,no,no,no,no,yes ,no,no,no,never,never,yes,yes,yes,no,no,allsoon,3.0,2.0,1.0,3.0,4.0,clinic,unknown,12m,low,maybe,no,2.0,4.0,2.0,3.0,unknown,symptoms,40-49
1685,m01686,2016-09-29,36,female,unstable,married,High,150.0,50.0,hanoi,22.22222222,yes,unknown,unknown,symptoms,no,no,yes,no,no,yes ,no,no,no,never,never,yes,yes,no,no,no,allsoon,3.0,2.0,4.0,3.0,5.0,clinic,bad,6m,low,no,no,2.0,2.0,3.0,2.0,unknown,symptoms,30-39
1686,m01687,2016-09-29,35,female,housewife,married,High,163.0,57.0,hanoi,21.45357371,yes,<12mo,unknown,symptoms,yes,no,no,no,no,yes ,no,no,no,never,never,yes,yes,yes,no,no,allsoon,3.0,2.0,4.0,3.0,4.0,askrel,quite,6m,low,no,no,2.0,3.0,4.0,3.0,unknown,symptoms,30-39
1687,m01688,2016-09-29,41,female,housewife,married,High,157.0,56.0,hanoi,22.7189744,no,unknown,unknown,symptoms,yes,no,no,no,no,no,yes,no,no,never,never,yes,no,yes,yes,yes,allsoon,3.0,4.0,2.0,4.0,2.0,askrel,unknown,6m,low,maybe,maybe,4.0,2.0,3.0,4.0,unknown,symptoms,40-49
1688,m01689,2016-09-30,43,male,stable,married,Grad,165.0,67.0,hanoi,24.6097337,yes,<12mo,<12mo,request,no,no,no,no,no,yes ,no,yes,no,never,yes,yes,yes,yes,yes,yes,allsoon,2.5,2.5,2.0,2.0,3.0,clinic,good,6m,low,yes,yes,4.0,3.0,4.0,4.0,420,symptoms,40-49
1689,m01690,2016-09-30,28,female,student,married,Grad,163.0,49.0,hanoi,18.44254582,no,>24mo,>24mo,volunteer,yes,no,yes,yes,yes,yes ,no,yes,yes,never,yes,yes,yes,yes,yes,yes,later,4.0,4.0,3.0,2.0,4.0,clinic,unknown,6m,med,yes,yes,4.0,3.0,4.0,4.0,210,disease_concern,18-29
1690,m01691,2016-09-30,25,male,unstable,married,Grad,172.0,54.0,hanoi,18.25310979,yes,<12mo,12-24mo,symptoms,yes,yes,no,no,no,yes ,no,yes,yes,never,yes,no,yes,yes,yes,yes,later,5.0,5.0,5.0,5.0,5.0,clinic,unknown,6m,med,yes,yes,4.0,3.0,4.0,4.0,90,disease_concern,18-29
1691,m01692,2016-09-30,35,female,unstable,married,High,150.0,42.0,hanoi,18.66666667,yes,unknown,unknown,request,yes,yes,no,yes,yes,yes ,no,no,no,never,yes,yes,yes,yes,yes,yes,partly ,3.0,3.0,3.0,3.0,3.0,clinic,quite,g18m,low,yes,yes,2.0,2.0,2.0,2.0,unknown,symptoms,30-39
1692,m01693,2016-09-30,23,male,unstable,married,High,165.0,48.0,hanoi,17.63085399,yes,<12mo,<12mo,request,no,no,no,no,no,yes ,yes,yes,yes,yes,never,no,yes,yes,no,yes,allsoon,4.0,2.0,3.0,5.0,2.0,clinic,unknown,g18m,low,maybe,maybe,3.0,3.0,3.0,3.0,unknown,symptoms,18-29
1693,m01694,2016-09-30,34,female,unstable,married,Grad,150.0,50.0,hanoi,22.22222222,yes,unknown,unknown,request,no,no,no,no,no,yes ,yes,no,yes,never,yes,yes,yes,yes,yes,yes,partly ,5.0,5.0,5.0,5.0,5.0,clinic,unknown,g18m,low,maybe,maybe,2.0,2.0,2.0,2.0,unknown,symptoms,30-39
1694,m01695,2016-09-30,32,male,stable,married,Grad,172.0,68.0,hanoi,22.98539751,yes,<12mo,<12mo,symptoms,yes,no,no,no,no,no,yes,no,no,never,yes,no,no,yes,yes,no,allsoon,3.0,4.0,2.0,3.0,1.0,clinic,unknown,6m,low,no,no,2.0,3.0,2.0,3.0,unknown,symptoms,30-39
1695,m01696,2016-09-30,33,male,stable,married,Grad,160.0,62.0,hanoi,24.21875,yes,<12mo,<12mo,request,yes,no,no,no,no,no,yes,no,no,never,never,yes,yes,no,no,no,allsoon,3.0,4.0,2.0,3.0,4.0,clinic,bad,6m,low,no,no,3.0,2.0,1.0,4.0,unknown,symptoms,30-39
1696,m01697,2016-09-30,24,female,stable,unmarried,Grad,160.0,51.0,hanam,19.921875,yes,<12mo,<12mo,request,no,no,no,no,no,yes ,no,yes,yes,yes,never,no,yes,yes,yes,yes,allsoon,2.0,2.0,3.0,3.0,3.0,askrel,bad,6m,hi,yes,yes,2.0,2.0,2.0,2.0,85,symptoms,18-29
1697,m01698,2016-09-30,17,female,unstable,unmarried,Middle,154.0,39.0,hanoi,16.44459437,yes,unknown,unknown,symptoms,no,no,yes,no,no,yes ,no,no,yes,yes,yes,no,yes,no,yes,yes,partly ,1.0,1.0,5.0,5.0,5.0,askrel,bad,g18m,med,maybe,no,3.0,2.0,2.0,1.0,100,symptoms,<18
1698,m01699,2016-09-30,48,female,unstable,married,Middle,162.0,51.0,hanoi,19.43301326,yes,unknown,unknown,request,no,no,no,no,no,yes ,no,yes,yes,never,yes,yes,yes,no,yes,no,later,5.0,5.0,5.0,5.0,3.0,clinic,good,12m,med,yes,yes,3.0,2.0,2.0,2.0,unknown,symptoms,40-49
1699,m01700,2016-09-30,39,female,stable,married,High,161.0,60.0,hanoi,23.14725512,yes,unknown,unknown,volunteer,no,no,no,no,no,yes ,no,yes,yes,never,yes,yes,yes,no,yes,no,allsoon,4.0,3.0,4.0,4.0,4.0,clinic,good,g18m,med,yes,yes,3.0,3.0,3.0,3.0,unknown,symptoms,30-39
1700,m01701,2016-09-30,31,male,unstable,married,Middle,172.0,70.0,hanoi,23.66143862,yes,unknown,unknown,volunteer,no,no,no,no,no,yes ,no,yes,yes,never,yes,yes,yes,yes,yes,yes,later,5.0,5.0,5.0,5.0,5.0,clinic,good,6m,hi,yes,yes,4.0,4.0,4.0,4.0,unknown,symptoms,30-39
1701,m01702,2016-09-30,26,female,unstable,married,Middle,156.0,50.0,hanoi,20.54569362,yes,unknown,unknown,volunteer,no,no,no,no,no,yes ,no,yes,yes,never,yes,yes,yes,yes,yes,yes,later,5.0,5.0,5.0,5.0,5.0,clinic,good,6m,med,yes,yes,4.0,3.0,2.0,2.0,unknown,symptoms,18-29
1702,m01703,2016-09-30,21,female,student,unmarried,Middle,157.0,45.0,hanoi,18.25631871,yes,unknown,unknown,volunteer,no,no,no,no,no,yes ,no,yes,yes,never,yes,yes,yes,yes,yes,yes,later,5.0,5.0,5.0,5.0,5.0,clinic,good,6m,med,yes,yes,4.0,4.0,4.0,4.0,90,disease_concern,18-29
1703,m01704,2016-09-30,74,female,unstable,married,Middle,162.0,48.0,hanoi,18.28989483,yes,unknown,unknown,request,no,no,no,no,no,yes ,no,no,yes,yes,yes,no,no,no,yes,no,partly ,4.0,3.0,4.0,3.0,4.0,askrel,bad,18m,low,maybe,maybe,2.0,1.0,2.0,1.0,unknown,symptoms,>=50
1704,m01705,2016-09-30,56,male,unstable,married,Grad,178.0,63.0,hanoi,19.88385305,no,unknown,unknown,request,yes,yes,yes,no,yes,yes ,no,no,no,never,yes,yes,yes,yes,yes,yes,partly ,3.0,2.0,2.0,2.0,2.0,selfstudy,unknown,g18m,low,maybe,maybe,1.0,1.0,1.0,1.0,unknown,symptoms,>=50
1705,m01706,2016-09-30,60,female,unstable,married,Grad,158.0,44.0,hanoi,17.62538055,no,unknown,unknown,request,yes,yes,no,no,no,yes ,no,no,no,never,never,yes,yes,yes,yes,yes,partly ,4.0,4.0,4.0,4.0,4.0,clinic,unknown,g18m,low,maybe,maybe,1.0,1.0,1.0,1.0,unknown,symptoms,>=50
1706,m01707,2016-09-30,31,female,stable,married,Grad,160.0,61.0,hanoi,23.828125,yes,<12mo,<12mo,volunteer,no,no,no,no,no,yes ,yes,no,yes,never,yes,yes,yes,yes,yes,yes,later,5.0,5.0,5.0,5.0,5.0,clinic,good,6m,hi,yes,yes,5.0,5.0,5.0,5.0,unknown,symptoms,30-39
1707,m01708,2016-09-30,70,male,unstable,married,High,161.0,46.0,hanoi,17.74622893,yes,unknown,unknown,volunteer,no,no,no,no,no,yes ,yes,no,no,yes,yes,no,yes,no,yes,no,partly ,4.0,4.0,4.0,4.0,4.0,askrel,bad,g18m,low,yes,yes,2.0,2.0,2.0,2.0,unknown,symptoms,>=50
1708,m01709,2016-09-30,32,female,stable,married,Middle,150.0,42.0,hanoi,18.66666667,yes,<12mo,<12mo,volunteer,no,no,no,no,no,yes ,no,no,yes,never,yes,yes,yes,yes,yes,yes,later,5.0,5.0,5.0,5.0,5.0,clinic,good,6m,med,yes,yes,5.0,5.0,5.0,5.0,140,disease_concern,30-39
1709,m01710,2016-09-30,39,female,unstable,married,Middle,165.0,50.0,hanoi,18.36547291,yes,<12mo,<12mo,request,yes,yes,no,no,no,yes ,no,no,no,never,yes,yes,yes,yes,yes,yes,partly ,5.0,5.0,5.0,5.0,5.0,clinic,quite,g18m,low,maybe,maybe,2.0,2.0,2.0,2.0,unknown,symptoms,30-39
1710,m01711,2016-10-01,56,female,unstable,married,High,160.0,60.0,hanam,23.4375,yes,unknown,unknown,volunteer,no,no,no,no,no,yes ,yes,yes,yes,yes,yes,yes,yes,yes,yes,yes,allsoon,5.0,5.0,4.0,5.0,4.0,clinic,good,6m,med,yes,yes,5.0,5.0,3.0,3.0,unknown,symptoms,>=50
1711,m01712,2016-10-01,35,male,unstable,married,Grad,162.0,54.0,hanoi,20.57613169,yes,<12mo,<12mo,volunteer,yes,yes,yes,yes,yes,yes ,yes,yes,yes,yes,yes,yes,yes,yes,yes,yes,allsoon,5.0,5.0,5.0,5.0,5.0,clinic,unknown,6m,med,yes,yes,5.0,4.0,4.0,4.0,unknown,symptoms,30-39
1712,m01713,2016-10-01,56,male,unstable,married,Grad,157.0,55.0,hanoi,22.31327843,yes,<12mo,<12mo,volunteer,no,no,no,no,no,yes ,yes,yes,yes,yes,yes,yes,yes,yes,yes,yes,later,5.0,5.0,5.0,5.0,5.0,clinic,unknown,6m,med,maybe,maybe,5.0,4.0,4.0,4.0,unknown,symptoms,>=50
1713,m01714,2016-10-01,68,female,unstable,married,High,153.0,40.0,hanoi,17.087445,yes,<12mo,<12mo,request,no,no,yes,no,no,yes ,yes,no,yes,never,never,yes,no,no,yes,yes,allsoon,5.0,4.0,3.0,4.0,5.0,askrel,good,12m,low,yes,yes,5.0,2.0,3.0,5.0,unknown,symptoms,>=50
1714,m01715,2016-10-01,20,male,unstable,unmarried,High,170.0,61.0,hanoi,21.10726644,no,<12mo,<12mo,volunteer,no,no,no,no,no,yes ,no,no,yes,never,yes,yes,yes,no,yes,no,partly ,3.0,3.0,3.0,3.0,3.0,clinic,unknown,18m,med,yes,yes,2.0,2.0,2.0,2.0,unknown,symptoms,18-29
1715,m01716,2016-10-01,42,male,stable,married,Middle,173.0,78.0,hanoi,26.06167931,yes,<12mo,<12mo,volunteer,no,no,no,no,no,yes ,yes,yes,yes,never,yes,yes,yes,yes,yes,no,allsoon,5.0,4.0,4.0,4.0,4.0,clinic,unknown,6m,med,yes,yes,5.0,4.0,3.0,2.0,unknown,symptoms,40-49
1716,m01717,2016-10-01,51,male,unstable,married,Middle,167.0,65.0,hanoi,23.30668005,yes,<12mo,<12mo,volunteer,no,no,no,no,no,yes ,yes,yes,yes,yes,yes,yes,yes,yes,yes,yes,later,5.0,5.0,5.0,5.0,5.0,clinic,unknown,6m,med,yes,yes,5.0,5.0,5.0,5.0,unknown,symptoms,>=50
1717,m01718,2016-10-01,39,female,unstable,married,Middle,150.0,40.0,hanoi,17.77777778,yes,<12mo,<12mo,volunteer,no,no,no,no,no,yes ,yes,yes,yes,yes,yes,yes,yes,yes,yes,yes,allsoon,5.0,5.0,5.0,5.0,5.0,clinic,unknown,6m,med,yes,yes,5.0,1.0,1.0,1.0,unknown,symptoms,30-39
1718,m01719,2016-10-01,42,female,unstable,married,High,160.0,60.0,hanoi,23.4375,yes,unknown,unknown,volunteer,no,no,no,no,no,yes ,yes,yes,yes,yes,yes,yes,yes,yes,yes,yes,partly ,5.0,5.0,5.0,5.0,5.0,clinic,unknown,6m,med,yes,yes,5.0,2.0,2.0,2.0,unknown,symptoms,40-49
1719,m01720,2016-10-01,45,male,unstable,married,Grad,160.0,58.0,hanoi,22.65625,yes,unknown,unknown,volunteer,no,no,no,no,no,yes ,yes,yes,yes,yes,yes,yes,yes,yes,yes,yes,later,5.0,5.0,5.0,5.0,5.0,clinic,unknown,6m,med,yes,yes,5.0,3.0,2.0,2.0,unknown,symptoms,40-49
1720,m01721,2016-10-01,62,male,unstable,married,Middle,167.0,63.0,hanam ,22.58955144,yes,unknown,unknown,volunteer,no,no,no,no,no,yes ,yes,yes,yes,yes,yes,yes,yes,yes,yes,yes,partly ,5.0,5.0,5.0,5.0,5.0,selfstudy,good,6m,med,yes,maybe,5.0,3.0,3.0,3.0,unknown,symptoms,>=50
1721,m01722,2016-10-01,67,male,unstable,married,Middle,163.0,51.0,hanoi,19.1953028,yes,unknown,unknown,volunteer,no,no,no,no,no,yes ,yes,yes,yes,yes,yes,yes,yes,yes,yes,yes,allsoon,5.0,5.0,5.0,5.0,5.0,clinic,good,6m,med,maybe,yes,5.0,5.0,4.0,4.0,unknown,symptoms,>=50
1722,m01723,2016-09-30,68,male,unstable,married,Middle,142.0,75.0,hanoi,37.19500099,yes,unknown,unknown,volunteer,no,no,no,no,no,yes ,yes,no,yes,never,yes,yes,yes,no,yes,no,later,5.0,5.0,5.0,5.0,5.0,clinic,good,18m,hi,yes,yes,4.0,4.0,4.0,3.0,unknown,symptoms,>=50
1723,m01724,2016-10-01,30,male,unstable,married,Middle,163.0,60.0,hanoi,22.58270917,no,>24mo,>24mo,volunteer,yes,no,no,no,no,yes ,no,yes,yes,never,yes,yes,no,no,yes,no,later,5.0,5.0,5.0,5.0,5.0,clinic,good,6m,med,yes,yes,5.0,5.0,5.0,5.0,150,symptoms,30-39
1724,m01725,2016-10-01,29,male,stable,married,Grad,169.0,58.0,hanoi,20.30741221,yes,>24mo,>24mo,request,no,no,no,no,yes,yes ,no,yes,yes,never,yes,yes,yes,yes,yes,yes,partly ,5.0,3.0,4.0,5.0,4.0,clinic,quite,6m,low,yes,maybe,5.0,5.0,5.0,5.0,300,symptoms,18-29
1725,m01726,2016-10-01,23,female,stable,married,PostGrad,163.0,47.0,hanoi,17.68978885,no,12-24mo,unknown,request,yes,yes,no,no,yes,yes ,no,no,no,never,never,yes,yes,yes,yes,yes,allsoon,5.0,5.0,5.0,5.0,5.0,clinic,good,12m,med,yes,maybe,3.0,3.0,3.0,3.0,unknown,symptoms,18-29
1726,m01727,2016-10-30,24,female,stable,married,High,160.0,48.0,hanoi,18.75,no,unknown,unknown,volunteer,yes,yes,no,no,no,yes ,no,no,yes,never,yes,yes,yes,no,yes,no,partly ,5.0,5.0,5.0,5.0,5.0,clinic,good,6m,hi,yes,yes,3.0,3.0,3.0,3.0,unknown,symptoms,18-29
1727,m01728,2016-09-30,48,female,unstable,married,Middle,158.0,60.0,hanoi,24.03460984,yes,unknown,unknown,disease_concern,no,no,no,no,no,yes ,no,yes,yes,never,yes,yes,yes,no,yes,no,partly ,5.0,5.0,5.0,5.0,5.0,clinic,good,6m,hi,maybe,yes,4.0,4.0,4.0,3.0,unknown,symptoms,40-49
1728,m01729,2016-09-30,21,female,student,unmarried,Grad,162.0,46.0,hanoi,17.52781588,yes,>24mo,>24mo,symptoms,no,no,no,no,yes,yes ,no,yes,yes,never,yes,yes,yes,yes,yes,no,partly ,5.0,5.0,3.0,5.0,5.0,clinic,quite,6m,low,yes,yes,5.0,5.0,5.0,5.0,210,disease_concern,18-29
1729,m01730,2016-09-30,31,female,stable,married,PostGrad,162.0,45.0,hanoi,17.14677641,yes,<12mo,<12mo,symptoms,no,no,no,no,yes,yes ,no,yes,yes,never,yes,yes,yes,yes,yes,no,partly ,5.0,5.0,5.0,5.0,5.0,clinic,quite,6m,low,yes,yes,5.0,5.0,5.0,5.0,210,disease_concern,30-39
1730,m01731,2016-09-30,29,female,unstable,married,Grad,162.0,50.0,hanoi,19.05197378,no,unknown,unknown,request,yes,yes,no,no,no,yes ,no,yes,yes,never,yes,yes,yes,yes,yes,yes,later,4.0,3.0,2.0,4.0,5.0,clinic,good,g18m,hi,yes,yes,2.0,2.0,2.0,2.0,unknown,symptoms,18-29
1731,m01732,2016-09-30,31,female,unstable,married,Grad,160.0,50.0,hanoi,19.53125,no,unknown,unknown,volunteer,yes,no,no,no,no,yes ,no,yes,yes,never,yes,yes,yes,yes,yes,yes,later,4.0,3.0,4.0,4.0,2.0,clinic,good,6m,hi,yes,yes,2.0,3.0,4.0,4.0,unknown,symptoms,30-39
1732,m01733,2016-09-30,43,female,unstable,married,Middle,150.0,53.0,hanoi,23.55555556,yes,unknown,unknown,request,yes,yes,no,no,no,yes ,no,no,yes,never,yes,yes,yes,no,yes,no,partly ,5.0,4.0,4.0,4.0,4.0,clinic,good,12m,med,yes,yes,3.0,3.0,3.0,3.0,unknown,symptoms,40-49
1733,m01734,2016-09-30,23,male,unstable,unmarried,Middle,165.0,50.0,hanoi,18.36547291,no,unknown,unknown,volunteer,no,no,no,no,no,yes ,no,yes,yes,never,yes,yes,yes,yes,yes,yes,later,5.0,5.0,5.0,5.0,5.0,clinic,good,g18m,low,yes,yes,4.0,4.0,4.0,4.0,unknown,symptoms,18-29
1734,m01735,2016-09-30,24,female,unstable,married,High,157.0,42.0,hanoi,17.0392308,no,<12mo,unknown,volunteer,no,no,no,no,no,yes ,no,yes,yes,never,yes,yes,yes,yes,yes,yes,later,5.0,4.0,5.0,5.0,5.0,clinic,good,6m,med,yes,yes,3.0,3.0,3.0,3.0,unknown,disease_concern,18-29
1735,m01736,2016-09-30,30,male,unstable,married,Grad,170.0,65.0,hanoi,22.49134948,yes,unknown,unknown,request,yes,yes,yes,yes,yes,yes ,no,yes,yes,never,yes,yes,yes,yes,yes,yes,partly ,5.0,5.0,5.0,4.0,3.0,clinic,quite,g18m,low,yes,yes,2.0,2.0,2.0,3.0,unknown,symptoms,30-39
1736,m01737,2016-09-30,26,female,student,married,PostGrad,155.0,46.0,hanoi,19.14672216,no,<12mo,>24mo,request,no,no,no,no,no,yes ,no,no,yes,yes,yes,no,yes,yes,yes,yes,later,5.0,3.0,2.0,2.0,3.0,selfstudy,unknown,g18m,low,yes,no,2.0,1.0,3.0,1.0,unknown,symptoms,18-29
1737,m01738,2016-09-30,70,female,unstable,married,PostGrad,162.0,47.0,hanoi,17.90885536,yes,<12mo,<12mo,request,no,no,no,no,no,yes ,yes,yes,yes,yes,never,no,yes,yes,no,yes,allsoon,4.0,2.0,3.0,5.0,2.0,clinic,unknown,g18m,low,maybe,maybe,3.0,3.0,3.0,3.0,unknown,symptoms,>=50
1738,m01739,2016-09-30,28,male,unstable,married,Middle,157.0,43.0,hanoi,17.44492677,yes,unknown,unknown,volunteer,no,no,no,no,no,yes ,no,yes,yes,never,yes,yes,yes,yes,yes,yes,later,5.0,5.0,5.0,5.0,5.0,clinic,good,g18m,low,yes,yes,4.0,4.0,4.0,4.0,unknown,symptoms,18-29
1739,m01740,2016-09-30,43,male,unstable,married,High,165.0,67.0,bacgiang,24.6097337,no,<12mo,>24mo,request,yes,yes,yes,no,yes,yes ,no,yes,no,yes,yes,no,yes,no,yes,no,partly ,4.0,4.0,4.0,3.0,3.0,clinic,quite,g18m,low,yes,yes,2.0,2.0,2.0,2.0,unknown,symptoms,40-49
1740,m01741,2016-09-30,22,female,stable,unmarried,Grad,150.0,46.0,hanoi,20.44444444,yes,unknown,unknown,request,yes,no,no,no,no,yes ,yes,no,yes,yes,yes,no,yes,yes,yes,yes,allsoon,3.0,2.0,3.0,3.0,4.0,askrel,bad,6m,med,yes,yes,2.0,2.0,2.0,2.0,90,symptoms,18-29
1741,m01742,2016-10-01,23,female,other,unmarried,PostGrad,166.0,48.0,hungyen,17.41907389,yes,<12mo,<12mo,request,yes,no,yes,no,no,yes ,no,yes,yes,never,yes,yes,yes,yes,yes,yes,later,5.0,5.0,5.0,5.0,5.0,clinic,good,6m,hi,yes,yes,4.0,4.0,4.0,4.0,unknown,symptoms,18-29
1742,m01743,2016-10-01,71,male,unstable,married,High,165.0,54.0,hanoi,19.83471074,yes,unknown,unknown,volunteer,no,no,no,no,no,yes ,yes,yes,yes,yes,yes,yes,yes,yes,yes,yes,later,5.0,5.0,5.0,5.0,5.0,clinic,good,6m,hi,maybe,maybe,5.0,4.0,4.0,4.0,unknown,symptoms,>=50
1743,m01744,2016-10-01,39,male,unstable,married,Middle,160.0,47.0,hanoi,18.359375,yes,unknown,unknown,volunteer,no,no,no,no,no,yes ,yes,yes,yes,yes,yes,yes,yes,yes,yes,yes,later,5.0,5.0,5.0,5.0,5.0,clinic,good,6m,hi,yes,yes,4.0,4.0,4.0,4.0,unknown,symptoms,30-39
1744,m01745,2016-10-01,24,female,stable,unmarried,Grad,152.0,47.0,hanoi,20.34279778,yes,<12mo,<12mo,request,no,no,no,no,no,yes ,no,yes,yes,never,yes,yes,yes,yes,yes,yes,allsoon,2.0,2.0,3.0,3.0,3.0,askrel,good,6m,low,maybe,maybe,2.0,2.0,2.0,2.0,unknown,symptoms,18-29
1745,m01746,2016-10-01,18,female,student,unmarried,Grad,159.0,54.0,hanoi,21.35991456,yes,<12mo,<12mo,request,yes,no,no,no,no,yes ,no,no,no,never,never,yes,yes,no,no,yes,allsoon,2.0,2.0,3.0,3.0,3.0,askrel,good,6m,low,maybe,maybe,2.0,2.0,2.0,2.0,unknown,symptoms,18-29
1746,m01747,2016-10-01,58,male,unstable,married,Grad,175.0,64.0,hanoi,20.89795918,yes,unknown,unknown,volunteer,no,no,no,no,no,yes ,yes,yes,yes,never,yes,yes,yes,yes,yes,yes,later,5.0,5.0,5.0,5.0,5.0,clinic,good,6m,hi,maybe,maybe,5.0,4.0,4.0,4.0,unknown,symptoms,>=50
1747,m01748,2016-10-01,38,female,unstable,married,High,150.0,38.0,hanoi,16.88888889,yes,unknown,unknown,volunteer,no,no,no,no,no,yes ,yes,yes,yes,yes,yes,yes,yes,yes,yes,yes,partly ,5.0,5.0,5.0,5.0,5.0,clinic,good,6m,hi,yes,yes,5.0,5.0,5.0,5.0,unknown,symptoms,30-39
1748,m01749,2016-10-01,56,male,unstable,married,High,161.0,65.0,hanoi,25.07619305,yes,<12mo,unknown,disease_concern,yes,no,no,no,yes,yes ,no,no,yes,never,yes,yes,yes,yes,yes,yes,allsoon,5.0,5.0,5.0,5.0,5.0,clinic,good,g18m,low,no,maybe,4.0,4.0,4.0,4.0,unknown,symptoms,>=50
1749,m01750,2016-10-01,28,female,unstable,married,Middle,164.0,49.0,hanoi,18.21832243,no,unknown,unknown,volunteer,no,no,no,no,no,yes ,no,no,yes,never,yes,yes,yes,no,yes,yes,partly ,5.0,4.0,4.0,2.0,3.0,clinic,unknown,12m,hi,maybe,maybe,4.0,2.0,3.0,2.0,unknown,symptoms,18-29
1750,m01751,2016-10-01,27,male,unstable,married,Grad,166.0,63.0,hanoi,22.86253448,no,unknown,unknown,volunteer,no,no,no,no,no,yes ,no,yes,yes,never,yes,yes,yes,yes,yes,yes,partly ,5.0,4.0,4.0,2.0,2.0,clinic,unknown,6m,hi,yes,yes,3.0,2.0,2.0,3.0,unknown,symptoms,18-29
1751,m01752,2016-09-30,32,male,stable,married,Grad,160.0,58.0,hanoi,22.65625,yes,<12mo,<12mo,request,yes,no,no,no,no,no,yes,no,no,never,never,yes,no,no,no,yes,allsoon,2.0,4.0,3.0,2.0,1.0,clinic,bad,6m,low,no,no,2.0,2.0,3.0,2.0,unknown,symptoms,30-39
1752,m01753,2016-09-30,28,female,student,married,PostGrad,150.0,40.0,hanoi,17.77777778,yes,12-24mo,unknown,symptoms,yes,yes,no,no,no,yes ,no,yes,yes,never,yes,no,yes,yes,yes,yes,partly ,4.0,4.0,3.0,4.0,4.0,selfstudy,unknown,12m,med,yes,maybe,3.0,2.0,1.0,1.0,140,symptoms,18-29
1753,m01754,2016-09-30,54,male,other,married,High,150.0,50.0,hanoi,22.22222222,yes,unknown,unknown,symptoms,no,yes,yes,no,no,yes ,no,no,no,yes,yes,no,yes,yes,yes,yes,partly ,4.0,3.0,4.0,5.0,2.0,askrel,unknown,g18m,low,yes,maybe,1.0,1.0,2.0,2.0,unknown,symptoms,>=50
1754,m01755,2016-09-30,51,female,unstable,married,Grad,167.0,45.0,hanoi,16.13539388,yes,unknown,unknown,volunteer,no,no,no,no,no,yes ,yes,yes,yes,yes,yes,no,yes,yes,yes,no,later,5.0,5.0,5.0,5.0,5.0,clinic,good,6m,hi,yes,yes,5.0,5.0,5.0,5.0,unknown,symptoms,>=50
1755,m01756,2016-09-30,21,male,unstable,unmarried,High,182.0,97.0,hanoi,29.28390291,no,unknown,unknown,symptoms,no,no,no,no,no,yes ,no,no,yes,never,yes,yes,yes,yes,yes,no,later,4.0,4.0,4.0,4.0,4.0,clinic,good,g18m,hi,yes,yes,1.0,1.0,1.0,1.0,unknown,symptoms,18-29
1756,m01757,2016-09-30,26,female,stable,married,PostGrad,153.0,57.0,hanoi,24.34960912,no,unknown,>24mo,request,no,no,no,no,yes,yes ,no,yes,yes,never,yes,yes,yes,yes,yes,yes,partly ,5.0,5.0,3.0,5.0,3.0,clinic,quite,6m,low,yes,yes,5.0,5.0,5.0,5.0,210,symptoms,18-29
1757,m01758,2016-09-30,23,male,student,unmarried,Grad,175.0,62.0,hanoi,20.24489796,yes,>24mo,>24mo,request,no,no,no,no,yes,yes ,no,yes,yes,never,yes,yes,yes,yes,yes,yes,partly ,5.0,5.0,3.0,5.0,3.0,clinic,quite,6m,low,yes,yes,5.0,5.0,5.0,5.0,210,symptoms,18-29
1758,m01759,2016-09-30,29,male,unstable,married,Grad,170.0,55.0,hanoi,19.03114187,yes,<12mo,<12mo,volunteer,no,no,yes,no,no,yes ,no,yes,yes,never,yes,yes,yes,yes,yes,yes,allsoon,5.0,4.0,5.0,5.0,5.0,clinic,good,6m,med,yes,yes,3.0,2.5,3.0,3.0,unknown,disease_concern,18-29
1759,m01760,2016-09-30,21,female,other,married,Middle,155.0,43.0,hanoi,17.89802289,yes,unknown,unknown,volunteer,no,no,yes,no,no,yes ,yes,no,yes,never,never,yes,no,no,no,yes,partly ,5.0,3.0,2.0,1.0,2.0,askrel,unknown,6m,low,yes,yes,5.0,2.0,3.0,4.0,600,disease_concern,18-29
1760,m01761,2016-09-30,31,female,student,married,Grad,155.0,50.0,hanoi,20.81165453,no,<12mo,<12mo,volunteer,no,no,no,no,no,yes ,yes,no,no,never,yes,yes,yes,yes,yes,yes,allsoon,5.0,3.0,2.0,4.0,5.0,askrel,good,6m,low,yes,yes,3.0,4.0,5.0,3.0,unknown,symptoms,30-39
1761,m01762,2016-09-30,36,female,stable,married,Grad,156.0,49.0,hanoi,20.13477975,yes,<12mo,<12mo,request,no,no,no,no,no,yes ,yes,yes,yes,never,yes,yes,yes,yes,yes,yes,partly ,4.0,3.0,5.0,2.0,1.0,clinic,good,6m,low,yes,yes,5.0,2.0,3.0,1.0,unknown,symptoms,30-39
1762,m01763,2016-09-30,40,female,stable,unmarried,Grad,160.0,49.0,hanoi,19.140625,yes,<12mo,<12mo,symptoms,yes,no,yes,no,yes,no,yes,no,yes,yes,never,yes,yes,yes,yes,yes,partly ,3.0,3.0,3.0,3.0,3.0,selfstudy,bad,18m,low,maybe,maybe,3.0,3.0,3.0,3.0,210,symptoms,40-49
1763,m01764,2016-09-29,32,female,stable,married,Middle,160.0,53.0,hanoi,20.703125,yes,<12mo,<12mo,request,yes,no,no,no,no,no,no,no,yes,never,never,yes,yes,yes,yes,no,later,3.5,3.5,3.5,3.5,3.5,clinic,quite,6m,low,yes,yes,3.0,2.5,3.0,3.0,300,disease_concern,30-39
1764,m01765,2016-09-24,19,male,student,unmarried,Grad,174.0,69.0,hanoi,22.79032897,yes,<12mo,<12mo,request,no,no,no,no,yes,yes ,yes,yes,no,never,yes,yes,yes,yes,yes,yes,later,3.0,4.0,2.0,3.0,3.0,selfstudy,good,12m,med,yes,yes,1.0,1.0,1.0,1.0,unknown,disease_concern,18-29
1765,m01766,2016-09-18,27,female,stable,married,Grad,150.0,41.0,hanoi,18.22222222,yes,<12mo,<12mo,request,yes,yes,no,yes,yes,yes ,yes,no,no,never,never,yes,yes,no,no,no,partly ,5.0,5.0,5.0,5.0,5.0,askrel,quite,12m,med,yes,maybe,4.0,4.0,3.0,3.0,unknown,symptoms,18-29
1766,m01767,2016-09-17,32,female,stable,married,Grad,155.0,48.0,hanoi,19.97918835,yes,<12mo,<12mo,request,yes,yes,no,yes,yes,yes ,yes,no,no,never,never,yes,yes,yes,no,yes,partly ,5.0,5.0,5.0,5.0,5.0,askrel,quite,12m,med,yes,maybe,5.0,5.0,2.0,2.0,unknown,symptoms,30-39
1767,m01768,2016-09-18,29,female,stable,married,Grad,155.0,43.0,hanoi,17.89802289,yes,<12mo,<12mo,request,yes,yes,yes,no,yes,yes ,yes,yes,no,never,never,yes,yes,yes,yes,no,allsoon,4.0,2.0,2.0,4.0,3.0,clinic,quite,12m,low,yes,yes,2.0,2.0,2.0,3.0,unknown,symptoms,18-29
1768,m01769,2016-09-17,27,female,stable,married,Grad,156.0,55.0,hanoi,22.60026298,yes,<12mo,<12mo,request,yes,yes,no,yes,yes,yes ,yes,no,no,yes,yes,yes,yes,yes,yes,yes,partly ,3.0,4.0,3.0,3.0,2.0,clinic,good,6m,med,maybe,maybe,3.0,3.0,4.0,4.0,360,symptoms,18-29
1769,m01770,2016-09-17,34,female,stable,married,Grad,160.0,56.0,hanoi,21.875,yes,<12mo,<12mo,request,yes,yes,no,yes,yes,yes ,no,no,yes,yes,yes,yes,yes,yes,yes,yes,allsoon,4.0,3.0,3.0,3.0,3.0,clinic,quite,6m,med,yes,yes,3.0,3.0,4.0,4.0,360,symptoms,30-39
1770,m01771,2016-09-17,29,female,stable,married,Grad,162.0,52.0,hanoi,19.81405274,yes,<12mo,>24mo,request,yes,yes,yes,yes,yes,yes ,yes,yes,no,never,yes,yes,yes,yes,yes,yes,partly ,3.0,3.0,3.0,3.0,3.0,clinic,quite,6m,med,maybe,maybe,3.0,3.0,3.0,3.0,10,symptoms,18-29
1771,m01772,2016-09-17,33,female,stable,married,Grad,157.0,55.0,hanoi,22.31327843,yes,<12mo,<12mo,request,yes,yes,no,yes,yes,yes ,yes,no,no,yes,yes,no,yes,yes,yes,yes,partly ,3.0,3.0,3.0,4.0,3.0,clinic,good,6m,med,maybe,maybe,2.0,1.0,4.0,4.0,360,symptoms,30-39
1772,m01773,2016-09-19,25,female,stable,married,Middle,150.0,54.0,hanoi,24.0,yes,<12mo,>24mo,symptoms,yes,no,yes,no,yes,yes ,no,yes,yes,yes,never,no,yes,no,yes,no,allsoon,1.0,3.0,3.0,2.0,3.0,selfstudy,bad,12m,med,yes,yes,1.0,1.0,1.0,1.0,unknown,symptoms,18-29
1773,m01774,2016-09-19,20,female,student,unmarried,Grad,160.0,50.0,thanhhoa,19.53125,yes,unknown,unknown,symptoms,no,no,no,yes,yes,yes ,no,yes,yes,yes,yes,yes,yes,yes,yes,yes,allsoon,3.0,4.0,5.0,4.0,3.0,askrel,quite,6m,med,yes,maybe,3.0,1.0,2.0,3.0,140,symptoms,18-29
1774,m01775,2016-09-19,29,male,unstable,married,PostGrad,173.0,72.0,hanoi,24.05693475,yes,<12mo,<12mo,request,yes,no,no,no,yes,yes ,yes,no,yes,never,never,yes,yes,yes,yes,no,later,4.0,4.0,4.0,3.0,5.0,clinic,bad,6m,hi,yes,yes,1.0,1.0,1.0,2.0,420,disease_concern,18-29
1775,m01776,2016-09-19,23,female,stable,unmarried,Grad,150.0,43.0,hanoi,19.11111111,yes,<12mo,unknown,symptoms,yes,yes,no,no,yes,yes ,yes,no,yes,never,never,yes,yes,yes,yes,yes,partly ,3.0,4.0,1.0,4.0,4.0,selfstudy,good,6m,low,yes,yes,4.0,3.0,4.0,3.0,unknown,symptoms,18-29
1776,m01777,2016-09-19,28,male,stable,unmarried,Middle,172.0,56.0,hanoi,18.92915089,yes,<12mo,<12mo,symptoms,yes,yes,no,yes,yes,no,no,no,no,yes,yes,yes,yes,no,no,no,allsoon,3.0,3.0,2.0,3.0,2.0,selfstudy,quite,12m,med,no,no,2.0,2.0,2.0,2.0,420,symptoms,18-29
1777,m01778,2016-09-17,23,female,unstable,unmarried,Grad,158.0,50.0,haiduong,20.02884153,no,unknown,unknown,request,yes,yes,yes,yes,yes,yes ,yes,no,no,never,never,yes,yes,no,yes,no,partly ,5.0,5.0,5.0,5.0,5.0,selfstudy,unknown,g18m,low,maybe,maybe,2.0,2.0,2.0,2.0,15,symptoms,18-29
1778,m01779,2016-09-17,26,female,stable,unmarried,Grad,167.0,58.0,thanhhoa,20.79672989,yes,<12mo,<12mo,request,yes,yes,yes,yes,yes,no,yes,yes,yes,never,yes,yes,yes,yes,yes,yes,partly ,3.0,2.0,3.0,2.0,3.0,selfstudy,quite,6m,med,maybe,maybe,3.0,2.0,2.0,2.0,20,symptoms,18-29
1779,m01780,2016-09-17,31,female,stable,married,Grad,157.0,50.0,hanoi,20.28479857,yes,<12mo,<12mo,volunteer,yes,yes,yes,no,yes,yes ,yes,yes,yes,never,never,yes,yes,yes,yes,yes,partly ,3.0,3.0,3.0,3.0,2.0,clinic,bad,6m,low,maybe,maybe,3.0,3.0,3.0,3.0,15,symptoms,30-39
1780,m01781,2016-09-17,29,female,stable,married,Middle,160.0,58.0,hanoi,22.65625,yes,<12mo,<12mo,request,no,no,no,yes,no,yes ,yes,yes,yes,never,never,yes,no,no,no,no,partly ,3.0,2.0,2.0,2.0,2.0,clinic,bad,6m,low,maybe,maybe,3.0,2.0,1.0,1.0,unknown,disease_concern,18-29
1781,m01782,2016-09-17,32,female,stable,married,Grad,156.0,48.0,hanoi,19.72386588,yes,12-24mo,12-24mo,symptoms,yes,no,no,yes,yes,yes ,no,no,no,yes,yes,yes,yes,no,yes,yes,partly ,2.0,3.0,3.0,4.0,5.0,clinic,good,6m,low,yes,yes,3.0,3.0,4.0,2.0,480,symptoms,30-39
1782,m01783,2016-09-17,30,female,stable,married,Grad,150.0,50.0,hanoi,22.22222222,no,12-24mo,12-24mo,disease_concern,yes,yes,yes,yes,yes,yes ,yes,yes,yes,yes,yes,yes,yes,no,yes,yes,allsoon,3.0,2.0,1.0,3.0,2.0,askrel,good,12m,med,maybe,no,3.0,2.0,4.0,4.0,120,symptoms,30-39
1783,m01784,2016-09-18,52,female,stable,married,Grad,150.0,48.0,hanoi,21.33333333,yes,<12mo,unknown,request,no,yes,yes,yes,no,yes ,yes,no,yes,never,never,yes,yes,yes,yes,yes,partly ,3.0,3.0,3.0,3.0,2.0,askrel,quite,6m,low,yes,yes,2.0,2.0,1.0,2.0,60,disease_concern,>=50
1784,m01785,2016-09-18,19,male,stable,unmarried,Middle,172.0,58.0,hanoi,19.605192,yes,<12mo,<12mo,symptoms,no,no,no,no,no,yes ,yes,yes,yes,yes,yes,yes,yes,yes,yes,yes,partly ,3.0,2.0,2.0,2.0,2.0,askrel,bad,6m,med,yes,yes,2.0,2.0,1.0,2.0,unknown,symptoms,18-29
1785,m01786,2016-09-18,20,male,unstable,unmarried,Grad,180.0,60.0,hanoi,18.51851852,no,12-24mo,12-24mo,symptoms,yes,yes,yes,yes,yes,no,yes,no,no,yes,never,no,no,yes,yes,no,later,3.0,2.0,5.0,3.0,4.0,askrel,quite,12m,med,maybe,maybe,3.0,1.0,2.0,5.0,200,disease_concern,18-29
1786,m01787,2016-09-17,25,female,stable,unmarried,PostGrad,165.0,48.0,hanoi,17.63085399,yes,>24mo,>24mo,symptoms,yes,no,yes,yes,yes,yes ,no,no,no,yes,yes,yes,yes,no,no,no,allsoon,2.0,3.0,4.0,5.0,2.0,askrel,quite,6m,low,yes,yes,3.0,2.0,3.0,3.0,180,symptoms,18-29
1787,m01788,2016-09-17,23,male,student,unmarried,Grad,165.0,70.0,hanoi,25.71166208,yes,>24mo,12-24mo,request,no,yes,no,yes,no,yes ,yes,yes,yes,yes,yes,yes,yes,yes,yes,yes,partly ,3.0,5.0,2.0,3.0,3.0,askrel,quite,6m,med,yes,maybe,2.0,2.0,2.0,3.0,100,symptoms,18-29
1788,m01789,2016-09-17,20,female,student,unmarried,Grad,153.0,48.0,hanoi,20.504934,yes,<12mo,<12mo,disease_concern,yes,yes,yes,yes,yes,yes ,yes,yes,yes,never,never,yes,yes,yes,yes,yes,allsoon,3.0,2.0,4.0,2.0,2.0,askrel,quite,12m,med,maybe,maybe,3.0,3.0,2.0,2.0,180,symptoms,18-29
1789,m01790,2016-09-16,53,male,retirer,married,Grad,170.0,67.0,hanoi,23.183391,yes,12-24mo,12-24mo,request,yes,yes,yes,yes,yes,yes ,yes,yes,yes,yes,yes,yes,yes,yes,yes,no,later,4.0,3.0,4.0,5.0,4.0,clinic,quite,12m,med,maybe,maybe,5.0,4.0,3.0,4.0,200,disease_concern,>=50
1790,m01791,2016-09-17,23,female,student,unmarried,Grad,165.0,55.0,hanoi,20.2020202,no,<12mo,<12mo,symptoms,yes,yes,yes,yes,yes,yes ,yes,yes,yes,never,yes,yes,yes,yes,yes,yes,partly ,4.0,3.0,4.0,5.0,4.0,selfstudy,quite,6m,low,yes,yes,4.0,3.0,4.0,5.0,220,disease_concern,18-29
1791,m01792,2016-09-18,45,female,stable,married,Grad,162.0,53.0,vinhphuc,20.19509221,yes,<12mo,<12mo,request,no,no,no,yes,no,yes ,yes,yes,yes,never,never,yes,yes,no,yes,no,allsoon,2.0,2.0,2.0,1.0,2.0,clinic,quite,6m,low,maybe,maybe,3.0,2.0,2.0,2.0,180,disease_concern,40-49
1792,m01793,2016-09-20,30,female,unstable,married,Grad,159.0,54.0,hanoi,21.35991456,no,unknown,<12mo,volunteer,yes,no,yes,yes,no,yes ,yes,yes,yes,never,never,yes,yes,no,yes,yes,allsoon,3.0,3.0,2.0,3.0,2.0,clinic,good,6m,low,maybe,maybe,2.0,2.0,1.0,1.0,180,symptoms,30-39
1793,m01794,2016-09-21,35,female,stable,married,Middle,158.0,56.0,hanoi,22.43230252,yes,<12mo,unknown,volunteer,no,no,no,yes,yes,yes ,no,no,no,never,never,yes,yes,yes,no,no,later,3.0,2.0,2.0,1.0,2.0,selfstudy,unknown,12m,med,no,yes,2.0,2.0,2.0,2.0,180,symptoms,30-39
1794,m01795,2016-09-16,46,female,stable,married,Grad,156.0,58.0,hanoi,23.8330046,yes,<12mo,<12mo,request,yes,yes,no,no,no,yes ,yes,no,yes,never,never,yes,yes,yes,yes,yes,allsoon,3.0,3.0,2.0,3.0,2.0,clinic,quite,6m,hi,yes,maybe,2.0,2.0,2.0,1.0,300,disease_concern,40-49
1795,m01796,2016-09-19,41,female,stable,married,Grad,158.0,52.0,hanoi,20.82999519,yes,<12mo,<12mo,request,yes,yes,yes,yes,no,yes ,yes,yes,yes,never,never,yes,yes,yes,yes,no,allsoon,3.0,2.0,3.0,1.0,2.0,clinic,quite,12m,hi,yes,maybe,2.0,3.0,2.0,2.0,70,symptoms,40-49
1796,m01797,2016-09-17,35,male,stable,married,Grad,172.0,70.0,hanoi,23.66143862,yes,<12mo,<12mo,request,no,no,no,no,yes,yes ,no,yes,yes,never,never,yes,no,no,no,yes,later,3.0,3.0,3.0,3.0,3.0,clinic,quite,6m,med,no,no,2.0,2.0,2.0,2.0,unknown,disease_concern,30-39
1797,m01798,2016-09-20,27,male,stable,married,Grad,172.0,80.0,hanoi,27.04164413,yes,<12mo,<12mo,request,no,yes,yes,yes,yes,yes ,yes,yes,yes,never,yes,yes,yes,yes,yes,yes,allsoon,5.0,5.0,3.0,5.0,5.0,clinic,bad,6m,med,yes,maybe,5.0,3.0,3.0,3.0,360,symptoms,18-29
1798,m01799,2016-09-18,51,female,stable,married,Grad,153.0,46.0,hanoi,19.65056175,yes,<12mo,<12mo,request,no,no,no,no,no,yes ,yes,yes,yes,never,never,yes,yes,yes,no,no,partly ,3.0,3.0,3.0,2.0,2.0,clinic,quite,6m,low,yes,maybe,3.0,3.0,2.0,2.0,210,symptoms,>=50
1799,m01800,2016-09-19,31,female,stable,married,Grad,148.0,51.0,hanoi,23.28341855,yes,<12mo,12-24mo,symptoms,yes,yes,yes,no,yes,yes ,yes,yes,yes,yes,yes,yes,yes,no,yes,no,allsoon,4.0,4.0,3.0,3.0,4.0,selfstudy,quite,12m,med,yes,maybe,1.0,1.0,1.0,1.0,unknown,symptoms,30-39
1800,m01801,2016-09-20,46,female,stable,married,Grad,163.0,62.0,hanoi,23.33546614,yes,<12mo,<12mo,request,no,no,no,no,yes,yes ,yes,no,yes,never,never,yes,yes,yes,yes,yes,allsoon,3.0,4.0,3.0,4.0,3.0,clinic,quite,12m,med,yes,maybe,4.0,3.0,4.0,4.0,200,symptoms,40-49
1801,m01802,2016-09-19,28,female,stable,married,Grad,161.0,54.0,hanoi,20.83252961,yes,<12mo,<12mo,symptoms,no,no,no,no,no,yes ,yes,yes,yes,never,yes,yes,yes,no,yes,yes,allsoon,3.0,3.0,3.0,3.0,3.0,clinic,bad,6m,med,yes,maybe,1.0,1.0,1.0,1.0,unknown,symptoms,18-29
1802,m01803,2016-09-19,41,female,stable,married,Middle,152.0,57.0,hanoi,24.67105263,yes,<12mo,unknown,symptoms,no,yes,no,no,yes,yes ,yes,no,no,never,yes,yes,yes,no,yes,yes,allsoon,3.0,5.0,3.0,2.0,3.0,selfstudy,bad,12m,low,yes,yes,1.0,2.0,1.0,2.0,unknown,symptoms,40-49
1803,m01804,2016-09-19,54,male,stable,married,Grad,168.0,50.0,hanoi,17.7154195,yes,<12mo,<12mo,symptoms,yes,yes,no,yes,yes,yes ,yes,yes,yes,never,yes,yes,yes,no,yes,yes,allsoon,5.0,5.0,4.0,5.0,5.0,clinic,good,12m,hi,yes,yes,3.0,3.0,3.0,3.0,420,symptoms,>=50
1804,m01805,2016-09-19,46,male,stable,married,Grad,175.0,65.0,hanoi,21.2244898,yes,<12mo,<12mo,volunteer,no,no,no,yes,no,yes ,yes,yes,yes,never,never,yes,yes,yes,yes,yes,allsoon,3.0,5.0,5.0,5.0,4.0,clinic,bad,12m,hi,yes,maybe,2.0,3.0,4.0,4.0,420,disease_concern,40-49
1805,m01806,2016-09-19,26,female,stable,married,Grad,155.0,44.0,hanoi,18.31425598,yes,<12mo,<12mo,request,yes,no,no,yes,yes,yes ,yes,yes,yes,never,never,yes,yes,no,no,no,allsoon,4.0,4.0,4.0,4.0,4.0,askrel,quite,12m,hi,yes,yes,4.0,4.0,4.0,4.0,unknown,symptoms,18-29
1806,m01807,2016-09-19,43,female,stable,married,Grad,164.0,58.0,hanoi,21.56454491,yes,<12mo,12-24mo,request,yes,no,no,yes,no,yes ,yes,yes,yes,yes,never,no,yes,yes,yes,yes,allsoon,4.0,4.0,4.0,3.0,4.0,selfstudy,bad,6m,hi,maybe,yes,3.0,3.0,3.0,3.0,210,symptoms,40-49
1807,m01808,2016-09-19,41,male,stable,married,Grad,180.0,78.0,hanoi,24.07407407,yes,<12mo,<12mo,request,no,no,no,no,no,yes ,yes,yes,yes,never,never,yes,no,no,yes,yes,allsoon,4.0,4.0,3.0,4.0,4.0,selfstudy,bad,12m,med,maybe,maybe,3.0,3.0,3.0,3.0,300,disease_concern,40-49
1808,m01809,2016-09-20,37,female,stable,married,Grad,155.0,56.0,hanoi,23.30905307,yes,unknown,<12mo,request,no,no,no,yes,yes,yes ,yes,no,no,never,yes,yes,yes,yes,yes,yes,allsoon,3.0,4.0,4.0,4.0,4.0,selfstudy,bad,12m,med,no,maybe,2.0,2.0,1.0,1.0,210,disease_concern,30-39
1809,m01810,2016-09-20,30,male,stable,married,Grad,170.0,66.0,hanoi,22.83737024,yes,<12mo,<12mo,symptoms,no,no,no,yes,yes,yes ,yes,yes,yes,never,never,yes,yes,yes,yes,no,allsoon,4.0,3.0,4.0,3.0,4.0,askrel,bad,6m,med,maybe,maybe,3.0,3.0,3.0,3.0,300,symptoms,30-39
1810,m01811,2016-09-21,53,female,stable,married,Grad,152.0,48.0,hanoi,20.77562327,yes,<12mo,<12mo,volunteer,no,no,yes,yes,no,yes ,no,yes,yes,yes,yes,no,yes,yes,yes,yes,allsoon,3.0,3.0,4.0,3.0,3.0,askrel,quite,6m,hi,yes,yes,2.0,2.0,2.0,2.0,210,symptoms,>=50
1811,m01812,2016-09-21,46,female,stable,married,Grad,161.5,57.0,hanoi,21.85394282,yes,<12mo,<12mo,symptoms,yes,yes,no,yes,yes,yes ,yes,yes,yes,yes,yes,no,yes,yes,yes,yes,allsoon,3.0,3.0,3.0,3.0,3.0,clinic,quite,12m,med,maybe,maybe,3.0,3.0,3.0,3.0,210,disease_concern,40-49
1812,m01813,2016-09-19,56,male,stable,married,Grad,169.0,69.0,hanoi,24.15881797,yes,<12mo,<12mo,disease_concern,yes,no,no,yes,no,yes ,yes,yes,yes,yes,yes,yes,yes,yes,yes,yes,allsoon,3.0,4.0,3.0,4.0,3.0,selfstudy,quite,12m,med,yes,yes,3.0,2.0,3.0,2.0,210,disease_concern,>=50
1813,m01814,2016-09-16,28,female,stable,married,Grad,164.0,51.0,hanoi,18.96192742,yes,<12mo,<12mo,symptoms,yes,yes,no,yes,yes,yes ,no,yes,no,yes,yes,no,yes,yes,no,no,partly ,3.0,2.0,1.0,3.0,4.0,askrel,quite,6m,low,maybe,yes,3.0,2.0,3.0,1.0,30,disease_concern,18-29
1814,m01815,2016-09-21,20,female,student,unmarried,Grad,158.0,45.0,bacgiang,18.02595738,yes,<12mo,unknown,symptoms,yes,yes,no,no,yes,yes ,no,no,yes,yes,yes,no,yes,yes,no,no,allsoon,3.0,2.0,3.0,3.0,2.0,askrel,bad,6m,med,yes,yes,1.0,2.0,3.0,4.0,70,symptoms,18-29
1815,m01816,2016-09-20,47,female,stable,married,Grad,158.0,60.0,hanoi,24.03460984,yes,<12mo,<12mo,volunteer,no,no,no,no,yes,no,no,yes,no,never,yes,yes,yes,yes,no,yes,later,4.0,4.0,3.0,4.0,3.0,selfstudy,bad,12m,hi,maybe,maybe,2.0,3.0,2.0,2.0,unknown,disease_concern,40-49
1816,m01817,2016-09-24,27,male,stable,married,PostGrad,168.0,55.0,hanoi,19.48696145,yes,<12mo,<12mo,request,no,no,no,no,yes,yes ,yes,yes,yes,never,never,yes,yes,no,no,yes,allsoon,1.0,2.0,3.0,5.0,3.0,clinic,unknown,6m,low,yes,yes,4.0,3.0,3.0,5.0,unknown,symptoms,18-29
1817,m01818,2016-09-17,38,female,stable,married,Grad,162.0,53.0,hanoi,20.19509221,yes,<12mo,<12mo,symptoms,yes,yes,yes,yes,yes,yes ,yes,yes,yes,never,yes,yes,yes,yes,yes,no,partly ,4.0,4.0,3.0,4.0,4.0,askrel,quite,6m,low,yes,yes,3.0,3.0,4.0,5.0,150,symptoms,30-39
1818,m01819,2016-09-21,21,female,student,unmarried,Grad,168.0,54.0,hanoi,19.13265306,yes,<12mo,<12mo,volunteer,yes,no,no,no,no,yes ,no,yes,yes,never,never,yes,yes,yes,yes,yes,allsoon,5.0,5.0,5.0,5.0,5.0,clinic,bad,6m,med,maybe,maybe,3.0,3.0,3.0,3.0,180,disease_concern,18-29
1819,m01820,2016-09-19,32,female,stable,married,Grad,155.0,45.0,hanoi,18.73048907,yes,<12mo,<12mo,request,no,no,yes,yes,yes,no,no,yes,yes,never,never,yes,yes,yes,no,yes,allsoon,4.0,5.0,4.0,4.0,5.0,clinic,good,6m,hi,yes,yes,2.0,2.0,3.0,2.0,unknown,symptoms,30-39
1820,m01821,2016-09-22,19,female,student,unmarried,Grad,160.0,45.0,nghean,17.578125,yes,12-24mo,12-24mo,request,yes,yes,yes,no,no,no,yes,no,no,never,never,yes,yes,yes,no,yes,later,4.0,4.0,3.0,3.0,4.0,askrel,quite,12m,low,yes,yes,4.0,4.0,4.0,4.0,unknown,symptoms,18-29
1821,m01822,2016-09-26,20,male,stable,unmarried,Middle,166.0,65.0,hanoi,23.58832922,yes,<12mo,<12mo,symptoms,no,no,no,no,no,yes ,yes,yes,yes,yes,yes,yes,yes,yes,yes,yes,partly ,3.0,3.0,3.0,3.0,3.0,clinic,bad,6m,med,yes,yes,2.0,2.0,3.0,3.0,unknown,symptoms,18-29
1822,m01823,2016-09-26,41,female,stable,married,PostGrad,165.0,55.0,hanoi,20.2020202,yes,12-24mo,unknown,symptoms,yes,yes,yes,yes,yes,no,yes,no,no,yes,never,no,yes,yes,yes,yes,allsoon,5.0,5.0,5.0,5.0,5.0,selfstudy,quite,12m,low,maybe,maybe,5.0,5.0,5.0,5.0,30,disease_concern,40-49
1823,m01824,2016-09-26,28,female,stable,unmarried,Grad,150.0,44.0,hanoi,19.55555556,yes,<12mo,unknown,request,yes,yes,no,no,no,yes ,no,no,no,never,yes,yes,yes,yes,yes,no,allsoon,2.0,3.0,2.0,4.0,5.0,askrel,good,12m,low,maybe,no,2.0,3.0,2.0,4.0,300,symptoms,18-29
1824,m01825,2016-09-26,44,male,stable,married,Grad,170.0,67.0,hanoi,23.183391,yes,<12mo,<12mo,request,yes,no,no,no,no,no,no,no,yes,never,never,yes,no,no,yes,no,allsoon,3.0,3.0,3.0,4.0,4.0,clinic,good,6m,med,yes,yes,4.0,3.0,3.0,3.0,90,disease_concern,40-49
1825,m01826,2016-09-26,33,female,stable,married,Middle,155.0,54.0,hanoi,22.47658689,yes,<12mo,<12mo,request,yes,no,no,no,no,yes ,no,no,no,never,never,yes,yes,no,no,no,allsoon,3.0,3.0,4.0,4.0,5.0,clinic,bad,12m,med,maybe,yes,2.0,3.0,3.0,3.0,210,disease_concern,30-39
1826,m01827,2016-09-26,22,male,unstable,unmarried,Grad,169.0,56.0,hanoi,19.60715661,no,unknown,unknown,request,yes,no,no,yes,yes,yes ,yes,yes,yes,never,never,yes,no,yes,no,no,allsoon,2.0,2.0,4.0,1.0,1.0,askrel,unknown,6m,low,no,maybe,4.0,4.0,5.0,3.0,315,symptoms,18-29
1827,m01828,2016-09-29,33,female,stable,married,Grad,160.0,53.0,hanoi,20.703125,yes,<12mo,unknown,request,no,no,no,no,yes,yes ,yes,no,no,never,yes,yes,yes,yes,yes,yes,later,4.0,4.0,4.0,4.0,4.0,askrel,quite,6m,low,maybe,maybe,4.0,3.0,4.0,4.0,210,symptoms,30-39
1828,m01829,2016-09-27,33,male,stable,unmarried,Grad,162.0,55.0,hanoi,20.95717116,yes,<12mo,<12mo,symptoms,no,no,no,no,yes,yes ,yes,yes,yes,never,never,yes,yes,yes,yes,yes,allsoon,4.0,4.0,2.0,4.0,3.0,clinic,quite,12m,med,yes,yes,3.0,4.0,4.0,3.0,420,disease_concern,30-39
1829,m01830,2016-09-27,29,male,stable,married,Grad,173.0,70.0,hanoi,23.38868656,yes,<12mo,<12mo,request,no,yes,no,yes,no,yes ,yes,no,yes,never,never,yes,yes,yes,no,yes,allsoon,3.0,3.0,2.0,2.0,2.0,selfstudy,bad,12m,med,yes,maybe,4.0,3.0,2.0,1.0,unknown,symptoms,18-29
1830,m01831,2016-09-30,37,female,stable,married,Grad,152.0,52.0,hanoi,22.50692521,yes,<12mo,>24mo,request,no,no,yes,no,no,yes ,no,no,no,never,yes,yes,yes,yes,yes,yes,allsoon,3.0,3.0,3.0,2.0,3.0,askrel,bad,12m,hi,yes,yes,5.0,5.0,4.0,3.0,360,disease_concern,30-39
1831,m01832,2016-01-10,35,female,stable,married,Grad,160.0,54.0,hanoi,21.09375,yes,<12mo,<12mo,symptoms,yes,yes,yes,no,yes,yes ,yes,yes,yes,yes,yes,yes,yes,yes,yes,yes,allsoon,3.0,3.0,3.0,4.0,3.0,clinic,quite,6m,low,yes,maybe,2.0,2.0,3.0,2.0,unknown,symptoms,30-39
1832,m01833,2016-01-10,21,female,student,unmarried,Grad,158.0,47.0,hanoi,18.82711104,no,unknown,unknown,symptoms,yes,yes,yes,yes,yes,yes ,yes,yes,yes,never,never,no,yes,yes,no,yes,allsoon,5.0,5.0,5.0,5.0,5.0,askrel,good,g18m,low,yes,yes,5.0,5.0,5.0,5.0,30,symptoms,18-29
1833,m01834,2016-01-10,39,male,stable,married,Grad,164.0,64.0,hanoi,23.7953599,yes,<12mo,<12mo,request,no,no,no,yes,no,no,no,no,yes,never,never,yes,yes,yes,no,yes,allsoon,2.0,2.0,4.0,4.0,4.0,selfstudy,bad,12m,low,yes,yes,3.0,3.0,4.0,4.0,200,symptoms,30-39
1834,m01835,2016-01-10,55,male,stable,married,Grad,160.0,62.0,hanoi,24.21875,yes,<12mo,<12mo,request,no,no,no,no,yes,yes ,yes,yes,yes,never,yes,yes,yes,yes,yes,yes,allsoon,3.0,3.0,3.0,3.0,3.0,clinic,bad,12m,med,maybe,maybe,2.0,2.0,2.0,1.0,60,symptoms,>=50
1835,m01836,2016-01-10,24,male,student,unmarried,Grad,170.0,60.0,hanoi,20.76124567,no,unknown,unknown,symptoms,yes,yes,no,no,yes,yes ,no,yes,no,never,yes,yes,yes,yes,yes,yes,allsoon,1.0,2.0,1.0,3.0,1.0,clinic,quite,6m,low,no,maybe,2.0,1.0,2.0,3.0,420,disease_concern,18-29
1836,m01837,2016-09-30,22,male,stable,unmarried,Grad,168.0,54.0,hanoi,19.13265306,yes,unknown,<12mo,symptoms,yes,yes,no,yes,no,yes ,no,yes,no,never,never,yes,yes,yes,yes,yes,later,3.0,5.0,2.0,4.0,3.0,clinic,good,6m,low,maybe,maybe,3.0,1.0,4.0,2.0,unknown,symptoms,18-29
1837,m01838,2016-01-10,27,male,student,unmarried,Grad,170.0,60.0,hanoi,20.76124567,yes,unknown,unknown,symptoms,yes,yes,no,yes,yes,yes ,yes,no,no,never,never,yes,yes,no,yes,yes,allsoon,5.0,3.0,4.0,1.0,2.0,askrel,quite,12m,low,yes,yes,3.0,2.0,3.0,2.0,420,symptoms,18-29
1838,m01839,2016-01-10,37,female,stable,married,Grad,153.0,53.0,hanoi,22.64086462,yes,unknown,<12mo,request,no,yes,no,yes,yes,yes ,yes,no,no,never,yes,yes,yes,yes,yes,yes,allsoon,3.0,3.0,3.0,3.0,3.0,clinic,bad,6m,low,no,no,3.0,3.0,3.0,3.0,420,disease_concern,30-39
1839,m01840,2016-01-10,28,male,stable,unmarried,Grad,165.0,56.0,hanoi,20.56932966,yes,<12mo,<12mo,symptoms,yes,yes,no,no,no,yes ,yes,yes,yes,never,never,no,no,no,no,yes,allsoon,3.0,4.0,4.0,5.0,4.0,selfstudy,quite,6m,low,yes,yes,3.0,3.0,3.0,2.0,250,symptoms,18-29
1840,m01841,2016-09-30,37,male,stable,married,Middle,170.0,74.0,hanoi,25.60553633,yes,<12mo,<12mo,request,yes,no,no,no,no,yes ,no,no,no,never,yes,yes,yes,yes,yes,yes,allsoon,2.0,4.0,3.0,4.0,4.0,clinic,unknown,6m,med,yes,yes,2.0,2.0,3.0,3.0,unknown,symptoms,30-39
1841,m01842,2016-09-30,29,male,stable,married,Grad,178.0,78.0,hanoi,24.61810377,yes,<12mo,<12mo,request,no,no,no,no,yes,yes ,no,no,no,never,never,yes,yes,yes,yes,yes,allsoon,3.0,3.0,3.0,3.0,2.0,askrel,quite,12m,low,maybe,maybe,4.0,2.0,4.0,3.0,unknown,disease_concern,18-29
1842,m01843,2016-09-27,26,male,stable,married,Middle,171.0,62.0,hanoi,21.20310523,yes,unknown,unknown,symptoms,yes,no,no,no,no,yes ,no,no,no,never,never,yes,yes,no,no,no,allsoon,5.0,5.0,5.0,5.0,5.0,askrel,good,6m,low,maybe,maybe,5.0,5.0,5.0,5.0,unknown,symptoms,18-29
1843,m01844,2016-09-28,25,female,stable,unmarried,Grad,158.0,58.0,hanoi,23.23345618,yes,unknown,unknown,request,no,no,no,no,yes,no,no,no,yes,never,never,yes,yes,yes,yes,yes,later,4.0,4.0,4.0,3.0,2.0,clinic,bad,6m,low,maybe,maybe,4.0,4.0,4.0,4.0,350,symptoms,18-29
1844,m01845,2016-09-27,26,male,stable,married,Grad,171.0,70.0,haiduong,23.93898977,yes,<12mo,<12mo,symptoms,yes,yes,yes,yes,no,yes ,yes,no,yes,never,yes,no,yes,yes,yes,yes,allsoon,1.0,3.0,3.0,3.0,3.0,selfstudy,quite,6m,med,maybe,maybe,3.0,3.0,3.0,3.0,420,symptoms,18-29
1845,m01846,2016-09-27,39,male,stable,married,Middle,163.0,65.0,hanoi,24.4646016,yes,unknown,unknown,request,yes,no,no,no,no,yes ,no,no,no,never,never,yes,yes,no,no,no,allsoon,5.0,5.0,5.0,5.0,5.0,askrel,good,6m,low,maybe,maybe,5.0,5.0,5.0,5.0,unknown,symptoms,30-39
1846,m01847,2016-09-30,24,female,stable,unmarried,Grad,155.0,42.0,ninhbinh,17.4817898,yes,<12mo,<12mo,volunteer,no,no,no,no,yes,yes ,no,no,no,never,never,yes,yes,no,no,no,later,3.0,3.0,3.0,4.0,4.0,clinic,bad,6m,low,yes,maybe,2.0,2.0,3.0,3.0,unknown,symptoms,18-29
1847,m01848,2016-09-30,44,female,stable,married,Middle,171.0,65.0,hanoi,22.22906193,yes,unknown,<12mo,request,no,no,no,no,yes,yes ,no,no,yes,never,never,yes,yes,yes,yes,yes,allsoon,2.0,3.0,3.0,3.0,3.0,clinic,unknown,12m,low,no,maybe,2.0,2.0,3.0,3.0,unknown,symptoms,40-49
1848,m01849,2016-09-27,37,female,stable,married,Middle,158.0,53.0,hanoi,21.23057202,yes,12-24mo,<12mo,request,yes,yes,no,no,yes,yes ,yes,yes,no,yes,yes,yes,yes,no,yes,no,allsoon,2.0,2.0,1.0,3.0,1.0,askrel,quite,12m,low,maybe,maybe,2.0,1.0,2.0,2.0,210,symptoms,30-39
1849,m01850,2016-09-27,47,female,stable,married,Middle,167.0,70.0,hanoi,25.0995016,yes,<12mo,<12mo,request,yes,yes,yes,yes,yes,yes ,no,no,no,never,never,no,yes,yes,yes,yes,later,5.0,4.0,5.0,4.0,3.0,clinic,good,6m,low,yes,yes,5.0,4.0,4.0,5.0,unknown,disease_concern,40-49
1850,m01851,2016-09-27,26,male,stable,married,Grad,173.0,63.0,hanoi,21.0498179,yes,<12mo,<12mo,request,yes,yes,yes,yes,yes,yes ,no,no,no,never,never,yes,no,no,no,no,allsoon,4.0,4.0,4.0,4.0,3.0,clinic,good,6m,low,maybe,maybe,3.0,4.0,3.0,4.0,unknown,symptoms,18-29
1851,m01852,2016-09-27,28,female,stable,married,Grad,156.0,52.0,hanoi,21.36752137,yes,unknown,unknown,symptoms,no,no,yes,no,no,yes ,yes,yes,yes,yes,yes,yes,yes,yes,yes,yes,partly ,5.0,4.0,4.0,4.0,3.0,askrel,unknown,12m,med,yes,yes,5.0,4.0,4.0,4.0,250,symptoms,18-29
1852,m01853,2016-09-27,34,male,stable,married,Middle,163.0,70.0,hanoi,26.34649403,yes,unknown,unknown,request,yes,yes,no,yes,no,yes ,yes,yes,no,never,never,yes,yes,yes,yes,no,allsoon,3.0,2.0,2.0,3.0,2.0,clinic,unknown,6m,low,yes,yes,3.0,2.0,3.0,2.0,unknown,symptoms,30-39
1853,m01854,2016-09-27,31,male,stable,married,Middle,170.0,80.0,hanoi,27.6816609,yes,<12mo,<12mo,request,no,no,no,no,yes,no,yes,no,no,never,yes,no,yes,no,no,no,allsoon,4.0,3.0,4.0,4.0,4.0,clinic,quite,6m,hi,maybe,maybe,3.0,4.0,4.0,4.0,420,disease_concern,30-39
1854,m01855,2016-09-27,25,male,student,unmarried,Grad,168.0,78.0,hanoi,27.63605442,yes,<12mo,<12mo,request,no,no,no,no,yes,no,yes,no,no,never,yes,no,yes,no,no,no,allsoon,4.0,3.0,4.0,4.0,4.0,clinic,quite,6m,hi,maybe,maybe,3.0,4.0,4.0,4.0,420,disease_concern,18-29
1855,m01856,2016-09-27,44,male,stable,married,Middle,168.0,64.0,hanoi,22.67573696,yes,<12mo,<12mo,request,no,no,no,no,yes,no,yes,no,no,yes,never,no,yes,no,no,no,allsoon,4.0,3.0,3.0,4.0,4.0,clinic,bad,6m,hi,maybe,yes,3.0,3.0,4.0,3.0,420,disease_concern,40-49
1856,m01857,2016-09-27,26,male,stable,married,High,172.0,85.0,hanoi,28.73174689,yes,<12mo,<12mo,request,no,no,no,no,no,yes ,yes,yes,yes,never,never,yes,no,no,yes,yes,allsoon,3.0,3.0,3.0,3.0,3.0,clinic,good,6m,hi,no,no,3.0,3.0,3.0,3.0,unknown,disease_concern,18-29
1857,m01858,2016-09-27,37,male,stable,married,Middle,162.0,59.0,hanoi,22.48132907,yes,<12mo,<12mo,volunteer,no,no,no,no,no,yes ,yes,yes,yes,yes,yes,yes,no,no,yes,no,allsoon,3.0,3.0,3.0,3.0,3.0,clinic,good,6m,hi,no,no,3.0,3.0,3.0,3.0,unknown,disease_concern,30-39
1858,m01859,2016-09-27,26,male,stable,unmarried,Middle,175.0,75.0,thaibinh,24.48979592,no,<12mo,<12mo,volunteer,no,no,no,no,yes,no,no,no,no,never,never,yes,no,no,yes,no,later,3.0,3.0,3.0,3.0,5.0,clinic,good,12m,low,maybe,maybe,3.0,3.0,3.0,3.0,unknown,disease_concern,18-29
1859,m01860,2016-09-28,26,female,stable,married,Grad,164.0,43.0,hanoi,15.98750744,yes,<12mo,unknown,disease_concern,no,no,no,no,yes,yes ,no,no,yes,never,never,yes,yes,yes,yes,yes,later,3.0,4.0,3.0,3.0,4.0,clinic,quite,12m,low,yes,yes,4.0,4.0,3.0,4.0,300,symptoms,18-29
1860,m01861,2016-09-28,33,female,stable,married,Grad,160.0,51.0,hanoi,19.921875,yes,<12mo,<12mo,request,yes,yes,no,yes,yes,yes ,yes,yes,no,never,never,yes,yes,yes,no,yes,allsoon,3.0,3.0,3.0,2.0,2.0,selfstudy,quite,12m,med,yes,maybe,3.0,2.0,3.0,3.0,unknown,symptoms,30-39
1861,m01862,2016-09-29,26,male,stable,unmarried,Grad,173.0,70.0,hanoi,23.38868656,yes,<12mo,<12mo,request,yes,yes,yes,yes,yes,yes ,yes,no,no,never,never,yes,yes,no,no,no,allsoon,3.0,3.0,3.0,3.0,3.0,clinic,quite,12m,low,yes,yes,3.0,3.0,3.0,3.0,unknown,disease_concern,18-29
1862,m01863,2016-09-28,28,female,stable,married,PostGrad,156.0,48.0,hanoi,19.72386588,yes,<12mo,<12mo,volunteer,yes,yes,no,no,yes,yes ,yes,no,yes,never,never,yes,yes,yes,yes,no,allsoon,3.0,4.0,3.0,4.0,4.0,clinic,bad,6m,low,maybe,maybe,3.0,3.0,3.0,3.0,unknown,symptoms,18-29
1863,m01864,2016-09-28,39,female,stable,married,Grad,156.0,60.0,hanoi,24.65483235,yes,>24mo,>24mo,volunteer,yes,no,no,no,yes,yes ,yes,no,no,never,never,yes,yes,no,yes,yes,allsoon,3.0,4.0,3.0,4.0,4.0,clinic,quite,6m,low,maybe,maybe,3.0,3.0,3.0,3.0,unknown,symptoms,30-39
1864,m01865,2016-09-28,31,female,stable,married,Grad,158.0,49.0,hanoi,19.6282647,yes,<12mo,<12mo,request,yes,no,no,no,yes,no,no,yes,no,never,never,yes,yes,no,yes,no,allsoon,3.0,3.0,3.0,3.0,3.0,clinic,unknown,12m,low,maybe,maybe,2.0,2.0,2.0,2.0,30,symptoms,30-39
1865,m01866,2016-09-28,27,male,stable,married,Middle,172.0,65.0,hanoi,21.97133586,yes,12-24mo,<12mo,request,yes,yes,no,no,no,yes ,no,yes,no,never,never,yes,yes,yes,yes,no,later,1.0,2.0,1.0,2.0,2.0,clinic,unknown,6m,low,yes,yes,1.0,1.0,1.0,2.0,unknown,symptoms,18-29
1866,m01867,2016-09-28,25,female,stable,married,Grad,158.0,44.0,hanoi,17.62538055,yes,<12mo,<12mo,volunteer,yes,no,no,no,no,yes ,yes,yes,yes,yes,never,yes,yes,yes,yes,yes,allsoon,3.0,3.0,2.0,2.0,1.0,clinic,unknown,6m,low,yes,yes,1.0,2.0,2.0,2.0,unknown,symptoms,18-29
1867,m01868,2016-09-28,26,female,stable,unmarried,Grad,155.0,46.0,hanoi,19.14672216,yes,<12mo,unknown,request,no,yes,yes,no,no,yes ,yes,no,no,never,never,yes,yes,no,yes,yes,allsoon,1.0,1.0,1.0,1.0,1.0,selfstudy,quite,6m,low,yes,yes,1.0,1.0,1.0,1.0,420,symptoms,18-29
1868,m01869,2016-09-28,27,male,stable,married,Grad,175.0,77.0,hanoi,25.14285714,yes,<12mo,<12mo,request,yes,no,no,no,no,no,yes,no,no,never,never,yes,yes,yes,yes,yes,allsoon,3.0,3.0,3.0,2.0,3.0,selfstudy,good,6m,med,yes,yes,5.0,1.0,1.0,2.0,unknown,symptoms,18-29
1869,m01870,2016-09-28,29,female,stable,married,Grad,156.0,49.0,hanoi,20.13477975,yes,<12mo,unknown,symptoms,yes,yes,no,yes,no,yes ,no,no,yes,yes,yes,no,yes,no,yes,no,partly ,3.0,3.0,5.0,3.0,4.0,clinic,bad,12m,med,maybe,maybe,2.0,3.0,3.0,2.0,unknown,symptoms,18-29
1870,m01871,2016-09-28,23,female,stable,unmarried,Grad,163.0,45.0,hanoi,16.93703188,yes,<12mo,<12mo,request,yes,no,yes,no,no,yes ,yes,no,no,never,never,yes,no,yes,yes,yes,allsoon,2.0,3.0,3.0,3.0,1.0,askrel,quite,6m,low,yes,yes,3.0,3.0,3.0,3.0,unknown,symptoms,18-29
1871,m01872,2016-09-28,25,female,stable,unmarried,Grad,161.0,49.0,hanoi,18.90359168,yes,unknown,unknown,volunteer,no,no,yes,no,no,yes ,no,no,no,never,never,yes,yes,no,no,no,allsoon,2.0,3.0,3.0,3.0,3.0,selfstudy,unknown,6m,low,yes,maybe,1.0,2.0,3.0,4.0,30,symptoms,18-29
1872,m01873,2016-09-28,27,male,stable,married,Grad,174.0,66.0,hanoi,21.79944511,yes,<12mo,<12mo,request,yes,no,no,no,no,yes ,no,no,no,never,never,yes,no,no,no,yes,later,3.0,2.0,3.0,2.0,3.0,clinic,quite,12m,low,yes,yes,2.0,1.0,2.0,2.0,300,symptoms,18-29
1873,m01874,2016-09-28,28,female,stable,married,Grad,150.0,40.0,hanoi,17.77777778,yes,<12mo,>24mo,symptoms,no,yes,no,yes,yes,yes ,no,no,yes,never,never,yes,yes,no,no,yes,allsoon,2.0,3.0,1.0,4.0,1.0,clinic,quite,12m,low,no,no,5.0,2.0,2.0,2.0,240,disease_concern,18-29
1874,m01875,2016-09-27,25,male,stable,unmarried,Middle,165.0,65.0,hanoi,23.87511478,yes,<12mo,<12mo,request,no,no,no,no,yes,no,yes,no,no,never,never,yes,yes,no,no,no,allsoon,5.0,5.0,5.0,5.0,5.0,clinic,quite,6m,hi,maybe,maybe,5.0,5.0,5.0,5.0,420,disease_concern,18-29
1875,m01876,2016-09-27,22,male,student,unmarried,Middle,168.0,65.0,hanoi,23.03004535,yes,<12mo,<12mo,request,yes,yes,yes,yes,yes,yes ,no,yes,no,never,never,yes,yes,no,no,no,allsoon,5.0,5.0,5.0,5.0,5.0,clinic,quite,6m,hi,maybe,maybe,5.0,5.0,5.0,5.0,420,disease_concern,18-29
1876,m01877,2016-09-30,26,female,stable,married,Middle,159.0,41.0,hanoi,16.21771291,no,<12mo,12-24mo,request,yes,no,no,no,no,yes ,no,no,yes,never,never,yes,yes,yes,no,yes,partly ,2.0,3.0,3.0,3.0,1.0,clinic,bad,6m,low,yes,maybe,3.0,5.0,5.0,4.0,210,symptoms,18-29
1877,m01878,2016-09-30,23,female,stable,unmarried,Middle,163.0,56.0,hanoi,21.07719523,yes,<12mo,<12mo,request,yes,no,no,yes,yes,yes ,no,no,no,never,yes,yes,yes,yes,yes,no,allsoon,3.0,3.0,2.0,3.0,4.0,askrel,quite,12m,med,maybe,maybe,5.0,3.0,4.0,5.0,30,symptoms,18-29
1878,m01879,2016-09-30,22,female,other,unmarried,Grad,152.0,40.0,hanoi,17.31301939,no,<12mo,<12mo,volunteer,no,no,no,no,yes,yes ,no,yes,yes,never,never,yes,yes,yes,yes,yes,partly ,4.0,5.0,5.0,3.0,4.0,selfstudy,quite,6m,low,maybe,yes,5.0,4.0,5.0,5.0,180,symptoms,18-29
1879,m01880,2016-09-30,25,female,stable,married,Grad,163.0,56.0,hanoi,21.07719523,yes,<12mo,<12mo,request,yes,no,no,no,no,no,yes,no,no,never,never,yes,yes,no,no,no,allsoon,4.0,4.0,5.0,5.0,5.0,clinic,quite,6m,low,yes,yes,3.0,2.0,2.0,2.0,210,symptoms,18-29
1880,m01881,2016-09-30,26,female,stable,married,Middle,158.0,49.0,hanoi,19.6282647,yes,<12mo,<12mo,request,yes,no,no,no,no,no,yes,no,no,never,never,yes,yes,no,no,no,allsoon,4.0,4.0,5.0,5.0,5.0,clinic,quite,6m,low,yes,yes,3.0,2.0,2.0,2.0,210,symptoms,18-29
1881,m01882,2016-09-27,25,male,stable,unmarried,Middle,178.0,75.0,hanoi,23.67125363,no,unknown,<12mo,request,no,no,no,no,yes,yes ,no,no,no,never,yes,yes,no,yes,yes,no,partly ,4.0,4.0,4.0,4.0,4.0,clinic,quite,6m,low,yes,maybe,4.0,3.0,4.0,3.0,315,disease_concern,18-29
1882,m01883,2016-09-27,30,male,stable,married,Grad,170.0,65.0,hanoi,22.49134948,yes,<12mo,<12mo,request,no,no,no,no,yes,yes ,yes,yes,yes,never,yes,yes,yes,yes,yes,yes,later,4.0,4.0,4.0,4.0,4.0,clinic,quite,12m,med,yes,maybe,4.0,4.0,4.0,4.0,420,symptoms,30-39
1883,m01884,2016-09-27,32,female,stable,unmarried,Grad,155.0,42.0,hanoi,17.4817898,yes,<12mo,<12mo,request,yes,yes,no,yes,yes,yes ,yes,yes,yes,never,yes,yes,no,no,no,no,allsoon,3.5,3.0,4.0,2.0,3.0,askrel,unknown,12m,med,maybe,maybe,3.0,2.0,2.0,2.0,200,symptoms,30-39
1884,m01885,2016-09-27,32,female,stable,married,Grad,156.0,51.0,hanoi,20.9566075,yes,<12mo,<12mo,request,yes,yes,no,no,no,yes ,yes,yes,no,yes,yes,yes,yes,yes,yes,no,partly ,2.0,2.0,3.0,3.0,2.0,clinic,quite,12m,low,maybe,maybe,3.0,2.0,4.0,2.0,unknown,symptoms,30-39
1885,m01886,2016-09-27,25,female,unstable,married,Grad,155.0,42.0,hanoi,17.4817898,no,>24mo,>24mo,volunteer,no,no,no,no,yes,yes ,no,no,yes,yes,never,yes,yes,no,yes,no,partly ,2.0,3.0,2.0,3.0,3.0,clinic,good,12m,low,maybe,maybe,3.0,4.0,2.0,3.0,90,disease_concern,18-29
1886,m01887,2016-09-27,46,female,stable,married,Middle,153.0,52.0,hanoi,22.2136785,yes,<12mo,<12mo,request,yes,no,no,no,no,yes ,no,no,no,never,never,yes,yes,no,no,no,allsoon,3.0,2.0,3.0,3.0,3.0,clinic,bad,12m,low,maybe,yes,3.0,3.0,3.0,3.0,210,disease_concern,40-49
1887,m01888,2016-09-19,27,female,stable,married,Grad,152.0,60.0,hanoi,25.96952909,yes,<12mo,<12mo,symptoms,yes,no,no,yes,yes,yes ,yes,yes,yes,never,never,yes,yes,yes,no,yes,allsoon,3.0,3.0,3.0,2.0,4.0,selfstudy,good,12m,low,yes,maybe,3.0,3.0,3.0,3.0,180,symptoms,18-29
1888,m01889,2016-09-19,22,female,student,unmarried,Grad,157.0,53.0,hanoi,21.50188649,no,<12mo,>24mo,request,no,no,no,no,yes,yes ,no,no,no,never,never,yes,no,yes,no,no,partly ,4.0,5.0,4.0,3.0,3.0,selfstudy,bad,g18m,med,yes,maybe,3.0,4.0,4.0,3.0,unknown,symptoms,18-29
1889,m01890,2016-09-30,22,male,other,unmarried,Middle,167.0,66.0,hanoi,23.66524436,no,<12mo,unknown,request,yes,no,no,no,yes,yes ,no,yes,no,never,never,yes,yes,yes,yes,no,later,4.0,2.0,5.0,4.0,3.0,clinic,bad,6m,med,yes,yes,3.0,2.0,3.0,4.0,unknown,symptoms,18-29
1890,m01891,2016-09-30,40,male,stable,married,Grad,175.0,70.0,hanoi,22.85714286,yes,<12mo,<12mo,symptoms,no,yes,yes,no,no,yes ,yes,no,no,never,never,yes,yes,no,no,no,allsoon,3.0,2.0,1.0,3.0,2.0,clinic,quite,6m,hi,maybe,maybe,3.0,3.0,1.0,2.0,420,symptoms,40-49
1891,m01892,2016-09-30,21,female,student,unmarried,Grad,163.0,52.0,hanoi,19.57168128,no,unknown,<12mo,volunteer,yes,yes,yes,no,yes,yes ,yes,no,yes,never,never,yes,yes,yes,yes,no,partly ,2.0,2.0,1.0,3.0,2.0,askrel,quite,18m,low,yes,maybe,1.0,1.0,2.0,2.0,unknown,symptoms,18-29
1892,m01893,2016-10-01,29,male,stable,married,Grad,165.0,60.0,hanoi,22.03856749,yes,<12mo,<12mo,symptoms,yes,yes,yes,no,yes,yes ,yes,yes,yes,never,yes,yes,yes,yes,yes,yes,allsoon,4.0,4.0,4.0,4.0,4.0,clinic,quite,6m,low,yes,yes,4.0,4.0,4.0,4.0,60,disease_concern,18-29
1893,m01894,2016-10-03,29,male,stable,married,Middle,168.0,55.0,hanoi,19.48696145,yes,<12mo,<12mo,request,no,no,no,no,yes,yes ,yes,yes,yes,never,never,yes,yes,yes,yes,yes,allsoon,4.0,4.0,4.0,4.0,5.0,clinic,quite,6m,low,yes,maybe,5.0,4.0,4.0,4.0,420,symptoms,18-29
1894,m01895,2016-10-03,40,female,stable,married,Middle,162.0,58.0,hanoi,22.10028959,yes,<12mo,<12mo,symptoms,yes,no,no,no,no,yes ,no,no,no,never,never,yes,yes,no,no,no,allsoon,3.0,3.0,5.0,2.0,4.0,clinic,bad,6m,low,yes,maybe,3.0,3.0,4.0,5.0,unknown,symptoms,40-49
1895,m01896,2016-10-03,35,female,stable,married,Grad,153.0,48.0,hanoi,20.504934,yes,<12mo,<12mo,symptoms,yes,no,no,no,no,yes ,no,no,no,never,never,yes,yes,no,no,no,allsoon,2.0,3.0,3.0,2.0,1.0,clinic,bad,6m,low,yes,maybe,5.0,2.0,4.0,5.0,unknown,symptoms,30-39
1896,m01897,2016-10-03,29,male,stable,married,Grad,172.0,74.0,hanoi,25.01352082,yes,<12mo,<12mo,volunteer,yes,no,no,yes,no,yes ,no,yes,yes,never,yes,yes,yes,no,yes,yes,allsoon,2.0,3.0,3.0,3.0,5.0,clinic,quite,6m,med,yes,yes,2.0,3.0,4.0,5.0,unknown,symptoms,18-29
1897,m01898,2016-10-03,37,male,stable,unmarried,Grad,166.0,62.0,hanoi,22.4996371,yes,<12mo,<12mo,request,no,no,no,yes,yes,yes ,yes,yes,no,never,never,yes,no,no,no,no,allsoon,3.0,2.0,2.0,3.0,3.0,selfstudy,bad,6m,low,maybe,maybe,2.0,3.0,3.0,3.0,unknown,symptoms,30-39
1898,m01899,2016-10-03,36,male,stable,married,Middle,162.0,65.0,hanoi,24.76756592,yes,<12mo,<12mo,request,yes,yes,yes,yes,yes,yes ,no,no,yes,never,never,yes,no,yes,yes,yes,allsoon,4.0,4.0,4.0,4.0,4.0,clinic,unknown,g18m,low,yes,yes,4.0,4.0,4.0,4.0,500,symptoms,30-39
1899,m01900,2016-10-03,29,male,stable,married,Grad,171.0,65.0,hanoi,22.22906193,yes,<12mo,<12mo,volunteer,yes,no,no,yes,no,yes ,no,yes,yes,never,yes,yes,yes,no,yes,yes,allsoon,2.0,3.0,3.0,5.0,5.0,clinic,quite,6m,med,yes,yes,2.0,3.0,4.0,5.0,unknown,symptoms,18-29
1900,m01901,2016-10-03,45,male,stable,married,Middle,166.0,58.0,hanoi,21.04804761,yes,<12mo,<12mo,symptoms,no,no,no,no,no,yes ,yes,yes,no,never,never,yes,yes,yes,yes,yes,allsoon,5.0,5.0,5.0,5.0,5.0,clinic,good,6m,low,yes,yes,5.0,5.0,5.0,5.0,180,symptoms,40-49
1901,m01902,2016-10-03,30,male,stable,unmarried,Middle,168.0,60.0,hanoi,21.2585034,yes,12-24mo,unknown,request,no,yes,no,yes,yes,yes ,yes,no,yes,never,yes,yes,yes,no,no,no,later,4.0,4.0,4.0,3.0,4.0,clinic,unknown,12m,low,no,maybe,3.0,3.0,3.0,3.0,120,symptoms,30-39
1902,m01903,2016-10-03,37,male,stable,married,Middle,174.0,65.0,hanoi,21.46915048,yes,<12mo,<12mo,request,no,yes,no,yes,no,yes ,yes,no,yes,never,never,no,yes,yes,no,no,allsoon,2.0,2.0,3.0,2.0,3.0,askrel,unknown,6m,low,no,maybe,2.0,2.0,1.0,1.0,150,symptoms,30-39
1903,m01904,2016-10-03,34,female,unstable,married,Grad,160.0,54.0,hanoi,21.09375,no,unknown,unknown,symptoms,no,yes,yes,no,no,yes ,no,no,no,never,yes,yes,no,no,yes,yes,partly ,3.0,4.0,3.0,4.0,3.0,clinic,quite,g18m,low,maybe,maybe,4.0,3.0,3.0,3.0,unknown,symptoms,30-39
1904,m01905,2016-10-03,53,male,retirer,married,Grad,160.0,58.0,hanoi,22.65625,yes,<12mo,<12mo,volunteer,no,no,no,no,no,yes ,no,no,yes,never,yes,no,yes,no,yes,no,allsoon,4.0,4.0,3.0,4.0,5.0,clinic,unknown,6m,hi,maybe,maybe,3.0,3.0,3.0,4.0,210,disease_concern,>=50
1905,m01906,2016-10-03,41,female,stable,married,Grad,150.0,50.0,hanoi,22.22222222,yes,<12mo,<12mo,volunteer,no,no,no,no,no,yes ,no,yes,yes,never,never,yes,yes,yes,yes,yes,allsoon,4.0,5.0,4.0,5.0,4.0,clinic,quite,6m,med,yes,yes,5.0,3.0,3.0,4.0,210,disease_concern,40-49
1906,m01907,2016-09-24,25,male,other,married,Middle,172.0,74.0,hanoi,25.01352082,yes,<12mo,<12mo,symptoms,no,yes,no,no,no,no,no,no,no,never,never,yes,yes,yes,yes,yes,allsoon,3.0,4.0,2.0,3.0,4.0,selfstudy,bad,6m,med,no,yes,3.0,1.0,1.0,1.0,420,disease_concern,18-29
1907,m01908,2016-09-24,31,female,stable,married,Grad,153.0,60.0,hanoi,25.6311675,yes,<12mo,<12mo,request,no,no,no,no,yes,no,no,no,no,never,never,yes,no,yes,no,no,later,4.0,2.0,5.0,4.0,5.0,selfstudy,quite,6m,med,yes,yes,4.0,3.0,3.0,3.0,210,symptoms,30-39
1908,m01909,2016-09-26,36,male,stable,married,Grad,173.0,75.0,hanoi,25.05930703,no,<12mo,<12mo,request,yes,no,no,no,yes,yes ,yes,no,no,never,never,yes,yes,yes,no,yes,allsoon,3.0,2.0,3.0,2.0,2.0,clinic,quite,6m,hi,yes,yes,3.0,3.0,2.0,3.0,unknown,disease_concern,30-39
1909,m01910,2016-09-27,37,male,stable,married,Grad,170.0,60.0,hanoi,20.76124567,yes,unknown,<12mo,request,no,no,no,no,yes,yes ,yes,yes,yes,never,never,yes,yes,yes,no,yes,allsoon,4.0,4.0,4.0,3.0,2.0,clinic,unknown,6m,low,yes,yes,2.0,2.0,2.0,3.0,unknown,symptoms,30-39
1910,m01911,2016-09-27,32,male,stable,married,Grad,162.0,70.0,hanoi,26.6727633,yes,<12mo,<12mo,request,no,no,yes,no,yes,yes ,yes,no,no,never,never,yes,no,yes,yes,yes,allsoon,3.0,2.0,3.0,3.0,2.0,clinic,quite,12m,hi,yes,yes,2.0,2.0,3.0,2.0,unknown,symptoms,30-39
1911,m01912,2016-09-27,35,male,stable,married,Grad,170.0,73.0,hanoi,25.25951557,yes,12-24mo,12-24mo,request,yes,no,no,no,yes,yes ,yes,no,no,never,never,yes,no,no,no,no,partly ,2.0,3.0,2.0,2.0,2.0,selfstudy,quite,12m,med,yes,yes,2.0,2.0,3.0,3.0,unknown,disease_concern,30-39
1912,m01913,2016-09-27,25,female,stable,married,Grad,160.0,46.0,hanoi,17.96875,yes,<12mo,<12mo,volunteer,yes,yes,yes,no,no,yes ,yes,yes,yes,never,never,yes,yes,yes,no,yes,allsoon,4.0,3.0,2.0,4.0,4.0,selfstudy,quite,12m,low,yes,maybe,2.0,2.0,1.0,2.0,210,symptoms,18-29
1913,m01914,2016-09-27,32,male,stable,married,Grad,174.0,78.0,hanoi,25.76298058,yes,<12mo,12-24mo,request,yes,no,yes,yes,yes,yes ,no,no,no,never,never,yes,no,no,no,no,partly ,2.0,2.0,2.0,3.0,2.0,askrel,quite,12m,med,yes,yes,3.0,2.0,3.0,1.0,unknown,disease_concern,30-39
1914,m01915,2016-09-27,26,female,stable,unmarried,Grad,163.0,44.0,hochiminh,16.56065339,yes,<12mo,<12mo,request,no,no,no,yes,no,yes ,yes,yes,yes,never,never,yes,yes,yes,no,yes,allsoon,2.0,4.0,3.0,3.0,3.0,selfstudy,unknown,12m,med,maybe,maybe,2.0,2.0,2.0,2.0,unknown,symptoms,18-29
1915,m01916,2016-09-27,26,female,stable,married,Grad,158.0,47.0,hanoi,18.82711104,yes,<12mo,<12mo,request,yes,no,no,yes,yes,yes ,yes,yes,yes,never,never,yes,yes,yes,no,yes,allsoon,4.0,2.0,2.0,2.0,1.0,selfstudy,good,12m,low,maybe,maybe,4.0,3.0,1.0,4.0,210,symptoms,18-29
1916,m01917,2016-09-27,34,female,stable,married,Grad,147.0,50.0,hanoi,23.1385071,yes,<12mo,<12mo,request,yes,yes,no,yes,no,yes ,yes,no,no,never,never,yes,yes,no,no,yes,partly ,3.0,2.0,4.0,3.0,4.0,clinic,bad,6m,low,maybe,maybe,3.0,2.0,3.0,3.0,240,symptoms,30-39
1917,m01918,2016-09-27,38,female,stable,married,Grad,154.0,48.0,hanoi,20.23950076,yes,<12mo,<12mo,request,yes,yes,no,no,yes,yes ,yes,no,no,never,never,yes,yes,yes,yes,no,later,3.0,3.5,4.0,3.5,4.0,clinic,bad,12m,med,maybe,maybe,2.0,2.0,2.0,2.0,100,symptoms,30-39
1918,m01919,2016-09-26,26,male,stable,unmarried,Grad,170.0,83.0,hanoi,28.71972318,yes,<12mo,<12mo,request,no,yes,no,no,yes,yes ,yes,no,no,yes,yes,yes,yes,yes,yes,yes,partly ,4.0,4.0,4.0,4.0,4.0,askrel,quite,12m,low,maybe,maybe,4.0,4.0,4.0,4.0,180,symptoms,18-29
1919,m01920,2016-09-28,35,female,stable,married,Grad,160.0,51.0,hanoi,19.921875,yes,>24mo,<12mo,request,yes,yes,no,yes,yes,yes ,yes,yes,yes,never,never,yes,yes,yes,no,no,allsoon,3.0,3.0,2.0,2.0,3.0,askrel,bad,12m,hi,yes,yes,1.0,1.0,1.0,1.0,210,disease_concern,30-39
1920,m01921,2016-09-27,29,female,stable,married,PostGrad,160.0,50.0,hanoi,19.53125,yes,>24mo,<12mo,request,yes,no,yes,yes,yes,yes ,yes,yes,yes,never,never,yes,yes,yes,no,no,allsoon,3.0,3.0,2.0,2.0,3.0,askrel,bad,12m,hi,yes,yes,1.0,1.0,1.0,1.0,210,disease_concern,18-29
1921,m01922,2016-09-27,33,male,stable,married,Grad,164.0,60.0,hanoi,22.30814991,yes,<12mo,<12mo,request,yes,no,no,yes,yes,yes ,yes,no,no,never,never,yes,yes,yes,no,yes,allsoon,5.0,5.0,5.0,5.0,5.0,askrel,good,12m,low,maybe,maybe,5.0,5.0,5.0,5.0,unknown,symptoms,30-39
1922,m01923,2016-09-27,26,male,stable,unmarried,Grad,168.0,60.0,hanoi,21.2585034,yes,<12mo,<12mo,request,no,no,no,yes,no,yes ,yes,no,yes,never,never,yes,no,yes,no,no,allsoon,4.0,4.0,4.0,4.0,4.0,clinic,quite,6m,med,yes,maybe,2.0,2.0,4.0,4.0,unknown,symptoms,18-29
1923,m01924,2016-09-26,26,male,stable,unmarried,Grad,179.0,74.0,namdinh,23.09540901,yes,<12mo,<12mo,request,yes,yes,no,yes,no,yes ,yes,no,no,never,never,yes,no,yes,no,no,allsoon,4.0,4.0,4.0,4.0,4.0,clinic,quite,6m,med,yes,maybe,2.0,2.0,4.0,4.0,unknown,symptoms,18-29
1924,m01925,2016-09-25,28,male,stable,married,Grad,184.0,83.0,hanoi,24.51559546,yes,<12mo,<12mo,request,no,no,no,no,no,yes ,yes,yes,yes,never,never,yes,yes,yes,no,yes,allsoon,4.0,4.0,4.0,4.0,4.0,clinic,quite,12m,med,yes,yes,2.0,3.0,2.0,2.0,180,disease_concern,18-29
1925,m01926,2016-09-27,26,male,stable,unmarried,PostGrad,161.5,56.0,hanoi,21.47054031,yes,<12mo,<12mo,request,no,no,no,no,no,yes ,yes,yes,yes,never,never,yes,yes,yes,no,yes,allsoon,3.0,3.0,4.0,3.0,4.0,clinic,quite,12m,med,yes,yes,2.0,3.0,2.0,2.0,260,disease_concern,18-29
1926,m01927,2016-09-26,32,female,stable,married,PostGrad,174.0,74.0,hanoi,24.44180209,yes,<12mo,<12mo,request,no,no,no,no,no,yes ,no,no,yes,never,never,yes,yes,yes,no,yes,allsoon,4.0,4.0,4.0,4.0,4.0,clinic,good,6m,hi,yes,yes,3.0,2.0,2.0,1.0,210,disease_concern,30-39
1927,m01928,2016-09-27,30,male,stable,married,Grad,162.0,50.0,hanoi,19.05197378,yes,<12mo,<12mo,volunteer,no,no,yes,yes,no,yes ,yes,yes,yes,never,yes,yes,yes,yes,yes,yes,allsoon,4.0,4.0,4.0,4.0,4.0,clinic,good,12m,low,yes,yes,4.0,4.0,4.0,4.0,420,disease_concern,30-39
1928,m01929,2016-09-27,44,male,stable,married,Grad,172.0,64.0,hanoi,21.63331531,yes,<12mo,12-24mo,request,yes,no,no,no,yes,yes ,no,no,no,never,never,yes,yes,yes,yes,no,allsoon,4.0,3.0,4.0,3.0,3.0,selfstudy,bad,12m,med,yes,yes,3.0,2.0,2.0,3.0,unknown,symptoms,40-49
1929,m01930,2016-09-30,41,female,stable,married,Grad,153.0,54.0,hanoi,23.06805075,yes,12-24mo,12-24mo,request,no,no,no,yes,no,no,yes,no,no,yes,never,no,yes,no,no,no,allsoon,4.0,5.0,2.0,3.0,1.0,clinic,quite,12m,med,maybe,maybe,1.0,2.0,4.0,3.0,unknown,symptoms,40-49
1930,m01931,2016-09-28,33,female,stable,married,Grad,161.0,53.0,hanoi,20.44674202,yes,<12mo,<12mo,request,no,yes,yes,no,no,no,yes,no,no,never,yes,yes,yes,yes,yes,no,allsoon,2.0,3.0,1.0,5.0,4.0,clinic,quite,12m,med,maybe,maybe,1.0,1.0,2.0,1.0,unknown,disease_concern,30-39
1931,m01932,2016-09-30,29,male,stable,married,Middle,174.0,70.0,hanoi,23.1206236,yes,<12mo,<12mo,request,yes,yes,yes,no,yes,yes ,yes,no,no,never,never,yes,yes,yes,no,no,allsoon,3.0,2.5,2.0,1.0,1.5,clinic,good,6m,low,yes,yes,5.0,3.0,2.0,1.0,120,symptoms,18-29
1932,m01933,2016-10-03,29,male,stable,married,Grad,170.0,86.0,hanoi,29.75778547,yes,12-24mo,<12mo,request,yes,no,yes,no,yes,yes ,no,yes,no,never,never,yes,yes,yes,no,no,later,3.0,3.0,1.5,1.0,2.5,clinic,good,6m,low,yes,yes,5.0,4.0,3.0,1.0,120,symptoms,18-29
1933,m01934,2016-09-27,24,male,unstable,unmarried,PostGrad,171.0,61.0,hanoi,20.86111966,no,<12mo,unknown,request,no,no,no,no,yes,yes ,no,no,no,never,never,yes,yes,yes,no,no,allsoon,3.0,3.0,1.0,4.0,3.0,clinic,good,6m,med,maybe,maybe,4.0,3.0,3.0,1.0,210,disease_concern,18-29
1934,m01935,2016-10-03,21,male,other,unmarried,Middle,165.0,60.0,hanoi,22.03856749,yes,<12mo,<12mo,volunteer,no,no,no,no,no,yes ,yes,yes,yes,never,never,yes,yes,yes,yes,yes,allsoon,4.0,5.0,4.0,4.0,4.0,clinic,good,6m,low,yes,yes,4.0,4.0,4.0,4.0,90,disease_concern,18-29
1935,m01936,2016-10-03,54,male,stable,married,Middle,172.0,70.0,hanoi,23.66143862,yes,12-24mo,<12mo,symptoms,no,no,no,no,yes,yes ,no,no,no,never,never,yes,yes,yes,yes,yes,allsoon,3.5,3.5,3.5,3.5,3.5,askrel,quite,12m,low,maybe,maybe,3.0,5.0,2.0,4.0,unknown,symptoms,>=50
1936,m01937,2016-10-01,47,female,stable,married,Middle,150.0,53.0,hanoi,23.55555556,yes,12-24mo,<12mo,symptoms,no,no,no,no,yes,yes ,no,no,no,never,never,yes,yes,no,no,no,allsoon,3.5,3.5,3.5,3.5,3.5,clinic,bad,12m,low,maybe,yes,4.0,3.0,5.0,2.0,unknown,disease_concern,40-49
1937,m01938,2016-09-28,26,female,stable,married,Grad,155.0,43.0,hanoi,17.89802289,no,unknown,unknown,request,yes,yes,no,no,yes,yes ,no,no,no,never,never,yes,no,no,yes,yes,allsoon,3.5,3.5,3.5,3.5,3.5,selfstudy,good,6m,med,yes,yes,3.0,2.5,3.0,3.0,unknown,symptoms,18-29
1938,m01939,2016-09-29,29,male,stable,married,Grad,172.0,70.0,hanoi,23.66143862,yes,<12mo,>24mo,request,no,no,no,no,yes,yes ,no,yes,yes,never,never,yes,yes,yes,yes,no,allsoon,3.5,3.5,3.5,3.5,3.5,clinic,good,6m,med,yes,yes,3.0,2.5,3.0,3.0,unknown,symptoms,18-29
1939,m01940,2016-10-01,40,male,stable,married,Middle,170.0,69.5,hanoi,24.04844291,yes,12-24mo,12-24mo,symptoms,yes,yes,no,yes,no,yes ,yes,no,yes,never,never,yes,yes,yes,yes,yes,allsoon,3.5,3.5,3.5,3.5,3.5,clinic,bad,6m,low,yes,yes,3.0,2.5,3.0,3.0,205,symptoms,40-49
1940,m01941,2016-09-30,40,female,stable,married,Grad,153.0,53.0,hanoi,22.64086462,yes,<12mo,<12mo,symptoms,yes,yes,yes,no,yes,yes ,yes,yes,yes,yes,yes,yes,yes,yes,yes,yes,allsoon,3.5,3.5,3.5,3.5,3.5,clinic,good,6m,low,yes,yes,3.0,2.5,3.0,3.0,unknown,symptoms,40-49
1941,m01942,2016-09-28,39,female,stable,married,Middle,150.0,43.0,hanoi,19.11111111,yes,<12mo,<12mo,symptoms,yes,yes,yes,no,no,yes ,yes,yes,yes,never,never,yes,yes,yes,no,yes,allsoon,3.5,3.5,3.5,3.5,3.5,clinic,good,6m,low,yes,yes,3.0,2.5,3.0,3.0,unknown,symptoms,30-39
1942,m01943,2016-09-28,48,female,stable,married,Middle,160.0,47.0,hanoi,18.359375,yes,<12mo,<12mo,request,no,yes,yes,no,yes,yes ,yes,no,no,never,never,yes,yes,no,no,yes,allsoon,3.5,3.5,3.5,3.5,3.5,askrel,bad,12m,low,maybe,maybe,3.0,2.5,3.0,3.0,210,symptoms,40-49
1943,m01944,2016-09-28,37,male,stable,married,Middle,165.0,54.0,hanoi,19.83471074,yes,<12mo,<12mo,symptoms,yes,yes,yes,no,yes,yes ,yes,yes,yes,never,never,yes,yes,yes,no,yes,allsoon,3.5,3.5,3.5,3.5,3.5,clinic,good,6m,low,maybe,maybe,3.0,2.5,3.0,3.0,unknown,symptoms,30-39
1944,m01945,2016-09-28,54,female,stable,married,Grad,158.0,52.0,hanoi,20.82999519,yes,<12mo,<12mo,symptoms,yes,yes,yes,no,yes,yes ,yes,yes,yes,yes,yes,yes,yes,yes,yes,yes,allsoon,3.5,3.5,3.5,3.5,3.5,clinic,bad,6m,low,yes,yes,3.0,2.5,3.0,3.0,unknown,disease_concern,>=50
1945,m01946,2016-09-28,45,female,stable,married,Grad,155.0,51.0,hanoi,21.22788762,yes,<12mo,<12mo,symptoms,yes,yes,yes,yes,no,yes ,yes,yes,yes,never,never,yes,yes,yes,no,yes,allsoon,3.5,3.5,3.5,3.5,3.5,clinic,bad,6m,low,yes,yes,3.0,2.5,3.0,3.0,unknown,disease_concern,40-49
1946,m01947,2016-09-28,56,male,stable,married,Grad,175.0,60.0,hanoi,19.59183673,yes,<12mo,<12mo,symptoms,yes,yes,yes,yes,no,yes ,yes,yes,yes,never,never,yes,yes,yes,no,yes,allsoon,3.5,3.5,3.5,3.5,3.5,clinic,bad,6m,low,yes,yes,3.0,2.5,3.0,3.0,unknown,disease_concern,>=50
1947,m01948,2016-09-28,45,female,stable,married,Grad,165.0,45.0,hanoi,16.52892562,yes,<12mo,<12mo,symptoms,yes,yes,yes,yes,no,yes ,yes,yes,yes,never,never,yes,yes,yes,no,no,allsoon,3.5,3.5,3.5,3.5,3.5,clinic,bad,6m,low,yes,yes,3.0,2.5,3.0,3.0,unknown,disease_concern,40-49
1948,m01949,2016-09-28,51,female,stable,unmarried,Grad,175.0,65.0,hanoi,21.2244898,yes,<12mo,<12mo,symptoms,yes,yes,yes,yes,no,yes ,yes,yes,yes,never,never,yes,yes,yes,no,no,allsoon,3.5,3.5,3.5,3.5,3.5,clinic,bad,6m,med,yes,yes,3.0,2.5,3.0,3.0,unknown,disease_concern,>=50
1949,m01950,2016-09-28,37,male,stable,married,Middle,162.0,54.0,hanoi,20.57613169,yes,<12mo,<12mo,request,yes,yes,yes,no,no,yes ,yes,yes,no,never,never,yes,yes,yes,no,no,allsoon,5.0,4.0,3.0,1.0,4.0,clinic,good,6m,low,yes,yes,3.0,2.5,3.0,3.0,unknown,symptoms,30-39
1950,m01951,2016-09-28,33,female,stable,married,Middle,156.0,53.0,hanoi,21.77843524,yes,12-24mo,unknown,symptoms,yes,yes,yes,yes,no,no,no,yes,no,never,never,yes,yes,no,no,no,allsoon,3.5,3.5,3.5,3.5,3.5,clinic,good,6m,low,no,yes,3.0,2.5,3.0,3.0,120,symptoms,30-39
1951,m01952,2016-09-28,50,male,stable,married,Grad,169.0,63.0,hanoi,22.05805119,yes,<12mo,<12mo,symptoms,no,yes,no,no,no,yes ,no,no,no,never,never,yes,no,no,yes,no,allsoon,3.5,3.5,3.5,3.5,3.5,askrel,unknown,12m,low,maybe,maybe,3.0,2.5,3.0,3.0,250,symptoms,>=50
1952,m01953,2016-09-28,35,male,stable,married,Middle,173.0,68.0,hanoi,22.72043837,yes,<12mo,<12mo,volunteer,no,yes,no,no,yes,yes ,no,no,no,never,yes,yes,yes,no,yes,no,allsoon,3.5,3.5,3.5,3.5,3.5,clinic,quite,6m,low,yes,maybe,2.0,2.0,2.0,2.0,400,symptoms,30-39
1953,m01954,2016-09-27,53,male,stable,married,Middle,161.0,56.0,hanoi,21.60410478,yes,<12mo,<12mo,request,no,no,no,yes,no,yes ,yes,yes,yes,never,yes,yes,yes,no,yes,yes,partly ,3.5,3.5,3.5,3.5,3.5,clinic,quite,12m,low,maybe,maybe,3.0,2.5,3.0,3.0,140,symptoms,>=50
1954,m01955,2016-09-27,68,male,retirer,married,Grad,160.0,62.0,hanoi,24.21875,yes,<12mo,<12mo,request,no,no,no,no,no,yes ,yes,yes,yes,never,never,yes,yes,no,yes,no,allsoon,3.5,3.5,3.5,3.5,3.5,askrel,quite,12m,low,yes,yes,3.0,2.5,3.0,3.0,300,disease_concern,>=50
1955,m01956,2016-09-27,40,male,stable,married,Middle,170.0,58.0,hanoi,20.06920415,yes,<12mo,<12mo,request,no,no,no,no,no,yes ,yes,yes,yes,never,never,yes,no,no,no,yes,allsoon,3.5,3.5,3.5,3.5,3.5,clinic,quite,6m,med,maybe,maybe,3.0,2.5,3.0,5.0,420,disease_concern,40-49
1956,m01957,2016-09-27,41,male,stable,married,Grad,170.0,72.0,hanoi,24.91349481,yes,<12mo,<12mo,request,yes,yes,no,no,yes,yes ,no,no,no,never,never,yes,yes,yes,yes,yes,allsoon,3.5,3.5,3.5,3.5,3.5,clinic,quite,12m,low,no,no,3.0,2.5,3.0,3.0,210,symptoms,40-49
1957,m01958,2016-09-27,56,male,stable,married,Grad,165.0,61.0,hanoi,22.40587695,yes,<12mo,unknown,request,yes,yes,yes,yes,yes,yes ,no,no,no,never,yes,yes,yes,no,no,no,allsoon,3.5,3.5,3.5,3.5,3.5,askrel,bad,6m,low,maybe,maybe,3.0,2.5,3.0,3.0,unknown,symptoms,>=50
1958,m01959,2016-09-29,24,female,unstable,married,Grad,157.0,48.0,thaibinh,19.47340663,yes,<12mo,<12mo,request,no,yes,no,no,yes,yes ,yes,no,no,never,yes,yes,no,yes,yes,no,allsoon,3.0,3.0,2.0,3.0,3.0,askrel,unknown,12m,low,maybe,maybe,2.0,2.0,3.0,3.0,unknown,disease_concern,18-29
1959,m01960,2016-10-03,20,male,student,unmarried,Grad,170.0,65.0,hanoi,22.49134948,yes,<12mo,<12mo,volunteer,no,no,no,no,no,yes ,yes,yes,yes,never,never,yes,yes,yes,yes,yes,partly ,5.0,4.0,4.0,4.0,3.0,clinic,good,6m,low,yes,yes,5.0,4.0,3.0,4.0,420,disease_concern,18-29
1960,m01961,2016-10-03,25,male,student,married,Grad,170.0,68.0,thainguyen,23.52941176,yes,<12mo,<12mo,request,no,no,no,no,no,yes ,yes,yes,yes,never,never,yes,yes,yes,yes,yes,partly ,5.0,4.0,3.0,4.0,5.0,clinic,good,6m,low,yes,yes,5.0,4.0,3.0,5.0,60,disease_concern,18-29
1961,m01962,2016-10-03,22,male,student,married,Grad,170.0,69.0,thaibinh,23.87543253,yes,<12mo,<12mo,volunteer,no,no,no,no,no,yes ,yes,yes,yes,never,never,yes,yes,yes,yes,yes,partly ,5.0,5.0,4.0,4.0,3.0,clinic,good,6m,low,yes,yes,5.0,4.0,4.0,3.0,60,symptoms,18-29
1962,m01963,2016-10-03,25,female,stable,unmarried,Middle,160.0,55.0,hanoi,21.484375,yes,12-24mo,12-24mo,request,yes,no,yes,no,yes,no,yes,yes,yes,never,yes,yes,yes,yes,yes,yes,later,3.0,4.0,5.0,4.0,3.0,clinic,good,6m,low,no,yes,4.0,3.0,5.0,2.0,120,disease_concern,18-29
1963,m01964,2016-10-03,29,male,stable,unmarried,Middle,170.0,68.0,hanoi,23.52941176,yes,12-24mo,12-24mo,request,yes,yes,yes,yes,yes,yes ,yes,yes,yes,never,yes,yes,no,yes,no,no,allsoon,4.0,3.0,2.0,5.0,4.0,clinic,good,12m,low,yes,yes,5.0,4.0,3.0,1.0,120,disease_concern,18-29
1964,m01965,2016-10-03,24,male,student,unmarried,Grad,172.0,69.0,hanoi,23.32341806,yes,<12mo,<12mo,volunteer,no,no,no,no,no,yes ,yes,yes,yes,never,never,yes,yes,yes,yes,yes,partly ,5.0,4.0,3.0,4.0,5.0,clinic,good,6m,low,yes,yes,5.0,4.0,3.0,4.0,60,symptoms,18-29
1965,m01966,2016-10-03,25,male,student,unmarried,Grad,175.0,70.0,haiduong,22.85714286,yes,<12mo,<12mo,volunteer,no,no,no,no,no,yes ,yes,yes,yes,never,never,yes,yes,yes,yes,yes,partly ,4.0,4.0,4.0,5.0,5.0,clinic,good,6m,low,yes,yes,5.0,5.0,4.0,4.0,90,disease_concern,18-29
1966,m01967,2016-10-03,22,male,other,unmarried,Middle,175.0,65.0,hanoi,21.2244898,no,<12mo,<12mo,volunteer,no,no,no,no,no,yes ,yes,yes,yes,never,never,yes,yes,yes,no,yes,allsoon,4.0,4.0,4.0,4.0,4.0,clinic,good,12m,med,yes,yes,4.0,4.0,4.0,4.0,90,disease_concern,18-29
1967,m01968,2016-10-04,25,male,unstable,unmarried,Grad,165.0,50.0,hanoi,18.36547291,no,unknown,12-24mo,symptoms,no,yes,no,yes,no,yes ,yes,no,yes,never,never,yes,yes,no,no,no,later,4.0,3.0,4.0,4.0,3.0,clinic,unknown,12m,low,maybe,maybe,3.0,3.0,4.0,3.0,90,symptoms,18-29
1968,m01969,2016-10-03,20,male,student,unmarried,Grad,144.0,65.0,hanoi,31.34645062,yes,<12mo,<12mo,volunteer,no,no,no,no,no,yes ,yes,yes,yes,never,never,yes,yes,yes,yes,yes,partly ,4.0,4.0,4.0,4.0,4.0,clinic,good,6m,low,yes,yes,4.0,3.0,3.0,4.0,90,disease_concern,18-29
1969,m01970,2016-10-03,28,male,stable,married,Middle,168.0,72.0,hanoi,25.51020408,yes,<12mo,<12mo,volunteer,no,no,no,no,no,yes ,yes,yes,yes,never,never,yes,yes,yes,yes,yes,partly ,4.0,4.0,4.0,4.0,4.0,clinic,good,6m,low,yes,yes,4.0,4.0,4.0,4.0,90,symptoms,18-29
1970,m01971,2016-09-20,39,male,stable,married,Grad,170.0,65.0,hanoi,22.49134948,yes,<12mo,<12mo,volunteer,no,yes,yes,yes,yes,yes ,yes,yes,yes,never,yes,yes,yes,yes,yes,yes,allsoon,4.0,4.0,4.0,4.0,4.0,clinic,quite,6m,med,maybe,yes,3.0,4.0,3.0,3.0,60,disease_concern,30-39
1971,m01972,2016-10-04,32,male,unstable,unmarried,Middle,170.0,55.0,hanoi,19.03114187,no,>24mo,<12mo,request,no,yes,no,yes,yes,yes ,yes,no,yes,never,never,yes,no,no,no,no,allsoon,2.0,2.0,3.0,4.0,3.0,clinic,unknown,12m,low,no,no,3.0,3.0,2.0,2.0,120,symptoms,30-39
1972,m01973,2016-10-03,32,male,stable,married,Middle,172.0,70.0,hanoi,23.66143862,yes,<12mo,<12mo,volunteer,no,no,no,no,no,yes ,yes,yes,yes,never,never,yes,yes,yes,yes,yes,partly ,5.0,5.0,5.0,5.0,5.0,clinic,good,6m,low,yes,yes,5.0,5.0,5.0,5.0,180,symptoms,30-39
1973,m01974,2016-10-03,20,male,student,unmarried,Grad,170.0,60.0,yenbai,20.76124567,yes,<12mo,<12mo,volunteer,no,no,no,no,no,yes ,yes,yes,yes,never,never,yes,yes,yes,yes,yes,later,4.0,4.0,4.0,4.0,4.0,clinic,good,6m,med,yes,yes,4.0,4.0,4.0,4.0,90,disease_concern,18-29
1974,m01975,2016-10-04,25,male,student,unmarried,Grad,170.0,60.0,hanoi,20.76124567,no,unknown,unknown,symptoms,no,no,no,no,yes,no,yes,yes,yes,never,never,yes,yes,yes,yes,yes,allsoon,5.0,5.0,5.0,5.0,5.0,clinic,bad,6m,low,yes,yes,5.0,5.0,5.0,5.0,60,disease_concern,18-29
1975,m01976,2016-10-04,26,male,other,unmarried,Grad,173.0,63.0,langson ,21.0498179,yes,12-24mo,unknown,symptoms,no,no,no,yes,no,yes ,no,no,no,never,never,yes,no,no,yes,no,partly ,3.0,3.0,2.0,3.0,3.0,clinic,quite,12m,low,maybe,no,3.0,3.0,2.0,3.0,unknown,symptoms,18-29
1976,m01977,2016-10-04,24,male,student,unmarried,Grad,172.0,74.0,hanoi,25.01352082,no,<12mo,<12mo,request,no,yes,no,yes,yes,yes ,yes,no,yes,never,never,yes,yes,no,no,no,later,3.0,3.0,3.0,4.0,3.0,clinic,unknown,12m,low,maybe,no,3.0,2.0,2.0,2.0,150,symptoms,18-29
1977,m01978,2016-10-04,32,male,stable,married,Middle,160.0,50.0,hanoi,19.53125,yes,<12mo,<12mo,request,yes,yes,yes,no,no,yes ,yes,no,no,never,never,yes,yes,yes,no,no,later,5.0,4.0,4.0,2.0,1.0,clinic,good,6m,low,yes,yes,5.0,3.0,2.0,1.0,120,symptoms,30-39
1978,m01979,2016-10-03,25,male,student,unmarried,Grad,169.0,68.0,haiduong,23.80869017,yes,<12mo,<12mo,volunteer,no,no,no,no,no,yes ,yes,yes,yes,never,never,yes,yes,yes,yes,yes,partly ,4.0,3.0,5.0,4.0,3.0,clinic,good,6m,low,yes,yes,5.0,4.0,3.0,4.0,60,disease_concern,18-29
1979,m01980,2016-09-30,44,male,stable,married,Middle,160.0,56.0,hanoi,21.875,yes,<12mo,<12mo,request,yes,yes,yes,no,yes,yes ,yes,no,no,never,never,yes,yes,yes,no,no,later,5.0,5.0,1.0,2.0,4.0,clinic,good,6m,low,yes,yes,5.0,4.0,2.0,1.0,120,symptoms,40-49
1980,m01981,2016-09-30,27,male,stable,unmarried,Grad,174.0,74.0,hanoi,24.44180209,yes,<12mo,<12mo,volunteer,yes,yes,yes,no,yes,yes ,yes,yes,no,never,never,yes,yes,yes,no,yes,later,5.0,4.0,3.0,4.0,1.0,clinic,good,6m,low,yes,yes,1.0,1.0,1.0,1.0,120,symptoms,18-29
1981,m01982,2016-09-30,26,female,stable,unmarried,Grad,160.0,48.0,hanoi,18.75,yes,<12mo,<12mo,symptoms,no,no,no,yes,no,yes ,yes,yes,yes,never,never,yes,yes,yes,yes,yes,allsoon,4.0,3.0,3.0,3.0,3.0,clinic,good,12m,med,maybe,maybe,4.0,3.0,3.0,3.0,840,symptoms,18-29
1982,m01983,2016-09-30,29,female,stable,unmarried,Grad,161.5,50.0,hanoi,19.17012528,yes,<12mo,<12mo,symptoms,yes,yes,yes,yes,yes,yes ,yes,no,no,never,never,yes,no,yes,yes,no,allsoon,2.0,3.0,4.0,4.0,3.0,clinic,unknown,g18m,med,maybe,maybe,4.0,4.0,5.0,3.0,unknown,symptoms,18-29
1983,m01984,2016-10-11,19,female,student,unmarried,Grad,165.0,49.0,hanoi,17.99816345,yes,unknown,unknown,symptoms,yes,yes,yes,no,yes,yes ,no,no,no,never,yes,yes,no,yes,yes,no,later,5.0,4.0,3.0,4.0,2.0,selfstudy,bad,18m,hi,maybe,maybe,5.0,2.0,3.0,4.0,unknown,symptoms,18-29
1984,m01985,2016-10-11,19,male,student,unmarried,Grad,175.0,60.0,tuyenquang,19.59183673,yes,12-24mo,12-24mo,symptoms,yes,no,no,no,no,yes ,no,no,no,never,yes,yes,yes,yes,yes,yes,partly ,5.0,4.0,1.0,4.0,3.0,selfstudy,unknown,12m,hi,maybe,maybe,4.0,2.0,3.0,4.0,420,disease_concern,18-29
1985,m01986,2016-10-11,15,male,student,unmarried,Middle,162.0,52.0,namdinh,19.81405274,yes,12-24mo,12-24mo,symptoms,yes,yes,no,no,no,yes ,no,no,yes,never,yes,yes,no,no,yes,no,allsoon,3.0,4.0,2.0,5.0,1.0,clinic,unknown,g18m,hi,maybe,maybe,3.0,2.0,4.0,2.0,unknown,symptoms,<18
1986,m01987,2016-10-11,18,female,student,unmarried,Grad,160.0,48.0,hanoi,18.75,yes,unknown,unknown,symptoms,yes,no,no,no,no,yes ,no,no,no,never,yes,yes,yes,yes,yes,yes,allsoon,4.0,3.0,2.0,4.0,1.0,askrel,unknown,12m,hi,maybe,maybe,4.0,2.0,1.0,2.0,unknown,symptoms,18-29
1987,m01988,2016-10-11,19,male,student,unmarried,Grad,183.0,70.0,hanoi,20.90238586,yes,unknown,unknown,symptoms,yes,no,no,yes,no,yes ,no,no,no,never,yes,yes,yes,yes,yes,yes,allsoon,4.0,3.0,2.0,2.0,1.0,askrel,unknown,12m,hi,maybe,maybe,4.0,3.0,2.0,4.0,unknown,symptoms,18-29
1988,m01989,2016-10-11,23,female,stable,unmarried,Grad,173.0,70.0,hanoi,23.38868656,yes,12-24mo,>24mo,symptoms,yes,no,no,yes,yes,no,no,no,no,never,never,yes,yes,yes,no,no,later,3.0,2.0,1.0,3.0,4.0,selfstudy,bad,12m,med,no,no,2.0,3.0,1.0,2.0,420,disease_concern,18-29
1989,m01990,2016-10-11,23,male,unstable,married,Grad,170.0,65.0,hanoi,22.49134948,no,>24mo,>24mo,symptoms,yes,yes,yes,yes,yes,no,no,no,no,never,never,yes,no,no,yes,no,partly ,3.0,3.0,2.0,3.0,2.0,askrel,quite,6m,med,maybe,maybe,2.0,1.0,1.0,1.0,210,symptoms,18-29
1990,m01991,2016-10-11,21,female,stable,married,Grad,160.0,50.0,hanoi,19.53125,yes,>24mo,>24mo,symptoms,no,no,no,no,yes,yes ,yes,yes,no,never,never,yes,yes,yes,yes,yes,allsoon,3.0,3.0,3.0,4.0,3.0,askrel,quite,18m,hi,maybe,yes,2.0,2.0,1.0,2.0,300,symptoms,18-29
1991,m01992,2016-10-11,21,male,student,unmarried,Grad,165.0,60.0,hanoi,22.03856749,no,<12mo,>24mo,symptoms,yes,no,yes,yes,yes,yes ,yes,no,no,never,never,yes,yes,yes,yes,yes,allsoon,2.0,3.0,2.0,3.0,2.0,selfstudy,quite,12m,hi,no,maybe,1.0,1.0,1.0,1.0,420,symptoms,18-29
1992,m01993,2016-10-11,21,female,student,unmarried,Grad,157.0,45.0,hanoi,18.25631871,yes,<12mo,<12mo,request,yes,yes,yes,yes,no,yes ,yes,yes,no,never,never,yes,yes,no,no,yes,later,1.0,2.0,3.0,1.0,2.0,askrel,bad,12m,hi,maybe,yes,2.0,3.0,2.0,3.0,400,disease_concern,18-29
1993,m01994,2016-10-11,21,female,student,unmarried,Grad,165.0,52.0,hanoi,19.10009183,yes,12-24mo,>24mo,volunteer,no,no,no,yes,yes,no,no,no,no,never,never,yes,yes,yes,no,no,allsoon,4.0,4.0,3.0,4.0,3.0,askrel,bad,6m,low,maybe,yes,2.0,3.0,4.0,2.0,200,symptoms,18-29
1994,m01995,2016-10-10,27,male,stable,married,PostGrad,172.0,63.0,hanoi,21.29529475,yes,<12mo,12-24mo,symptoms,yes,no,no,yes,yes,yes ,no,yes,yes,yes,yes,yes,yes,yes,no,yes,allsoon,4.0,2.0,1.0,3.0,2.0,askrel,quite,18m,low,no,maybe,3.0,2.0,1.0,3.0,600,disease_concern,18-29
1995,m01996,2016-10-10,22,female,student,unmarried,Grad,159.0,49.0,hanoi,19.38214469,no,12-24mo,>24mo,request,yes,no,no,yes,no,yes ,no,no,yes,yes,never,yes,yes,yes,no,yes,partly ,1.0,3.0,3.0,2.0,1.0,clinic,quite,12m,low,yes,yes,2.0,1.0,3.0,4.0,200,symptoms,18-29
1996,m01997,2016-10-10,21,female,student,unmarried,Grad,161.0,51.0,hanoi,19.67516685,yes,12-24mo,unknown,request,yes,no,yes,yes,yes,no,yes,yes,no,never,yes,yes,yes,no,yes,yes,partly ,2.0,4.0,3.0,4.0,3.0,askrel,quite,6m,low,maybe,maybe,2.0,4.0,3.0,2.0,360,symptoms,18-29
1997,m01998,2016-10-10,20,female,student,unmarried,Grad,172.0,65.0,bacninh,21.97133586,yes,12-24mo,12-24mo,symptoms,yes,yes,no,yes,yes,no,no,yes,yes,never,never,yes,yes,no,yes,yes,allsoon,3.0,3.0,2.0,2.0,4.0,askrel,good,12m,med,yes,yes,2.0,3.0,2.0,3.0,unknown,symptoms,18-29
1998,m01999,2016-10-10,45,female,student,married,PostGrad,156.0,50.0,hanoi,20.54569362,yes,12-24mo,12-24mo,symptoms,yes,yes,no,no,yes,yes ,no,yes,yes,yes,yes,no,yes,no,yes,no,later,5.0,3.0,3.0,4.0,4.0,clinic,quite,12m,low,yes,yes,2.0,2.0,3.0,3.0,500,symptoms,40-49
1999,m02000,2016-10-10,33,female,student,unmarried,Grad,166.0,52.0,hanoi,18.87066338,yes,>24mo,>24mo,symptoms,yes,yes,no,no,yes,yes ,no,no,no,yes,never,no,yes,no,no,no,partly ,2.0,3.0,5.0,4.0,2.0,askrel,quite,6m,low,maybe,maybe,2.0,1.0,3.0,2.0,420,symptoms,30-39
2000,m02001,2016-10-10,26,male,student,unmarried,Grad,176.0,71.0,hanoi,22.92097107,yes,>24mo,>24mo,symptoms,yes,yes,no,yes,yes,no,yes,yes,no,yes,never,yes,yes,no,yes,no,partly ,4.0,4.0,3.0,3.0,2.0,askrel,quite,6m,low,maybe,yes,2.0,2.0,3.0,1.0,420,disease_concern,18-29
2001,m02002,2016-10-10,22,female,student,unmarried,Grad,157.0,51.0,haiphong,20.69049454,yes,>24mo,unknown,symptoms,yes,yes,yes,no,no,yes ,yes,no,no,yes,never,no,yes,no,no,yes,allsoon,5.0,3.0,3.0,4.0,4.0,clinic,quite,6m,low,maybe,maybe,3.0,3.0,2.0,2.0,350,symptoms,18-29
2002,m02003,2016-10-10,21,female,student,unmarried,Grad,169.0,61.0,hungyen,21.3577956,yes,12-24mo,12-24mo,symptoms,yes,yes,no,yes,yes,no,yes,yes,yes,yes,never,yes,yes,no,yes,yes,partly ,2.0,3.0,3.0,2.0,4.0,askrel,quite,6m,med,yes,yes,3.0,3.0,2.0,1.0,470,symptoms,18-29
2003,m02004,2016-10-10,22,female,student,unmarried,Grad,157.0,49.0,hanoi,19.8791026,no,12-24mo,12-24mo,symptoms,yes,yes,no,yes,yes,no,yes,yes,no,yes,yes,no,yes,no,yes,yes,partly ,4.0,3.0,3.0,4.0,5.0,askrel,quite,6m,med,maybe,yes,2.0,1.0,2.0,3.0,420,symptoms,18-29
2004,m02005,2016-10-10,23,female,student,unmarried,Grad,157.0,53.0,hanoi,21.50188649,yes,>24mo,12-24mo,symptoms,yes,yes,no,yes,yes,yes ,no,yes,yes,yes,never,no,yes,no,yes,no,partly ,2.0,3.0,3.0,4.0,4.0,clinic,good,12m,med,yes,yes,3.0,3.0,2.0,2.0,unknown,symptoms,18-29
2005,m02006,2016-10-10,20,female,student,unmarried,Grad,169.0,50.0,hanoi,17.50638983,yes,unknown,>24mo,request,yes,yes,no,yes,yes,no,yes,yes,no,yes,never,yes,yes,no,yes,yes,allsoon,2.0,4.0,4.0,2.0,3.0,askrel,quite,6m,low,maybe,maybe,2.0,2.0,1.0,2.0,370,symptoms,18-29
2006,m02007,2016-10-10,22,female,student,unmarried,Grad,152.0,49.0,hanoi,21.20844875,yes,12-24mo,12-24mo,request,yes,yes,yes,no,yes,no,yes,no,yes,never,never,no,yes,no,yes,no,later,2.0,2.0,3.0,2.0,1.0,clinic,good,12m,low,yes,maybe,2.0,2.0,3.0,3.0,unknown,symptoms,18-29
2007,m02008,2016-10-10,19,female,student,unmarried,Grad,159.0,46.0,hanoi,18.19548277,yes,12-24mo,<12mo,symptoms,yes,yes,no,yes,yes,yes ,no,yes,yes,never,never,yes,yes,no,yes,yes,partly ,5.0,3.0,3.0,4.0,4.0,clinic,quite,6m,low,maybe,maybe,2.0,2.0,3.0,3.0,420,symptoms,18-29
2008,m02009,2016-10-10,25,male,student,unmarried,Grad,180.0,72.0,hanam,22.22222222,yes,12-24mo,>24mo,symptoms,yes,yes,yes,no,no,yes ,no,yes,no,yes,never,no,no,no,yes,no,partly ,3.0,3.0,2.0,2.0,4.0,clinic,quite,6m,low,maybe,maybe,2.0,2.0,3.0,2.0,350,disease_concern,18-29
2009,m02010,2016-10-10,19,female,student,unmarried,Grad,173.0,56.0,hanoi,18.71094925,no,unknown,unknown,symptoms,no,yes,no,no,yes,yes ,yes,yes,no,never,never,yes,no,yes,yes,yes,later,5.0,4.0,1.0,3.0,2.0,clinic,bad,6m,med,yes,yes,4.0,3.0,5.0,4.0,unknown,symptoms,18-29
2010,m02011,2016-10-10,27,male,stable,unmarried,PostGrad,168.0,52.0,hanoi,18.42403628,yes,12-24mo,>24mo,symptoms,yes,yes,no,no,yes,yes ,yes,no,no,yes,never,no,no,no,yes,no,partly ,5.0,2.0,3.0,3.0,2.0,clinic,quite,6m,low,maybe,yes,2.0,2.0,3.0,2.0,420,disease_concern,18-29
2011,m02012,2016-10-10,40,male,stable,married,PostGrad,165.0,60.0,hanoi,22.03856749,yes,12-24mo,<12mo,symptoms,yes,yes,no,yes,yes,yes ,no,no,no,never,yes,no,yes,no,yes,no,partly ,4.0,2.0,1.0,3.0,2.0,askrel,quite,12m,med,no,maybe,3.0,4.0,2.0,3.0,300,symptoms,40-49
2012,m02013,2016-10-10,21,female,student,unmarried,Grad,163.0,50.0,hanoi,18.81892431,yes,>24mo,>24mo,request,yes,yes,yes,yes,no,yes ,no,yes,yes,never,yes,no,no,no,yes,yes,later,2.0,3.0,3.0,2.0,2.0,askrel,quite,6m,low,maybe,maybe,3.0,2.0,3.0,3.0,450,symptoms,18-29
2013,m02014,2016-10-10,21,female,student,unmarried,Grad,149.0,41.0,phutho,18.46763659,yes,unknown,unknown,disease_concern,yes,yes,yes,yes,yes,no,yes,yes,no,yes,never,no,yes,no,no,yes,later,5.0,4.0,4.0,3.0,3.0,askrel,good,6m,med,yes,maybe,3.0,3.0,2.0,2.0,470,symptoms,18-29
2014,m02015,2016-10-10,22,female,student,unmarried,Grad,165.0,50.0,hanam,18.36547291,yes,>24mo,>24mo,symptoms,yes,yes,no,no,yes,yes ,no,no,no,yes,never,no,yes,no,no,yes,partly ,4.0,3.0,5.0,5.0,4.0,clinic,quite,6m,low,yes,yes,2.0,1.0,3.0,2.0,420,symptoms,18-29
2015,m02016,2016-10-10,21,female,student,unmarried,Grad,159.0,48.0,hanoi,18.98659072,yes,12-24mo,12-24mo,symptoms,yes,yes,yes,no,no,yes ,no,no,yes,yes,never,yes,yes,no,yes,yes,allsoon,2.0,2.0,3.0,2.0,4.0,clinic,quite,12m,low,maybe,maybe,2.0,3.0,2.0,1.0,unknown,symptoms,18-29
2016,m02017,2016-10-10,24,female,stable,unmarried,Grad,147.0,42.0,hanoi,19.43634597,yes,unknown,unknown,disease_concern,yes,yes,yes,yes,yes,yes ,yes,no,no,yes,yes,no,yes,yes,yes,yes,allsoon,4.0,5.0,3.0,5.0,2.0,clinic,quite,6m,hi,maybe,maybe,3.0,2.0,1.0,2.0,unknown,disease_concern,18-29
2017,m02018,2016-10-10,22,female,student,unmarried,Grad,155.0,47.0,namdinh,19.56295525,yes,>24mo,>24mo,symptoms,yes,yes,no,yes,yes,no,no,yes,yes,never,yes,no,yes,no,yes,yes,partly ,4.0,5.0,4.0,4.0,3.0,askrel,good,6m,med,maybe,yes,3.0,2.0,1.0,3.0,unknown,symptoms,18-29
2018,m02019,2016-10-10,21,male,student,unmarried,Grad,180.0,78.0,hanoi,24.07407407,yes,12-24mo,>24mo,symptoms,yes,yes,no,no,yes,yes ,yes,no,no,yes,never,yes,yes,yes,no,yes,partly ,4.0,2.0,1.0,3.0,2.0,askrel,quite,18m,low,maybe,maybe,3.0,2.0,1.0,3.0,300,symptoms,18-29
2019,m02020,2016-10-10,22,female,student,unmarried,Grad,152.0,40.0,hanoi,17.31301939,yes,unknown,>24mo,request,no,yes,no,no,yes,yes ,no,yes,yes,yes,never,no,yes,no,no,yes,allsoon,3.0,3.0,2.0,2.0,3.0,askrel,quite,6m,med,maybe,maybe,3.0,3.0,1.0,2.0,unknown,symptoms,18-29
2020,m02021,2016-10-10,20,female,student,unmarried,Grad,169.0,52.0,hanoi,18.20664543,yes,>24mo,>24mo,symptoms,no,no,no,yes,yes,yes ,no,no,no,never,yes,yes,no,no,yes,no,partly ,5.0,4.0,3.0,2.0,1.0,askrel,quite,12m,low,yes,no,5.0,4.0,3.0,2.0,unknown,disease_concern,18-29
2021,m02022,2016-10-10,23,female,student,married,Grad,165.0,45.0,ninhbinh,16.52892562,yes,12-24mo,>24mo,symptoms,yes,yes,no,yes,yes,yes ,yes,no,no,yes,yes,no,yes,no,no,yes,partly ,4.0,3.0,5.0,3.0,4.0,askrel,quite,6m,low,maybe,maybe,3.0,3.0,3.0,2.0,370,symptoms,18-29
2022,m02023,2016-10-10,21,female,student,unmarried,Grad,155.0,49.0,phutho,20.39542144,yes,>24mo,>24mo,symptoms,yes,yes,yes,no,no,yes ,yes,no,no,yes,never,no,no,no,no,yes,later,3.0,3.0,2.0,3.0,5.0,askrel,quite,6m,low,yes,yes,3.0,2.0,1.0,1.0,420,symptoms,18-29
2023,m02024,2016-10-10,25,female,student,unmarried,Grad,158.0,50.0,namdinh,20.02884153,yes,unknown,unknown,symptoms,yes,yes,no,no,yes,yes ,no,no,no,never,never,yes,yes,no,no,no,allsoon,3.0,5.0,4.0,3.0,2.0,askrel,quite,12m,low,yes,maybe,2.0,2.0,3.0,3.0,420,symptoms,18-29
2024,m02025,2016-10-10,23,female,student,unmarried,Grad,162.0,52.0,ninhbinh,19.81405274,yes,12-24mo,>24mo,symptoms,yes,yes,yes,yes,no,yes ,no,yes,yes,never,yes,no,no,yes,no,yes,partly ,2.0,3.0,3.0,2.0,2.0,askrel,good,6m,med,yes,yes,2.0,2.0,3.0,3.0,420,symptoms,18-29
2025,m02026,2016-10-10,20,female,student,unmarried,Grad,155.0,48.0,hanoi,19.97918835,yes,12-24mo,>24mo,symptoms,yes,yes,no,no,yes,yes ,no,no,yes,never,yes,yes,yes,no,no,yes,partly ,5.0,3.0,3.0,2.0,2.0,askrel,good,12m,low,yes,maybe,2.0,2.0,3.0,3.0,unknown,symptoms,18-29
2026,m02027,2016-10-10,21,female,student,unmarried,Grad,157.0,45.0,namdinh,18.25631871,yes,<12mo,12-24mo,disease_concern,yes,no,no,yes,yes,no,yes,yes,yes,never,yes,yes,yes,no,yes,yes,partly ,4.0,2.0,3.0,2.0,3.0,askrel,quite,6m,low,maybe,no,2.0,1.0,2.0,3.0,200,symptoms,18-29
2027,m02028,2016-10-10,21,male,student,unmarried,Grad,180.0,60.0,ninhbinh,18.51851852,yes,12-24mo,12-24mo,symptoms,yes,yes,no,yes,yes,yes ,no,no,yes,yes,yes,yes,yes,no,no,yes,partly ,4.0,4.0,3.0,3.0,4.0,askrel,good,6m,med,maybe,maybe,2.0,1.0,2.0,1.0,420,symptoms,18-29
2028,m02029,2016-10-10,20,female,student,unmarried,Grad,162.0,48.0,bacninh,18.28989483,yes,unknown,12-24mo,symptoms,yes,yes,no,no,no,yes ,yes,yes,no,never,yes,yes,no,no,yes,no,allsoon,2.0,3.0,3.0,2.0,4.0,clinic,quite,12m,low,yes,yes,3.0,3.0,1.0,1.0,unknown,symptoms,18-29
2029,m02030,2016-10-10,19,male,student,unmarried,Grad,176.0,60.0,hanoi,19.36983471,yes,>24mo,>24mo,symptoms,yes,yes,no,yes,yes,yes ,yes,no,no,yes,never,yes,yes,no,no,no,allsoon,5.0,5.0,3.0,3.0,3.0,clinic,good,12m,low,yes,yes,3.0,3.0,2.0,2.0,350,disease_concern,18-29
2030,m02031,2016-10-10,21,female,student,unmarried,Grad,150.0,40.0,namdinh,17.77777778,yes,12-24mo,>24mo,symptoms,yes,yes,yes,no,no,yes ,no,yes,no,yes,yes,no,yes,no,yes,no,partly ,4.0,4.0,3.0,4.0,3.0,askrel,good,6m,low,maybe,maybe,2.0,1.0,2.0,2.0,unknown,symptoms,18-29
2031,m02032,2016-10-10,21,male,student,unmarried,Grad,171.0,61.0,haiduong,20.86111966,yes,unknown,unknown,symptoms,yes,yes,no,yes,yes,no,no,yes,no,yes,never,yes,no,yes,no,no,partly ,2.0,2.0,3.0,2.0,4.0,askrel,quite,6m,med,maybe,maybe,2.0,3.0,3.0,2.0,420,disease_concern,18-29
2032,m02033,2016-10-10,23,female,student,unmarried,Grad,161.0,59.0,hanoi,22.76146754,yes,>24mo,unknown,request,yes,yes,yes,no,no,yes ,no,no,yes,yes,never,yes,no,no,yes,yes,allsoon,5.0,4.0,4.0,3.0,4.0,askrel,quite,6m,low,maybe,maybe,3.0,3.0,2.0,2.0,300,symptoms,18-29
2033,m02034,2016-10-10,21,male,student,unmarried,Grad,173.0,63.0,haiduong,21.0498179,yes,>24mo,unknown,symptoms,yes,yes,no,yes,yes,no,no,yes,yes,never,yes,yes,yes,no,yes,no,later,3.0,2.0,2.0,3.0,4.0,askrel,quite,6m,med,maybe,yes,3.0,3.0,2.0,2.0,300,disease_concern,18-29
2034,m02035,2016-10-10,22,male,unstable,unmarried,Grad,175.0,61.0,hanoi,19.91836735,yes,12-24mo,>24mo,request,yes,yes,no,yes,yes,yes ,no,yes,yes,never,yes,yes,yes,no,yes,yes,partly ,2.0,3.0,3.0,2.0,4.0,askrel,quite,6m,low,maybe,maybe,2.0,3.0,1.0,2.0,370,symptoms,18-29
2035,m02036,2016-10-10,21,female,student,unmarried,Grad,157.0,45.0,phutho,18.25631871,yes,12-24mo,>24mo,symptoms,yes,yes,no,no,yes,yes ,no,yes,yes,never,yes,yes,yes,no,yes,yes,partly ,5.0,4.0,3.0,4.0,4.0,askrel,good,6m,med,yes,yes,2.0,3.0,1.0,1.0,430,disease_concern,18-29
2036,m02037,2016-10-10,20,female,student,unmarried,Grad,155.0,45.0,hanoi,18.73048907,yes,12-24mo,<12mo,disease_concern,yes,yes,no,yes,no,no,no,no,no,never,yes,yes,yes,no,yes,yes,allsoon,2.0,3.0,2.0,2.0,2.0,askrel,quite,18m,low,maybe,yes,3.0,4.0,2.0,2.0,unknown,symptoms,18-29
2037,m02038,2016-10-10,22,female,student,unmarried,Grad,162.0,50.0,quangninh,19.05197378,yes,12-24mo,12-24mo,symptoms,yes,yes,yes,yes,no,yes ,no,no,yes,yes,never,no,yes,no,yes,no,allsoon,3.0,3.0,2.0,2.0,5.0,clinic,quite,6m,med,yes,maybe,2.0,2.0,2.0,3.0,300,symptoms,18-29
2038,m02039,2016-10-10,21,female,student,unmarried,Grad,163.0,55.0,hanoi,20.70081674,yes,12-24mo,12-24mo,request,yes,yes,no,yes,no,yes ,no,yes,yes,yes,never,yes,yes,no,no,no,partly ,5.0,3.0,3.0,4.0,4.0,clinic,good,12m,med,yes,maybe,3.0,3.0,2.0,2.0,420,symptoms,18-29
2039,m02040,2016-10-10,22,female,student,unmarried,Grad,163.0,51.0,hanoi,19.1953028,yes,12-24mo,>24mo,disease_concern,yes,yes,no,yes,yes,no,yes,no,yes,never,never,yes,yes,no,no,yes,allsoon,3.0,3.0,2.0,2.0,4.0,clinic,quite,12m,low,maybe,maybe,3.0,3.0,1.0,1.0,unknown,symptoms,18-29
2040,m02041,2016-10-10,21,female,student,unmarried,Grad,171.0,52.0,hanoi,17.78324955,yes,>24mo,>24mo,volunteer,yes,yes,no,yes,no,yes ,yes,no,no,yes,yes,no,yes,no,no,yes,partly ,3.0,3.0,2.0,2.0,3.0,clinic,good,12m,med,yes,maybe,3.0,3.0,1.0,2.0,600,symptoms,18-29
2041,m02042,2016-10-10,21,female,student,unmarried,Grad,160.0,55.0,hanoi,21.484375,yes,>24mo,>24mo,disease_concern,yes,yes,yes,yes,no,no,yes,yes,no,never,never,yes,yes,no,yes,no,partly ,3.0,3.0,2.0,3.0,4.0,askrel,quite,6m,med,yes,yes,3.0,2.0,1.0,2.0,350,symptoms,18-29
2042,m02043,2016-10-10,21,female,student,unmarried,Grad,160.0,49.0,hanoi,19.140625,yes,>24mo,>24mo,disease_concern,yes,yes,yes,no,no,yes ,yes,no,no,yes,never,no,yes,no,no,yes,allsoon,2.0,4.0,4.0,5.0,3.0,clinic,quite,12m,low,yes,yes,2.0,3.0,2.0,2.0,unknown,symptoms,18-29
2043,m02044,2016-10-03,52,male,stable,married,Middle,168.0,64.0,hanoi,22.67573696,yes,<12mo,<12mo,request,no,no,no,yes,no,no,no,no,yes,never,never,yes,yes,no,no,yes,allsoon,2.0,3.0,3.0,3.0,3.0,clinic,bad,12m,low,yes,yes,3.0,3.0,4.0,4.0,210,symptoms,>=50
2044,m02045,2016-10-09,21,male,student,unmarried,Grad,170.0,59.0,hanoi,20.41522491,yes,12-24mo,unknown,symptoms,yes,no,no,no,yes,yes ,yes,no,no,never,yes,yes,no,no,no,no,allsoon,2.0,3.0,4.0,4.0,3.0,clinic,bad,18m,med,yes,maybe,4.0,3.0,4.0,3.0,unknown,symptoms,18-29
2045,m02046,2016-10-09,50,female,retirer,married,Grad,171.0,65.0,hanoi,22.22906193,no,12-24mo,12-24mo,symptoms,no,no,yes,yes,yes,yes ,no,yes,yes,never,yes,yes,yes,yes,yes,yes,allsoon,5.0,3.0,1.0,2.0,3.0,askrel,quite,12m,low,maybe,maybe,3.0,1.0,2.0,2.0,unknown,disease_concern,>=50
2046,m02047,2016-10-02,43,female,housewife,married,Grad,160.0,56.0,hatinh,21.875,no,>24mo,>24mo,symptoms,no,no,no,yes,no,yes ,no,yes,yes,never,yes,yes,yes,yes,yes,yes,allsoon,2.0,3.0,5.0,3.0,5.0,clinic,quite,12m,low,maybe,maybe,5.0,1.0,1.0,2.0,unknown,disease_concern,40-49
2047,m02048,2016-10-08,36,male,stable,married,Grad,165.0,55.0,hanoi,20.2020202,yes,<12mo,12-24mo,symptoms,no,no,no,yes,no,yes ,no,yes,yes,yes,yes,yes,yes,yes,yes,yes,allsoon,5.0,3.0,1.0,3.0,5.0,clinic,quite,18m,low,maybe,maybe,1.0,1.0,1.0,1.0,unknown,disease_concern,30-39
2048,m02049,2016-10-10,45,female,stable,married,Grad,165.0,55.0,hanoi,20.2020202,yes,<12mo,<12mo,volunteer,no,no,no,no,no,yes ,no,no,no,never,never,yes,yes,yes,yes,yes,allsoon,3.5,3.5,3.5,3.5,3.5,clinic,bad,6m,med,yes,yes,4.0,3.0,2.0,4.0,420,symptoms,40-49
2049,m02050,2016-10-09,29,male,stable,unmarried,Grad,165.0,57.0,hanoi,20.93663912,yes,<12mo,<12mo,symptoms,no,no,no,no,no,yes ,no,yes,yes,never,yes,yes,no,no,no,yes,allsoon,4.0,4.0,3.0,4.0,3.0,clinic,quite,g18m,med,yes,yes,3.0,2.0,2.0,2.0,420,symptoms,18-29
2050,m02051,2016-10-09,38,female,housewife,married,Grad,157.0,50.0,hanoi,20.28479857,no,unknown,unknown,symptoms,yes,no,no,no,yes,yes ,no,no,no,never,never,yes,yes,yes,yes,yes,allsoon,3.0,2.0,2.0,4.0,5.0,clinic,good,6m,low,yes,yes,3.0,3.0,3.0,4.0,unknown,disease_concern,30-39
2051,m02052,2016-10-09,44,male,other,married,Middle,175.0,66.0,hanoi,21.55102041,no,unknown,unknown,volunteer,no,no,yes,no,no,no,no,no,no,never,never,yes,no,yes,no,yes,later,1.0,2.0,5.0,4.0,3.0,selfstudy,unknown,g18m,med,no,yes,1.0,2.0,3.0,4.0,400,symptoms,40-49
2052,m02053,2016-10-09,42,female,unstable,married,Grad,157.0,51.0,hanoi,20.69049454,yes,<12mo,<12mo,volunteer,no,no,no,no,no,yes ,no,yes,yes,never,never,yes,yes,yes,yes,yes,allsoon,5.0,5.0,5.0,5.0,5.0,clinic,good,6m,med,yes,yes,5.0,5.0,5.0,5.0,unknown,symptoms,40-49
2053,m02054,2016-10-09,35,female,stable,married,Grad,150.0,42.0,bacninh,18.66666667,yes,>24mo,>24mo,request,no,no,no,no,no,yes ,no,no,no,yes,yes,yes,no,no,yes,yes,allsoon,4.0,4.0,4.0,4.0,3.0,clinic,quite,6m,low,yes,yes,4.0,4.0,4.0,4.0,420,disease_concern,30-39
2054,m02055,2016-10-09,32,female,unstable,unmarried,Grad,160.0,46.0,hanoi,17.96875,no,unknown,unknown,request,no,no,no,yes,yes,yes ,yes,no,no,never,never,yes,no,no,yes,no,later,2.0,2.0,1.0,2.0,2.0,selfstudy,bad,g18m,low,yes,yes,2.0,2.0,2.0,3.0,420,disease_concern,30-39
2055,m02056,2016-10-09,29,male,retirer,married,Grad,161.5,60.0,hanoi,23.00415033,yes,<12mo,<12mo,symptoms,no,no,yes,yes,no,yes ,yes,yes,no,yes,yes,yes,yes,no,yes,no,allsoon,5.0,5.0,1.0,3.0,1.0,askrel,bad,12m,low,no,no,2.0,2.0,3.0,1.0,unknown,disease_concern,18-29
2056,m02057,2016-10-09,17,male,student,unmarried,Grad,172.0,65.0,hanoi,21.97133586,yes,>24mo,<12mo,symptoms,no,no,yes,yes,yes,yes ,no,yes,no,never,yes,yes,yes,yes,yes,yes,allsoon,1.0,1.0,2.0,1.0,1.0,selfstudy,quite,18m,low,maybe,maybe,1.0,1.0,2.0,3.0,unknown,disease_concern,<18
2057,m02058,2016-10-09,29,female,stable,married,Grad,158.0,55.0,hanoi,22.03172568,yes,<12mo,<12mo,symptoms,no,no,yes,yes,no,yes ,no,yes,yes,never,yes,yes,yes,yes,yes,yes,allsoon,5.0,2.0,1.0,3.0,5.0,askrel,quite,12m,low,maybe,maybe,3.0,2.0,1.0,3.0,unknown,disease_concern,18-29
2058,m02059,2016-10-02,30,female,stable,married,Grad,158.0,49.0,hanoi,19.6282647,yes,<12mo,>24mo,symptoms,no,no,no,yes,no,yes ,no,yes,yes,never,yes,yes,yes,yes,yes,yes,allsoon,4.0,4.0,5.0,3.0,5.0,clinic,quite,6m,low,yes,maybe,5.0,1.0,3.0,1.0,unknown,disease_concern,30-39
2059,m02060,2016-10-09,29,female,stable,unmarried,Grad,156.0,46.0,hanoi,18.90203813,yes,<12mo,<12mo,symptoms,no,no,no,yes,no,yes ,no,yes,yes,never,yes,yes,yes,yes,yes,yes,allsoon,5.0,3.0,2.0,3.0,5.0,clinic,quite,12m,low,maybe,maybe,2.0,2.0,2.0,1.0,unknown,disease_concern,18-29
2060,m02061,2016-10-09,21,male,unstable,unmarried,Middle,160.0,50.0,namdinh,19.53125,no,unknown,unknown,request,no,yes,yes,yes,yes,no,no,no,no,never,never,yes,no,no,no,no,partly ,3.0,3.0,3.0,2.0,2.0,selfstudy,unknown,g18m,hi,maybe,maybe,5.0,4.0,5.0,5.0,unknown,disease_concern,18-29
2061,m02062,2016-10-09,26,female,stable,unmarried,Grad,161.0,51.0,hanoi,19.67516685,yes,<12mo,<12mo,request,yes,yes,no,no,yes,yes ,yes,yes,yes,never,never,yes,no,no,yes,yes,allsoon,3.0,3.0,3.0,3.0,3.0,clinic,good,6m,hi,yes,yes,4.0,3.0,3.0,3.0,210,disease_concern,18-29
2062,m02063,2016-10-09,57,female,housewife,married,Grad,157.0,40.0,hanoi,16.22783886,yes,unknown,unknown,symptoms,no,no,no,no,no,yes ,no,no,yes,never,never,yes,yes,no,yes,no,allsoon,3.5,3.5,3.5,3.5,3.5,clinic,quite,12m,med,yes,yes,3.0,1.0,1.0,2.0,unknown,symptoms,>=50
2063,m02064,2016-10-09,35,male,stable,married,Grad,175.0,70.0,hanoi,22.85714286,yes,<12mo,unknown,symptoms,no,no,no,no,yes,no,yes,no,no,never,yes,no,no,yes,no,no,allsoon,2.0,5.0,3.0,5.0,4.0,clinic,unknown,6m,med,yes,maybe,4.0,4.0,4.0,5.0,120,symptoms,30-39
2064,m02065,2016-10-09,34,female,stable,married,Grad,153.0,50.0,quangninh,21.35930625,yes,unknown,unknown,symptoms,yes,yes,no,no,no,no,yes,no,no,never,yes,no,no,no,no,no,allsoon,3.5,3.5,3.5,3.5,3.5,askrel,quite,6m,low,yes,yes,1.0,1.0,1.0,1.0,60,disease_concern,30-39
2065,m02066,2016-10-08,18,male,student,unmarried,Grad,177.0,66.0,hatinh,21.06674327,yes,<12mo,<12mo,symptoms,no,no,no,no,no,yes ,yes,yes,yes,yes,yes,yes,yes,yes,yes,yes,allsoon,3.5,3.5,3.5,3.5,3.5,clinic,good,6m,hi,no,yes,3.0,2.5,3.0,3.0,75,disease_concern,18-29
2066,m02067,2016-10-09,38,female,stable,married,PostGrad,156.0,53.0,phutho,21.77843524,yes,12-24mo,12-24mo,volunteer,no,no,no,no,yes,yes ,no,no,no,never,never,yes,yes,no,no,no,allsoon,5.0,5.0,5.0,4.0,5.0,clinic,good,6m,low,yes,yes,5.0,5.0,4.0,5.0,60,disease_concern,30-39
2067,m02068,2016-10-09,52,female,stable,married,Grad,154.0,50.0,hanoi,21.08281329,yes,<12mo,<12mo,volunteer,yes,no,no,no,yes,yes ,yes,no,no,never,never,yes,yes,yes,yes,no,allsoon,3.5,3.5,3.5,3.5,3.5,clinic,good,6m,med,yes,yes,3.0,2.5,3.0,3.0,200,symptoms,>=50
